DateTime,Location,Gender,Res1,Res2
2017-12-17T01:46:00Z,Ames PD,M,0.046,0.046
2017-12-14T03:30:00Z,ISU PD,F,0.12100000000000001,0.12000000000000001
2017-12-10T05:04:00Z,ISU PD,F,0.068,0.067
2017-12-10T03:13:00Z,ISU PD,F,0.07700000000000001,0.07700000000000001
2017-12-09T02:35:00Z,ISU PD,M,0.085,0.084
2017-12-09T01:23:00Z,Ames PD,M,0.16,0.161
2017-12-07T03:23:00Z,Ames PD,M,0.131,0.131
2017-12-04T01:46:00Z,ISU PD,M,0,0
2017-12-03T01:14:00Z,Ames PD,M,0.091,0.09
2017-12-03T00:56:00Z,Ames PD,M,0.095,0.095
2017-12-02T01:26:00Z,Ames PD,M,0.15500000000000003,0.15500000000000003
2017-11-29T03:53:00Z,ISU PD,F,0.171,0.171
2017-11-21T03:02:00Z,ISU PD,F,0.05,0.051000000000000004
2017-11-17T18:22:00Z,ISU PD,M,0.17600000000000002,0.17600000000000002
2017-11-11T03:31:00Z,Ames PD,M,0.07200000000000001,0.07200000000000001
2017-11-11T02:50:00Z,ISU PD,M,0.094,0.093
2017-11-11T02:33:00Z,ISU PD,F,0.10600000000000001,0.10600000000000001
2017-11-10T03:03:00Z,ISU PD,M,0.14500000000000002,0.14400000000000002
2017-11-09T02:21:00Z,Ames PD,F,0.14800000000000002,0.14800000000000002
2017-11-08T03:34:00Z,ISU PD,F,0.11,0.11
2017-11-06T19:52:00Z,Ames PD,F,0,0
2017-11-05T02:03:00Z,ISU PD,M,0.15500000000000003,0.15500000000000003
2017-11-05T00:17:00Z,Ames PD,M,0.114,0.113
2017-11-04T03:11:00Z,Ames PD,M,0.10700000000000001,0.10700000000000001
2017-11-03T03:12:00Z,ISU PD,M,0,0
2017-11-02T02:18:00Z,Ames PD,M,0,0
2017-10-29T05:15:00Z,Ames PD,F,0.164,0.164
2017-10-29T04:46:00Z,ISU PD,M,0.101,0.101
2017-10-29T04:17:00Z,Ames PD,M,0.116,0.116
2017-10-29T03:05:00Z,ISU PD,F,0.1,0.09899999999999999
2017-10-28T19:01:00Z,Ames PD,M,0.119,0.12000000000000001
2017-10-28T03:13:00Z,ISU PD,M,0.164,0.163
2017-10-28T02:57:00Z,Ames PD,M,0.10300000000000001,0.10300000000000001
2017-10-28T02:31:00Z,Ames PD,F,0,0
2017-10-28T02:22:00Z,ISU PD,M,0.134,0.134
2017-10-27T21:12:00Z,Ames PD,M,0.025,0.025
2017-10-26T03:38:00Z,Ames PD,M,0.136,0.136
2017-10-24T18:41:00Z,Ames PD,M,0.10700000000000001,0.10600000000000001
2017-10-24T15:03:00Z,Ames PD,M,0,0
2017-10-22T04:46:00Z,ISU PD,F,0.15600000000000003,0.15500000000000003
2017-10-22T02:34:00Z,ISU PD,M,0.14,0.139
2017-10-21T02:44:00Z,ISU PD,M,0,0
2017-10-21T02:12:00Z,ISU PD,M,0.17700000000000002,0.17700000000000002
2017-10-20T05:14:00Z,ISU PD,NA,0.053000000000000005,0.053000000000000005
2017-10-20T02:47:00Z,ISU PD,F,0.136,0.135
2017-10-17T04:41:00Z,ISU PD,M,0.003,0.003
2017-10-16T01:25:00Z,ISU PD,M,0,0
2017-10-15T03:47:00Z,Ames PD,M,0.14400000000000002,0.14300000000000002
2017-10-15T02:05:00Z,Ames PD,M,0.138,0.137
2017-10-13T03:44:00Z,ISU PD,M,0.138,0.138
2017-10-12T12:16:00Z,Ames PD,M,0.169,0.168
2017-10-12T02:56:00Z,ISU PD,F,0.093,0.092
2017-10-12T01:55:00Z,Ames PD,M,0.17500000000000002,0.17500000000000002
2017-10-11T02:13:00Z,ISU PD,M,0.07400000000000001,0.07200000000000001
2017-10-10T22:53:00Z,Ames PD,M,0.111,0.111
2017-10-08T10:32:00Z,Ames PD,M,0.041,0.04
2017-10-08T02:24:00Z,ISU PD,M,0.16,0.15900000000000003
2017-10-07T21:08:00Z,Ames PD,M,0.15200000000000002,0.15200000000000002
2017-10-07T02:22:00Z,Ames PD,M,0.119,0.12000000000000001
2017-10-07T01:58:00Z,Ames PD,NA,0.199,0.198
2017-10-06T02:16:00Z,Ames PD,F,0.07800000000000001,0.07700000000000001
2017-10-01T07:00:00Z,ISU PD,M,0.168,0.167
2017-09-30T05:03:00Z,ISU PD,M,0.101,0.1
2017-09-30T03:09:00Z,ISU PD,F,0.14100000000000001,0.14100000000000001
2017-09-29T00:08:00Z,ISU PD,F,0.14400000000000002,0.14500000000000002
2017-09-22T02:06:00Z,ISU PD,F,0.181,0.181
2017-09-22T01:28:00Z,Ames PD,M,0.098,0.097
2017-09-21T03:15:00Z,ISU PD,M,0.109,0.10800000000000001
2017-09-17T02:31:00Z,ISU PD,M,0.184,0.183
2017-09-16T03:44:00Z,Ames PD,M,0.15400000000000003,0.15300000000000002
2017-09-16T02:32:00Z,ISU PD,M,0.14700000000000002,0.14600000000000002
2017-09-10T03:46:00Z,Ames PD,M,0.18,0.17900000000000002
2017-09-10T02:15:00Z,Ames PD,M,0.036,0.036
2017-09-10T01:20:00Z,ISU PD,M,0.092,0.091
2017-09-09T17:21:00Z,ISU PD,M,0.184,0.183
2017-09-06T03:10:00Z,ISU PD,M,0.10700000000000001,0.10600000000000001
2017-09-04T03:31:00Z,Ames PD,F,0.136,0.136
2017-09-03T02:47:00Z,Ames PD,M,0.14400000000000002,0.14400000000000002
2017-09-02T21:53:00Z,ISU PD,M,0.20900000000000002,0.20900000000000002
2017-09-02T20:46:00Z,ISU PD,M,0.167,0.168
2017-09-02T03:42:00Z,ISU PD,M,0.118,0.117
2017-09-02T01:22:00Z,Ames PD,M,0.234,0.233
2017-09-01T20:25:00Z,Ames PD,M,0.306,0.306
2017-09-01T03:11:00Z,ISU PD,M,0.126,0.125
2017-08-27T03:23:00Z,Ames PD,M,0.224,0.223
2017-08-27T03:02:00Z,ISU PD,M,0,0
2017-08-25T01:55:00Z,ISU PD,F,0.14600000000000002,0.14600000000000002
2017-08-24T03:06:00Z,ISU PD,F,0.133,0.132
2017-08-24T02:11:00Z,Ames PD,M,0.131,0.13
2017-08-24T02:05:00Z,ISU PD,F,0.191,0.19
2017-08-20T03:44:00Z,Ames PD,M,0.14600000000000002,0.14400000000000002
2017-08-19T13:46:00Z,ISU PD,F,0.032,0.031
2017-08-18T00:51:00Z,ISU PD,M,0.088,0.088
2017-08-17T04:04:00Z,ISU PD,M,0.187,0.185
2017-08-17T03:20:00Z,ISU PD,M,0.135,0.134
2017-08-17T02:43:00Z,Ames PD,M,0.17500000000000002,0.17500000000000002
2017-08-13T02:37:00Z,ISU PD,M,0.15400000000000003,0.15300000000000002
2017-08-13T02:08:00Z,ISU PD,M,0.14,0.139
2017-08-12T23:24:00Z,ISU PD,F,0.081,0.08
2017-08-12T04:15:00Z,Ames PD,M,0.127,0.127
2017-08-12T03:17:00Z,ISU PD,M,0.129,0.128
2017-08-12T02:01:00Z,ISU PD,F,0.17800000000000002,0.17800000000000002
2017-08-12T00:35:00Z,Ames PD,M,0.23,0.23
2017-08-11T22:18:00Z,Ames PD,F,0.169,0.169
2017-08-10T01:16:00Z,ISU PD,M,0.202,0.202
2017-08-08T23:08:00Z,Ames PD,F,0.258,0.257
2017-08-06T04:48:00Z,ISU PD,F,0.10700000000000001,0.10700000000000001
2017-08-06T02:27:00Z,Ames PD,M,0,0
2017-08-06T01:40:00Z,ISU PD,M,0,0
2017-08-04T03:51:00Z,ISU PD,M,0.093,0.092
2017-08-02T03:35:00Z,ISU PD,M,0.10200000000000001,0.10200000000000001
2017-07-25T01:22:00Z,Ames PD,F,0,0
2017-07-23T03:15:00Z,ISU PD,M,0.12000000000000001,0.119
2017-07-18T00:47:00Z,Ames PD,M,0,0
2017-07-15T02:57:00Z,ISU PD,M,0.061,0.06
2017-07-13T03:32:00Z,ISU PD,M,0.15000000000000002,0.14900000000000002
2017-07-12T23:00:00Z,Ames PD,M,0.052000000000000005,0.052000000000000005
2017-07-06T04:05:00Z,Ames PD,M,0.137,0.136
2017-07-04T03:32:00Z,ISU PD,M,0.092,0.091
2017-07-01T00:48:00Z,Ames PD,M,0.16,0.15900000000000003
2017-06-25T03:57:00Z,ISU PD,M,0.088,0.08700000000000001
2017-06-25T03:49:00Z,ISU PD,M,0.093,0.094
2017-06-24T18:43:00Z,Ames PD,M,0.138,0.137
2017-06-24T03:49:00Z,ISU PD,M,0.273,0.272
2017-06-18T02:00:00Z,Ames PD,M,0.06899999999999999,0.068
2017-06-13T00:31:00Z,Ames PD,M,0.049,0.049
2017-06-11T02:40:00Z,Ames PD,M,0.161,0.161
2017-06-11T00:35:00Z,Ames PD,M,0.193,0.192
2017-06-09T00:02:00Z,Ames PD,M,0,0
2017-06-06T01:48:00Z,ISU PD,M,0.047,0.047
2017-06-04T03:13:00Z,Ames PD,M,0.161,0.161
2017-05-30T19:31:00Z,Ames PD,F,0.267,0.266
2017-05-28T18:03:00Z,Ames PD,M,0.189,0.189
2017-05-28T04:07:00Z,ISU PD,F,0.14300000000000002,0.14200000000000002
2017-05-28T01:28:00Z,ISU PD,M,0.117,0.117
2017-05-25T20:58:00Z,Ames PD,M,0.20800000000000002,0.20600000000000002
2017-05-22T09:40:00Z,Ames PD,M,0.29500000000000004,0.29500000000000004
2017-05-21T04:37:00Z,ISU PD,M,0.135,0.135
2017-05-21T02:38:00Z,ISU PD,F,0.084,0.083
2017-05-20T04:12:00Z,ISU PD,M,0.14200000000000002,0.14100000000000001
2017-05-19T02:04:00Z,ISU PD,M,0.129,0.129
2017-05-17T16:33:00Z,Ames PD,F,0.17600000000000002,0.17700000000000002
2017-05-14T03:47:00Z,Ames PD,F,0.181,0.18
2017-05-13T19:40:00Z,ISU PD,M,0.192,0.192
2017-05-13T02:34:00Z,ISU PD,M,0.101,0.101
2017-05-12T02:20:00Z,ISU PD,F,0.082,0.081
2017-05-12T01:11:00Z,Ames PD,M,0.127,0.126
2017-05-11T02:35:00Z,ISU PD,F,0.07800000000000001,0.079
2017-05-10T03:27:00Z,ISU PD,M,0.065,0.064
2017-05-05T07:20:00Z,Ames PD,M,0.199,0.198
2017-05-03T15:46:00Z,Ames PD,M,0,0
2017-05-02T20:08:00Z,Ames PD,M,0.15800000000000003,0.15700000000000003
2017-04-30T04:45:00Z,ISU PD,M,0.10200000000000001,0.101
2017-04-29T03:17:00Z,ISU PD,F,0.15800000000000003,0.15600000000000003
2017-04-29T03:09:00Z,ISU PD,M,0.111,0.11
2017-04-29T03:04:00Z,Ames PD,M,0.091,0.09
2017-04-23T03:46:00Z,Ames PD,M,0.15800000000000003,0.15700000000000003
2017-04-23T02:06:00Z,ISU PD,NA,0.20400000000000001,0.203
2017-04-22T19:06:00Z,Ames PD,M,0.07300000000000001,0.07300000000000001
2017-04-22T02:54:00Z,ISU PD,M,0.12200000000000001,0.12200000000000001
2017-04-22T02:38:00Z,ISU PD,F,0.088,0.088
2017-04-21T02:10:00Z,ISU PD,M,0.133,0.132
2017-04-20T03:50:00Z,Ames PD,M,0.14800000000000002,0.14700000000000002
2017-04-20T02:33:00Z,Ames PD,M,0.125,0.12400000000000001
2017-04-15T04:23:00Z,ISU PD,M,0.198,0.197
2017-04-15T03:00:00Z,Ames PD,M,0.21400000000000002,0.21400000000000002
2017-04-13T10:01:00Z,Ames PD,M,0,0
2017-04-13T02:56:00Z,ISU PD,M,0.07100000000000001,0.07200000000000001
2017-04-13T02:15:00Z,ISU PD,F,0.101,0.1
2017-04-12T22:34:00Z,ISU PD,M,0,0
2017-04-12T21:32:00Z,Ames PD,F,0.17200000000000001,0.171
2017-04-12T11:51:00Z,Ames PD,NA,0,0
2017-04-12T09:53:00Z,ISU PD,NA,0,0
2017-04-12T01:48:00Z,Ames PD,F,0.096,0.095
2017-04-09T23:29:00Z,Ames PD,M,0.161,0.161
2017-04-09T02:54:00Z,Ames PD,M,0.14100000000000001,0.14
2017-04-09T01:18:00Z,ISU PD,M,0.028,0.028
2017-04-07T19:46:00Z,Ames PD,M,0.17300000000000001,0.17300000000000001
2017-04-07T02:27:00Z,Ames PD,F,0.18,0.17900000000000002
2017-04-07T01:58:00Z,Ames PD,M,0.193,0.192
2017-04-06T01:58:00Z,ISU PD,M,0.07,0.07
2017-04-05T21:43:00Z,Ames PD,M,0.07600000000000001,0.07600000000000001
2017-04-05T03:30:00Z,ISU PD,M,0.115,0.114
2017-04-02T02:19:00Z,ISU PD,M,0.059000000000000004,0.059000000000000004
2017-03-31T04:03:00Z,ISU PD,M,0,0
2017-03-31T03:14:00Z,ISU PD,M,0.092,0.092
2017-03-30T15:35:00Z,Ames PD,M,0,0
2017-03-30T15:19:00Z,Ames PD,M,0,0
2017-03-30T15:07:00Z,Ames PD,M,0,0
2017-03-30T02:45:00Z,ISU PD,M,0.12400000000000001,0.12400000000000001
2017-03-26T02:50:00Z,Ames PD,F,0.15700000000000003,0.15800000000000003
2017-03-26T02:02:00Z,ISU PD,M,0.088,0.088
2017-03-25T21:28:00Z,Ames PD,M,0.019,0.019
2017-03-25T02:59:00Z,Ames PD,M,0.046,0.046
2017-03-25T01:24:00Z,Ames PD,M,0.128,0.126
2017-03-24T03:12:00Z,ISU PD,M,0.07600000000000001,0.07500000000000001
2017-03-19T02:53:00Z,ISU PD,M,0.07600000000000001,0.07500000000000001
2017-03-18T03:00:00Z,Ames PD,M,0.10700000000000001,0.10600000000000001
2017-03-18T00:49:00Z,Ames PD,M,0.193,0.192
2017-03-18T00:00:00Z,Ames PD,M,0.14700000000000002,0.14700000000000002
2017-03-15T09:22:00Z,Ames PD,M,0.226,0.224
2017-03-11T03:29:00Z,ISU PD,M,0.14800000000000002,0.14600000000000002
2017-03-11T00:54:00Z,Ames PD,M,0.131,0.13
2017-03-09T01:08:00Z,Ames PD,M,0,0
2017-03-08T02:57:00Z,Ames PD,M,0.17800000000000002,0.17800000000000002
2017-03-06T02:01:00Z,ISU PD,M,0.109,0.10800000000000001
2017-03-04T04:13:00Z,ISU PD,F,0.07500000000000001,0.07400000000000001
2017-03-03T04:26:00Z,ISU PD,F,0.194,0.194
2017-03-03T03:06:00Z,Ames PD,M,0.136,0.135
2017-02-25T04:12:00Z,ISU PD,M,0.17900000000000002,0.17800000000000002
2017-02-25T03:16:00Z,ISU PD,F,0.115,0.114
2017-02-22T04:57:00Z,Ames PD,M,0.21900000000000003,0.21800000000000003
2017-02-22T04:30:00Z,ISU PD,M,0,0
2017-02-19T03:20:00Z,ISU PD,F,0.10600000000000001,0.10600000000000001
2017-02-19T01:07:00Z,ISU PD,F,0.10300000000000001,0.10300000000000001
2017-02-18T13:25:00Z,Ames PD,M,0,0
2017-02-18T03:50:00Z,ISU PD,M,0.14,0.14
2017-02-18T02:21:00Z,ISU PD,F,0.118,0.118
2017-02-17T03:22:00Z,Ames PD,F,0.15700000000000003,0.15700000000000003
2017-02-17T02:53:00Z,ISU PD,M,0.07700000000000001,0.07600000000000001
2017-02-16T01:23:00Z,ISU PD,M,0.15900000000000003,0.15800000000000003
2017-02-14T02:15:00Z,Ames PD,F,0.021,0.022
2017-02-12T02:51:00Z,Ames PD,F,0.17600000000000002,0.17500000000000002
2017-02-12T01:59:00Z,Ames PD,M,0.045,0.045
2017-02-11T01:23:00Z,ISU PD,M,0.095,0.095
2017-02-10T03:02:00Z,ISU PD,M,0.126,0.126
2017-02-06T23:35:00Z,Ames PD,M,0.059000000000000004,0.06
2017-02-05T02:55:00Z,ISU PD,F,0.112,0.112
2017-02-02T02:21:00Z,ISU PD,M,0.21400000000000002,0.21300000000000002
2017-01-28T23:22:00Z,Ames PD,M,0,0
2017-01-27T02:02:00Z,ISU PD,M,0.109,0.10700000000000001
2017-01-26T06:01:00Z,Ames PD,M,0,0
2017-01-26T05:55:00Z,Ames PD,M,0,0
2017-01-26T05:46:00Z,Ames PD,M,0,0
2017-01-25T15:41:00Z,Ames PD,M,0,0
2017-01-24T03:15:00Z,ISU PD,M,0,0
2017-01-23T19:26:00Z,Ames PD,M,0.138,0.137
2017-01-23T06:51:00Z,Ames PD,M,0,0
2017-01-23T02:49:00Z,Ames PD,M,0.112,0.111
2017-01-21T21:56:00Z,Ames PD,M,0.163,0.163
2017-01-21T02:59:00Z,ISU PD,M,0.165,0.164
2017-01-19T23:03:00Z,ISU PD,M,0,0
2017-01-19T05:23:00Z,ISU PD,M,0.095,0.095
2017-01-19T03:30:00Z,ISU PD,F,0.162,0.161
2017-01-17T03:21:00Z,Ames PD,NA,0.127,0.126
2017-01-16T03:26:00Z,ISU PD,M,0.171,0.171
2017-01-15T02:31:00Z,Ames PD,M,0.185,0.184
2017-01-15T02:14:00Z,Ames PD,M,0.15600000000000003,0.15600000000000003
2017-01-14T23:17:00Z,ISU PD,F,0.07700000000000001,0.07700000000000001
2017-01-14T02:21:00Z,ISU PD,M,0.137,0.136
2017-01-13T23:35:00Z,ISU PD,F,0.183,0.182
2017-01-13T03:55:00Z,ISU PD,M,0.14300000000000002,0.14200000000000002
2017-01-13T02:35:00Z,Ames PD,M,0.17500000000000002,0.17400000000000002
2017-01-11T04:15:00Z,ISU PD,M,0,0
2017-01-09T01:38:00Z,ISU PD,M,0,0
2017-01-08T03:38:00Z,ISU PD,M,0.094,0.093
2017-01-07T22:29:00Z,Ames PD,M,0,0
2017-01-04T20:10:00Z,Ames PD,M,0.192,0.192
2017-01-03T02:11:00Z,Ames PD,M,0,0
2017-01-02T02:23:00Z,Ames PD,M,0.054000000000000006,0.053000000000000005
2016-12-30T21:25:00Z,Ames PD,M,0.10800000000000001,0.10700000000000001
2016-12-26T03:00:00Z,ISU PD,M,0.185,0.184
2016-12-20T01:07:00Z,ISU PD,M,0.003,0.005
2016-12-17T04:28:00Z,Ames PD,M,0.092,0.091
2016-12-16T02:46:00Z,ISU PD,M,0.129,0.129
2016-12-08T22:26:00Z,Ames PD,M,0.15700000000000003,0.15700000000000003
2016-12-08T18:14:00Z,Ames PD,F,0.1,0.1
2016-12-07T02:59:00Z,Ames PD,M,0.21800000000000003,0.21700000000000003
2016-12-03T19:30:00Z,Ames PD,M,0.21500000000000002,0.21500000000000002
2016-12-03T17:02:00Z,Ames PD,F,0,0
2016-12-03T03:59:00Z,ISU PD,F,0.089,0.088
2016-12-03T02:22:00Z,ISU PD,M,0.163,0.163
2016-12-01T04:21:00Z,ISU PD,F,0.167,0.166
2016-12-01T00:51:00Z,Ames PD,F,0.15400000000000003,0.15300000000000002
2016-11-27T05:19:00Z,Ames PD,M,0.13,0.13
2016-11-27T04:29:00Z,ISU PD,M,0.118,0.118
2016-11-25T07:05:00Z,Ames PD,F,0.065,0.065
2016-11-20T02:29:00Z,ISU PD,M,0.07800000000000001,0.07800000000000001
2016-11-18T03:39:00Z,Ames PD,M,0.097,0.097
2016-11-16T03:21:00Z,Ames PD,NA,0.16,0.15900000000000003
2016-11-14T01:56:00Z,Ames PD,NA,0.17,0.17
2016-11-13T04:06:00Z,ISU PD,M,0.049,0.049
2016-11-12T03:57:00Z,Ames PD,F,0.166,0.165
2016-11-12T03:15:00Z,ISU PD,F,0.07800000000000001,0.07700000000000001
2016-11-12T02:30:00Z,ISU PD,F,0.034,0.034
2016-11-07T19:19:00Z,ISU PD,M,0.24900000000000003,0.24800000000000003
2016-11-06T11:25:00Z,Ames PD,M,0.127,0.127
2016-11-06T02:44:00Z,ISU PD,F,0.162,0.161
2016-11-06T01:31:00Z,Ames PD,M,0.011,0.011
2016-11-05T02:49:00Z,ISU PD,M,0.136,0.136
2016-11-04T01:59:00Z,Ames PD,M,0.182,0.181
2016-11-02T02:28:00Z,ISU PD,M,0,0
2016-10-30T05:54:00Z,Ames PD,M,0.198,0.198
2016-10-30T02:51:00Z,Ames PD,M,0.098,0.097
2016-10-30T02:26:00Z,ISU PD,M,0,0
2016-10-30T01:46:00Z,Ames PD,M,0.098,0.098
2016-10-29T03:50:00Z,ISU PD,M,0.14800000000000002,0.14800000000000002
2016-10-28T22:34:00Z,Ames PD,M,0,0
2016-10-28T03:27:00Z,ISU PD,F,0.094,0.093
2016-10-28T03:04:00Z,ISU PD,M,0.12300000000000001,0.12300000000000001
2016-10-28T02:30:00Z,Ames PD,M,0.092,0.092
2016-10-25T02:24:00Z,ISU PD,M,0,0
2016-10-23T04:07:00Z,Ames PD,M,0.081,0.08
2016-10-23T03:10:00Z,Ames PD,M,0.125,0.12400000000000001
2016-10-17T15:28:00Z,Ames PD,F,0.24700000000000003,0.24700000000000003
2016-10-16T02:35:00Z,ISU PD,M,0.134,0.134
2016-10-15T18:02:00Z,Ames PD,F,0.228,0.228
2016-10-14T03:33:00Z,Ames PD,M,0.135,0.134
2016-10-09T03:36:00Z,ISU PD,F,0.14300000000000002,0.14200000000000002
2016-10-08T00:10:00Z,Ames PD,M,0.052000000000000005,0.051000000000000004
2016-10-02T04:13:00Z,Ames PD,M,0.117,0.117
2016-10-02T01:24:00Z,Ames PD,M,0,0
2016-09-30T02:43:00Z,ISU PD,M,0.169,0.169
2016-09-30T01:51:00Z,ISU PD,M,0,0
2016-09-27T20:48:00Z,Ames PD,M,0.258,0.257
2016-09-25T04:04:00Z,Ames PD,M,0.128,0.127
2016-09-25T03:29:00Z,ISU PD,F,0.168,0.167
2016-09-24T04:06:00Z,Ames PD,M,0.127,0.127
2016-09-24T03:54:00Z,Ames PD,F,0.21100000000000002,0.21100000000000002
2016-09-24T03:49:00Z,ISU PD,M,0.14100000000000001,0.14
2016-09-24T02:31:00Z,ISU PD,M,0.117,0.117
2016-09-24T02:04:00Z,ISU PD,F,0.168,0.167
2016-09-24T01:30:00Z,ISU PD,F,0.15600000000000003,0.15500000000000003
2016-09-18T04:38:00Z,Ames PD,M,0.047,0.047
2016-09-18T03:24:00Z,ISU PD,M,0.15300000000000002,0.15300000000000002
2016-09-17T03:43:00Z,ISU PD,M,0.132,0.13
2016-09-16T21:07:00Z,Ames PD,F,0.25,0.24800000000000003
2016-09-16T04:47:00Z,Ames PD,M,0.21000000000000002,0.20900000000000002
2016-09-12T02:48:00Z,ISU PD,M,0.089,0.088
2016-09-12T02:00:00Z,ISU PD,M,0.17700000000000002,0.17600000000000002
2016-09-11T03:46:00Z,ISU PD,M,0.131,0.131
2016-09-11T02:05:00Z,Ames PD,M,0.23500000000000001,0.234
2016-09-10T04:06:00Z,ISU PD,M,0.23500000000000001,0.234
2016-09-10T01:52:00Z,Ames PD,M,0.21600000000000003,0.21500000000000002
2016-09-08T05:03:00Z,ISU PD,M,0.16,0.15900000000000003
2016-09-06T03:21:00Z,Ames PD,M,0.20900000000000002,0.20900000000000002
2016-09-05T23:57:00Z,ISU PD,M,0.15300000000000002,0.15200000000000002
2016-09-04T03:18:00Z,ISU PD,M,0.133,0.133
2016-09-04T03:04:00Z,ISU PD,M,0.07800000000000001,0.07800000000000001
2016-09-03T03:26:00Z,ISU PD,M,0.046,0.045
2016-09-03T03:20:00Z,Ames PD,M,0.164,0.164
2016-09-03T01:39:00Z,ISU PD,F,0.056,0.056
2016-09-02T20:49:00Z,Ames PD,M,0,0
2016-09-02T03:03:00Z,Ames PD,M,0.109,0.109
2016-09-02T01:33:00Z,Ames PD,F,0.07,0.07
2016-08-28T20:22:00Z,ISU PD,M,0.019,0.019
2016-08-28T12:56:00Z,Ames PD,M,0.17,0.169
2016-08-28T02:13:00Z,Ames PD,M,0.191,0.19
2016-08-28T01:20:00Z,ISU PD,M,0,0
2016-08-28T01:13:00Z,Ames PD,M,0.14700000000000002,0.14600000000000002
2016-08-27T23:37:00Z,Ames PD,F,0.044,0.043000000000000003
2016-08-27T05:30:00Z,ISU PD,M,0.08600000000000001,0.08600000000000001
2016-08-27T03:07:00Z,Ames PD,M,0.15900000000000003,0.15900000000000003
2016-08-26T02:42:00Z,Ames PD,F,0.161,0.16
2016-08-24T02:58:00Z,Ames PD,M,0.191,0.19
2016-08-24T01:55:00Z,Ames PD,F,0.18,0.17900000000000002
2016-08-21T06:22:00Z,ISU PD,M,0.109,0.109
2016-08-21T02:52:00Z,Ames PD,F,0.15100000000000002,0.15100000000000002
2016-08-20T03:29:00Z,ISU PD,F,0.199,0.198
2016-08-20T03:09:00Z,ISU PD,F,0.088,0.08700000000000001
2016-08-19T03:25:00Z,ISU PD,M,0.036,0.034999999999999996
2016-08-17T18:50:00Z,Ames PD,M,0,0
2016-08-17T01:33:00Z,ISU PD,M,0.027,0.027
2016-08-13T03:47:00Z,ISU PD,NA,0.08600000000000001,0.085
2016-08-12T05:55:00Z,Ames PD,M,0.17400000000000002,0.17400000000000002
2016-08-11T05:15:00Z,Ames PD,M,0,0
2016-08-10T05:18:00Z,Ames PD,M,0,0
2016-08-10T03:01:00Z,ISU PD,M,0.12200000000000001,0.12300000000000001
2016-08-09T04:18:00Z,ISU PD,M,0,0
2016-08-06T03:51:00Z,ISU PD,F,0.042,0.042
2016-08-06T03:19:00Z,Ames PD,F,0.14300000000000002,0.14300000000000002
2016-08-06T00:48:00Z,ISU PD,M,0.037,0.037
2016-08-05T02:58:00Z,ISU PD,M,0.14400000000000002,0.14400000000000002
2016-08-04T02:50:00Z,ISU PD,M,0.119,0.119
2016-08-04T00:40:00Z,Ames PD,F,0.21100000000000002,0.21100000000000002
2016-08-03T02:28:00Z,ISU PD,M,0.195,0.193
2016-08-03T00:28:00Z,Ames PD,M,0.056,0.055
2016-07-31T01:36:00Z,ISU PD,F,0.161,0.16
2016-07-29T03:32:00Z,ISU PD,M,0.09899999999999999,0.09899999999999999
2016-07-29T02:56:00Z,ISU PD,M,0.10500000000000001,0.10400000000000001
2016-07-29T02:29:00Z,ISU PD,F,0.129,0.129
2016-07-28T01:08:00Z,ISU PD,M,0.049,0.049
2016-07-26T00:16:00Z,ISU PD,M,0,0
2016-07-23T01:45:00Z,Ames PD,F,0.223,0.222
2016-07-20T03:27:00Z,ISU PD,M,0.191,0.19
2016-07-19T05:27:00Z,ISU PD,M,0.15900000000000003,0.15900000000000003
2016-07-13T00:18:00Z,ISU PD,F,0.14600000000000002,0.14400000000000002
2016-07-12T03:20:00Z,ISU PD,M,0.048,0.047
2016-07-10T03:18:00Z,ISU PD,F,0.1,0.09899999999999999
2016-07-08T02:57:00Z,ISU PD,M,0.115,0.115
2016-07-07T01:48:00Z,ISU PD,M,0.132,0.132
2016-07-04T03:00:00Z,ISU PD,M,0,0
2016-07-03T02:00:00Z,ISU PD,M,0.10300000000000001,0.10400000000000001
2016-07-02T02:20:00Z,Ames PD,F,0,0
2016-07-01T00:19:00Z,Ames PD,M,0.192,0.192
2016-06-30T02:29:00Z,Ames PD,M,0.186,0.185
2016-06-29T16:07:00Z,Ames PD,NA,0,0
2016-06-26T04:07:00Z,ISU PD,M,0.125,0.12400000000000001
2016-06-26T00:58:00Z,ISU PD,F,0.161,0.16
2016-06-25T10:11:00Z,Ames PD,M,0,0
2016-06-25T02:19:00Z,ISU PD,M,0.17400000000000002,0.17400000000000002
2016-06-24T02:58:00Z,Ames PD,F,0.112,0.112
2016-06-23T02:51:00Z,ISU PD,M,0.128,0.128
2016-06-22T09:07:00Z,Ames PD,M,0,0
2016-06-21T04:07:00Z,Ames PD,M,0.16,0.15900000000000003
2016-06-21T01:51:00Z,ISU PD,M,0.118,0.118
2016-06-20T23:33:00Z,Ames PD,F,0.167,0.166
2016-06-19T03:15:00Z,ISU PD,M,0.12400000000000001,0.12400000000000001
2016-06-19T02:10:00Z,ISU PD,M,0.15200000000000002,0.15200000000000002
2016-06-19T01:53:00Z,Ames PD,M,0.201,0.2
2016-06-17T23:21:00Z,Ames PD,F,0,0
2016-06-15T04:23:00Z,Ames PD,M,0.118,0.117
2016-06-11T01:33:00Z,ISU PD,F,0,0
2016-06-11T00:47:00Z,Ames PD,M,0.09,0.089
2016-06-10T20:17:00Z,Ames PD,F,0.231,0.23
2016-06-09T20:01:00Z,Ames PD,F,0.259,0.258
2016-06-09T02:13:00Z,Ames PD,NA,0.07300000000000001,0.07300000000000001
2016-06-04T02:49:00Z,Ames PD,M,0.15300000000000002,0.15100000000000002
2016-06-04T02:02:00Z,Ames PD,M,0.091,0.091
2016-06-04T01:23:00Z,ISU PD,M,0.07800000000000001,0.07800000000000001
2016-06-03T22:55:00Z,Ames PD,F,0.18,0.17900000000000002
2016-06-03T01:42:00Z,Ames PD,M,0.037,0.036
2016-06-02T02:38:00Z,ISU PD,F,0.10200000000000001,0.10200000000000001
2016-06-01T02:25:00Z,Ames PD,M,0.14200000000000002,0.14100000000000001
2016-05-30T20:52:00Z,Ames PD,F,0,0
2016-05-29T03:17:00Z,Ames PD,F,0.181,0.18
2016-05-29T01:33:00Z,ISU PD,M,0.07400000000000001,0.07400000000000001
2016-05-28T05:09:00Z,ISU PD,F,0.10400000000000001,0.10400000000000001
2016-05-28T03:46:00Z,Ames PD,F,0.10800000000000001,0.10800000000000001
2016-05-25T18:31:00Z,Ames PD,M,0.169,0.169
2016-05-25T03:03:00Z,Ames PD,M,0,0
2016-05-25T02:27:00Z,Ames PD,M,0.098,0.098
2016-05-24T23:21:00Z,ISU PD,M,0.10700000000000001,0.10800000000000001
2016-05-22T02:04:00Z,ISU PD,M,0.07200000000000001,0.07100000000000001
2016-05-21T03:10:00Z,ISU PD,M,0.07300000000000001,0.07200000000000001
2016-05-21T02:48:00Z,Ames PD,M,0.188,0.187
2016-05-21T01:58:00Z,Ames PD,M,0.111,0.111
2016-05-15T02:39:00Z,Ames PD,M,0.15400000000000003,0.15400000000000003
2016-05-12T02:44:00Z,Ames PD,M,0.07500000000000001,0.07400000000000001
2016-05-08T03:53:00Z,ISU PD,M,0.14500000000000002,0.14500000000000002
2016-05-07T03:03:00Z,ISU PD,M,0.063,0.061
2016-05-07T02:44:00Z,ISU PD,F,0.17600000000000002,0.17500000000000002
2016-05-07T01:54:00Z,Ames PD,M,0,0
2016-05-06T20:20:00Z,Ames PD,M,0.135,0.134
2016-05-06T03:18:00Z,Ames PD,M,0.031,0.03
2016-05-02T14:58:00Z,Ames PD,M,0,0
2016-05-02T12:51:00Z,Ames PD,NA,0,0
2016-05-02T10:24:00Z,ISU PD,NA,0,0
2016-04-30T02:48:00Z,ISU PD,M,0.169,0.169
2016-04-29T01:29:00Z,Ames PD,M,0,0
2016-04-27T02:09:00Z,Ames PD,M,0.034,0.033
2016-04-26T17:17:00Z,Ames PD,F,0.303,0.302
2016-04-24T02:17:00Z,ISU PD,M,0.022,0.023
2016-04-21T00:08:00Z,Ames PD,M,0,0
2016-04-19T19:35:00Z,Ames PD,M,0,0
2016-04-18T01:10:00Z,Ames PD,M,0.083,0.083
2016-04-17T03:22:00Z,ISU PD,M,0.098,0.098
2016-04-17T02:50:00Z,Ames PD,M,0.232,0.231
2016-04-16T23:30:00Z,Ames PD,F,0.135,0.136
2016-04-16T23:01:00Z,Ames PD,F,0.14200000000000002,0.14200000000000002
2016-04-16T02:41:00Z,ISU PD,F,0.20800000000000002,0.20900000000000002
2016-04-16T01:20:00Z,ISU PD,M,0.13,0.13
2016-04-13T01:37:00Z,ISU PD,M,0.183,0.182
2016-04-12T03:26:00Z,ISU PD,F,0.197,0.197
2016-04-10T03:46:00Z,ISU PD,F,0.196,0.196
2016-04-09T12:28:00Z,Ames PD,M,0,0
2016-04-09T02:34:00Z,Ames PD,M,0.186,0.185
2016-04-04T00:24:00Z,Ames PD,F,0,0
2016-04-03T02:39:00Z,ISU PD,F,0.15300000000000002,0.15200000000000002
2016-03-29T19:49:00Z,Ames PD,M,0,0
2016-03-28T03:00:00Z,Ames PD,M,0.139,0.139
2016-03-27T03:11:00Z,Ames PD,M,0.10500000000000001,0.10500000000000001
2016-03-26T02:12:00Z,ISU PD,M,0.126,0.126
2016-03-25T21:38:00Z,Ames PD,M,0.2,0.2
2016-03-25T16:26:00Z,Ames PD,F,0.17800000000000002,0.17700000000000002
2016-03-23T03:28:00Z,Ames PD,M,0.12100000000000001,0.12100000000000001
2016-03-23T02:21:00Z,ISU PD,F,0.164,0.164
2016-03-21T02:31:00Z,ISU PD,M,0.109,0.109
2016-03-20T02:50:00Z,Ames PD,M,0,0
2016-03-20T02:31:00Z,Ames PD,M,0.167,0.166
2016-03-19T04:11:00Z,Ames PD,M,0.167,0.166
2016-03-19T03:41:00Z,Ames PD,M,0.14100000000000001,0.14
2016-03-18T02:31:00Z,Ames PD,F,0.225,0.224
2016-03-17T03:05:00Z,Ames PD,M,0.12400000000000001,0.12400000000000001
2016-03-14T01:02:00Z,Ames PD,M,0.224,0.224
2016-03-11T02:58:00Z,Ames PD,F,0.14400000000000002,0.14400000000000002
2016-03-11T02:13:00Z,Ames PD,F,0.188,0.188
2016-03-06T20:08:00Z,Ames PD,M,0.117,0.116
2016-03-06T03:41:00Z,Ames PD,F,0.15800000000000003,0.15700000000000003
2016-03-06T01:52:00Z,Ames PD,M,0.15400000000000003,0.15400000000000003
2016-03-05T22:21:00Z,ISU PD,M,0.07,0.07
2016-03-04T02:50:00Z,ISU PD,M,0,0
2016-03-04T02:04:00Z,ISU PD,M,0.097,0.097
2016-02-27T03:26:00Z,Ames PD,M,0.15600000000000003,0.15400000000000003
2016-02-27T03:09:00Z,ISU PD,F,0.07100000000000001,0.07100000000000001
2016-02-26T21:55:00Z,Ames PD,M,0.23500000000000001,0.234
2016-02-26T08:27:00Z,Ames PD,F,0.127,0.126
2016-02-26T02:51:00Z,ISU PD,F,0.183,0.183
2016-02-24T21:59:00Z,Ames PD,F,0.164,0.164
2016-02-21T03:12:00Z,ISU PD,F,0.117,0.116
2016-02-20T02:23:00Z,ISU PD,M,0.12300000000000001,0.12200000000000001
2016-02-16T02:30:00Z,Ames PD,F,0.187,0.187
2016-02-14T15:23:00Z,Ames PD,M,0.195,0.195
2016-02-13T03:36:00Z,ISU PD,F,0.182,0.181
2016-02-13T02:41:00Z,Ames PD,M,0.06899999999999999,0.06899999999999999
2016-02-07T00:44:00Z,ISU PD,M,0.17200000000000001,0.17200000000000001
2016-02-06T02:29:00Z,ISU PD,M,0.165,0.164
2016-02-05T02:41:00Z,ISU PD,M,0.10500000000000001,0.10300000000000001
2016-02-01T02:03:00Z,ISU PD,M,0.08700000000000001,0.08700000000000001
2016-01-30T03:44:00Z,Ames PD,M,0.15300000000000002,0.15200000000000002
2016-01-28T04:12:00Z,ISU PD,M,0.10200000000000001,0.10200000000000001
2016-01-24T03:01:00Z,Ames PD,M,0.14400000000000002,0.14400000000000002
2016-01-23T02:37:00Z,ISU PD,M,0.062,0.062
2016-01-22T02:37:00Z,ISU PD,M,0.20600000000000002,0.20600000000000002
2016-01-19T04:08:00Z,Ames PD,M,0.064,0.064
2016-01-17T05:12:00Z,ISU PD,M,0.085,0.084
2016-01-17T02:44:00Z,ISU PD,F,0.15700000000000003,0.15700000000000003
2016-01-16T00:29:00Z,Ames PD,M,0.06,0.06
2016-01-15T03:02:00Z,ISU PD,F,0.08700000000000001,0.085
2016-01-15T02:55:00Z,ISU PD,M,0.094,0.095
2016-01-14T02:33:00Z,ISU PD,F,0.14400000000000002,0.14300000000000002
2016-01-11T01:28:00Z,Ames PD,M,0.233,0.232
2016-01-10T02:00:00Z,Ames PD,M,0.116,0.116
2016-01-09T01:36:00Z,ISU PD,M,0.131,0.13
2016-01-08T02:52:00Z,Ames PD,F,0.16,0.15900000000000003
2016-01-07T02:28:00Z,ISU PD,F,0,0
2016-01-07T01:48:00Z,Ames PD,M,0.139,0.138
2016-01-05T17:35:00Z,Ames PD,M,0.15300000000000002,0.15300000000000002
2016-01-01T01:24:00Z,ISU PD,F,0.047,0.047
2015-12-31T01:41:00Z,Ames PD,M,0.114,0.115
2015-12-30T10:42:00Z,Ames PD,F,0.309,0.308
2015-12-30T03:20:00Z,Ames PD,M,0.20400000000000001,0.203
2015-12-29T23:10:00Z,Ames PD,M,0.15800000000000003,0.15800000000000003
2015-12-22T19:25:00Z,Ames PD,M,0.15000000000000002,0.15000000000000002
2015-12-21T18:13:00Z,Ames PD,M,0.15400000000000003,0.15400000000000003
2015-12-21T02:22:00Z,Ames PD,M,0.166,0.165
2015-12-17T01:52:00Z,ISU PD,M,0.115,0.114
2015-12-13T02:43:00Z,Ames PD,M,0.14300000000000002,0.14400000000000002
2015-12-09T03:49:00Z,Ames PD,M,0.199,0.199
2015-12-07T06:50:00Z,Ames PD,M,0.111,0.11
2015-12-06T04:40:00Z,ISU PD,M,0.135,0.136
2015-12-05T19:00:00Z,Ames PD,M,0.20600000000000002,0.20600000000000002
2015-12-05T12:44:00Z,Ames PD,M,0.24600000000000002,0.24600000000000002
2015-12-01T08:59:00Z,ISU PD,M,0.10600000000000001,0.10600000000000001
2015-11-30T00:41:00Z,Ames PD,M,0.226,0.225
2015-11-29T02:14:00Z,Ames PD,M,0.16,0.16
2015-11-26T02:49:00Z,Ames PD,F,0.15200000000000002,0.15100000000000002
2015-11-25T02:04:00Z,Ames PD,M,0,0
2015-11-22T02:16:00Z,ISU PD,M,0,0
2015-11-22T00:40:00Z,ISU PD,M,0.10500000000000001,0.10500000000000001
2015-11-21T03:30:00Z,ISU PD,M,0.115,0.116
2015-11-21T01:19:00Z,Ames PD,F,0.132,0.132
2015-11-20T03:19:00Z,ISU PD,M,0.064,0.064
2015-11-20T03:11:00Z,ISU PD,M,0.165,0.165
2015-11-15T22:57:00Z,Ames PD,M,0.17800000000000002,0.17800000000000002
2015-11-15T02:25:00Z,ISU PD,M,0.116,0.116
2015-11-15T02:17:00Z,ISU PD,M,0.112,0.111
2015-11-14T02:36:00Z,Ames PD,F,0.129,0.129
2015-11-13T03:06:00Z,ISU PD,M,0.201,0.201
2015-11-13T02:28:00Z,ISU PD,M,0.093,0.093
2015-11-08T04:03:00Z,Ames PD,M,0.14700000000000002,0.14700000000000002
2015-11-08T02:21:00Z,ISU PD,M,0.004,0.005
2015-11-08T00:57:00Z,Ames PD,M,0.169,0.169
2015-11-01T02:52:00Z,Ames PD,M,0.08600000000000001,0.08700000000000001
2015-11-01T02:33:00Z,ISU PD,M,0.12400000000000001,0.12300000000000001
2015-11-01T01:17:00Z,ISU PD,M,0.125,0.125
2015-11-01T01:10:00Z,ISU PD,M,0.079,0.079
2015-10-30T03:47:00Z,ISU PD,M,0.127,0.127
2015-10-30T00:26:00Z,Ames PD,M,0.14200000000000002,0.14200000000000002
2015-10-29T01:06:00Z,Ames PD,M,0.039,0.04
2015-10-25T04:03:00Z,ISU PD,F,0.14500000000000002,0.14400000000000002
2015-10-22T02:42:00Z,ISU PD,M,0,0
2015-10-21T17:18:00Z,Ames PD,F,0,0
2015-10-18T05:46:00Z,Ames PD,M,0.095,0.095
2015-10-18T04:43:00Z,Ames PD,F,0.14700000000000002,0.14700000000000002
2015-10-18T02:07:00Z,Ames PD,M,0.167,0.167
2015-10-17T02:27:00Z,Ames PD,M,0.10500000000000001,0.10500000000000001
2015-10-16T03:50:00Z,ISU PD,M,0.14400000000000002,0.14400000000000002
2015-10-09T18:52:00Z,Ames PD,M,0.095,0.095
2015-10-09T03:29:00Z,ISU PD,M,0.12400000000000001,0.125
2015-10-09T02:11:00Z,ISU PD,M,0.10700000000000001,0.10700000000000001
2015-10-07T03:02:00Z,ISU PD,F,0.19,0.19
2015-10-04T02:16:00Z,ISU PD,M,0.07200000000000001,0.07200000000000001
2015-10-04T01:15:00Z,Ames PD,M,0.10400000000000001,0.10300000000000001
2015-10-03T16:44:00Z,Ames PD,M,0.139,0.139
2015-10-03T02:11:00Z,Ames PD,M,0.109,0.109
2015-10-02T03:05:00Z,Ames PD,M,0.166,0.165
2015-09-28T01:51:00Z,Ames PD,M,0.12400000000000001,0.12400000000000001
2015-09-28T00:57:00Z,Ames PD,F,0.222,0.221
2015-09-26T22:09:00Z,Ames PD,M,0.051000000000000004,0.051000000000000004
2015-09-26T04:50:00Z,Ames PD,M,0.113,0.113
2015-09-26T03:55:00Z,Ames PD,F,0.068,0.067
2015-09-26T02:56:00Z,ISU PD,M,0.027,0.026000000000000002
2015-09-25T23:47:00Z,Ames PD,M,0.14,0.139
2015-09-24T13:09:00Z,Ames PD,M,0,0
2015-09-24T05:44:00Z,Ames PD,M,0.15400000000000003,0.15200000000000002
2015-09-24T03:15:00Z,Ames PD,M,0.17600000000000002,0.17600000000000002
2015-09-24T00:18:00Z,Ames PD,M,0,0
2015-09-22T19:50:00Z,Ames PD,M,0.126,0.125
2015-09-21T02:42:00Z,ISU PD,M,0.256,0.255
2015-09-20T03:41:00Z,Ames PD,M,0.15400000000000003,0.15400000000000003
2015-09-19T05:38:00Z,Ames PD,NA,0,0
2015-09-19T01:18:00Z,Ames PD,M,0.14800000000000002,0.14800000000000002
2015-09-18T03:30:00Z,ISU PD,M,0.24400000000000002,0.24300000000000002
2015-09-17T01:56:00Z,Ames PD,M,0.18,0.18
2015-09-16T13:21:00Z,Ames PD,M,0,0
2015-09-16T13:13:00Z,Ames PD,M,0,0
2015-09-12T22:30:00Z,Ames PD,F,0.136,0.135
2015-09-12T22:16:00Z,Ames PD,M,0.161,0.161
2015-09-12T05:18:00Z,ISU PD,M,0.05,0.049
2015-09-12T03:04:00Z,ISU PD,F,0.21600000000000003,0.21600000000000003
2015-09-10T02:57:00Z,Ames PD,F,0.14200000000000002,0.14100000000000001
2015-09-10T00:50:00Z,Ames PD,F,0.138,0.138
2015-09-09T02:12:00Z,Ames PD,F,0.111,0.111
2015-09-09T01:56:00Z,Ames PD,F,0.119,0.118
2015-09-06T03:14:00Z,ISU PD,M,0.251,0.25
2015-09-06T02:17:00Z,ISU PD,M,0.067,0.067
2015-08-26T02:54:00Z,ISU PD,F,0.15700000000000003,0.15600000000000003
2015-08-23T04:21:00Z,Ames PD,M,0.079,0.079
2015-08-23T03:43:00Z,ISU PD,M,0.15600000000000003,0.15600000000000003
2015-08-23T03:06:00Z,ISU PD,M,0.07200000000000001,0.07200000000000001
2015-08-23T02:14:00Z,ISU PD,M,0.129,0.128
2015-08-23T00:28:00Z,ISU PD,F,0.046,0.045
2015-08-22T02:44:00Z,ISU PD,M,0.07500000000000001,0.07600000000000001
2015-08-22T00:35:00Z,Ames PD,M,0,0
2015-08-21T16:32:00Z,Ames PD,F,0,0
2015-08-21T00:13:00Z,Ames PD,M,0,0
2015-08-20T01:59:00Z,ISU PD,M,0.167,0.167
2015-08-17T03:02:00Z,ISU PD,M,0,0
2015-08-16T02:49:00Z,ISU PD,M,0.088,0.08700000000000001
2015-08-16T02:39:00Z,Ames PD,M,0.184,0.183
2015-08-16T01:52:00Z,Ames PD,F,0.138,0.138
2015-08-16T01:05:00Z,Ames PD,M,0.17200000000000001,0.17200000000000001
2015-08-16T00:20:00Z,Ames PD,M,0,0
2015-08-15T02:36:00Z,ISU PD,M,0.08,0.079
2015-08-14T23:50:00Z,Ames PD,F,0.10500000000000001,0.10400000000000001
2015-08-14T02:46:00Z,ISU PD,M,0.183,0.182
2015-08-14T01:14:00Z,Ames PD,F,0.138,0.138
2015-08-13T22:05:00Z,Ames PD,M,0.137,0.136
2015-08-13T00:58:00Z,ISU PD,M,0.234,0.233
2015-08-06T21:58:00Z,Ames PD,M,0.17500000000000002,0.17400000000000002
2015-08-02T03:28:00Z,ISU PD,F,0.136,0.135
2015-08-02T01:15:00Z,ISU PD,F,0.15400000000000003,0.15300000000000002
2015-08-01T05:24:00Z,Ames PD,M,0,0
2015-07-30T03:06:00Z,ISU PD,F,0.185,0.185
2015-07-25T17:54:00Z,Ames PD,F,0.182,0.182
2015-07-25T03:14:00Z,ISU PD,M,0.131,0.13
2015-07-25T02:34:00Z,Ames PD,M,0.091,0.092
2015-07-24T01:34:00Z,ISU PD,M,0.043000000000000003,0.043000000000000003
2015-07-21T02:22:00Z,Ames PD,M,0.133,0.132
2015-07-19T03:48:00Z,Ames PD,M,0.132,0.132
2015-07-16T02:06:00Z,ISU PD,M,0.101,0.1
2015-07-15T03:56:00Z,Ames PD,M,0.109,0.109
2015-07-12T04:03:00Z,ISU PD,M,0.12400000000000001,0.12300000000000001
2015-07-12T03:30:00Z,ISU PD,M,0.129,0.129
2015-07-11T03:50:00Z,ISU PD,F,0.10400000000000001,0.10300000000000001
2015-07-10T21:54:00Z,Ames PD,M,0.14300000000000002,0.14300000000000002
2015-07-10T01:35:00Z,ISU PD,M,0,0
2015-07-09T01:49:00Z,ISU PD,M,0,0
2015-07-05T02:32:00Z,ISU PD,M,0.14900000000000002,0.14900000000000002
2015-07-04T23:40:00Z,ISU PD,M,0.15200000000000002,0.15300000000000002
2015-07-04T23:14:00Z,ISU PD,M,0.227,0.225
2015-07-02T04:55:00Z,Ames PD,M,0.15400000000000003,0.15400000000000003
2015-06-29T00:50:00Z,Ames PD,M,0,0
2015-06-28T03:05:00Z,ISU PD,M,0.17,0.169
2015-06-28T01:44:00Z,Ames PD,M,0.112,0.112
2015-06-27T01:56:00Z,Ames PD,M,0.089,0.088
2015-06-24T09:19:00Z,Ames PD,M,0,0
2015-06-23T15:54:00Z,Ames PD,M,0,0
2015-06-22T01:32:00Z,Ames PD,F,0,0
2015-06-19T02:08:00Z,Ames PD,F,0.112,0.112
2015-06-15T02:06:00Z,Ames PD,M,0,0
2015-06-06T02:45:00Z,ISU PD,M,0.081,0.08
2015-06-06T02:25:00Z,Ames PD,M,0.166,0.166
2015-06-06T01:59:00Z,Ames PD,M,0,0
2015-06-05T03:47:00Z,ISU PD,M,0,0
2015-06-05T02:41:00Z,Ames PD,M,0.098,0.098
2015-06-03T16:45:00Z,Ames PD,M,0,0
2015-06-03T16:40:00Z,Ames PD,M,0,0
2015-06-03T00:56:00Z,Ames PD,M,0,0
2015-05-31T04:05:00Z,ISU PD,M,0.11,0.109
2015-05-30T08:43:00Z,Ames PD,M,0.04,0.04
2015-05-30T04:10:00Z,Ames PD,NA,0.1,0.09899999999999999
2015-05-30T02:38:00Z,ISU PD,F,0.10500000000000001,0.10500000000000001
2015-05-25T20:56:00Z,ISU PD,M,0.14700000000000002,0.14600000000000002
2015-05-23T11:32:00Z,ISU PD,NA,0,0
2015-05-23T10:32:00Z,ISU PD,NA,0,0
2015-05-23T03:26:00Z,Ames PD,M,0.11,0.109
2015-05-22T04:05:00Z,ISU PD,M,0.034999999999999996,0.034
2015-05-21T03:21:00Z,ISU PD,F,0.182,0.181
2015-05-20T03:05:00Z,ISU PD,M,0,0
2015-05-19T00:21:00Z,Ames PD,M,0.14,0.139
2015-05-17T03:38:00Z,ISU PD,M,0.10200000000000001,0.10200000000000001
2015-05-16T02:52:00Z,ISU PD,M,0.12200000000000001,0.12000000000000001
2015-05-15T02:28:00Z,Ames PD,F,0.084,0.083
2015-05-14T01:08:00Z,Ames PD,M,0.1,0.1
2015-05-12T17:33:00Z,Ames PD,F,0.011,0.011
2015-05-12T03:22:00Z,Ames PD,M,0.15700000000000003,0.15600000000000003
2015-05-10T20:42:00Z,Ames PD,M,0.21700000000000003,0.21600000000000003
2015-05-09T11:51:00Z,Ames PD,M,0.183,0.183
2015-05-09T10:27:00Z,Ames PD,M,0.114,0.113
2015-05-08T00:55:00Z,Ames PD,F,0,0
2015-05-07T00:47:00Z,Ames PD,F,0,0
2015-05-06T05:05:00Z,ISU PD,M,0.168,0.167
2015-05-06T03:40:00Z,Ames PD,F,0.20400000000000001,0.20400000000000001
2015-05-05T12:37:00Z,Ames PD,NA,0,0
2015-05-05T10:59:00Z,ISU PD,NA,0,0
2015-05-03T03:27:00Z,ISU PD,M,0.17500000000000002,0.17400000000000002
2015-05-03T01:05:00Z,Ames PD,F,0.259,0.259
2015-05-01T03:17:00Z,Ames PD,M,0,0
2015-05-01T02:41:00Z,ISU PD,M,0,0
2015-04-30T02:26:00Z,ISU PD,M,0.037,0.037
2015-04-30T02:08:00Z,Ames PD,M,0.21500000000000002,0.21500000000000002
2015-04-26T04:13:00Z,Ames PD,M,0.126,0.126
2015-04-26T04:11:00Z,ISU PD,M,0.192,0.192
2015-04-26T03:14:00Z,Ames PD,M,0.24100000000000002,0.24000000000000002
2015-04-26T02:44:00Z,ISU PD,F,0.10500000000000001,0.10400000000000001
2015-04-26T01:58:00Z,Ames PD,M,0,0
2015-04-25T03:45:00Z,ISU PD,F,0.20700000000000002,0.20700000000000002
2015-04-24T03:10:00Z,Ames PD,M,0.169,0.169
2015-04-24T03:04:00Z,ISU PD,F,0.10300000000000001,0.10300000000000001
2015-04-24T02:41:00Z,Ames PD,M,0.12200000000000001,0.12200000000000001
2015-04-24T01:29:00Z,ISU PD,F,0.08600000000000001,0.085
2015-04-21T02:05:00Z,ISU PD,M,0,0
2015-04-19T04:52:00Z,Ames PD,F,0.14900000000000002,0.14800000000000002
2015-04-18T22:36:00Z,Ames PD,NA,0.126,0.126
2015-04-18T03:07:00Z,ISU PD,M,0.137,0.137
2015-04-18T02:17:00Z,ISU PD,M,0.196,0.196
2015-04-18T01:52:00Z,ISU PD,M,0.096,0.095
2015-04-17T02:23:00Z,Ames PD,M,0.14900000000000002,0.14900000000000002
2015-04-16T03:45:00Z,ISU PD,M,0.118,0.118
2015-04-16T01:16:00Z,ISU PD,M,0.07300000000000001,0.07300000000000001
2015-04-12T03:16:00Z,ISU PD,M,0.14400000000000002,0.14400000000000002
2015-04-11T03:13:00Z,ISU PD,F,0.14100000000000001,0.14
2015-04-11T00:38:00Z,ISU PD,M,0.116,0.116
2015-04-10T02:35:00Z,ISU PD,M,0.1,0.09899999999999999
2015-04-09T03:30:00Z,ISU PD,M,0.117,0.117
2015-04-09T02:03:00Z,Ames PD,M,0.21200000000000002,0.21100000000000002
2015-04-08T02:51:00Z,ISU PD,M,0.20500000000000002,0.20400000000000001
2015-04-03T01:14:00Z,ISU PD,M,0.14200000000000002,0.14100000000000001
2015-04-03T00:43:00Z,Ames PD,F,0.138,0.138
2015-03-30T02:09:00Z,Ames PD,M,0.254,0.253
2015-03-27T02:47:00Z,Ames PD,M,0.14,0.14
2015-03-27T02:31:00Z,Ames PD,M,0.139,0.137
2015-03-26T05:24:00Z,Ames PD,M,0.17,0.169
2015-03-26T01:55:00Z,Ames PD,M,0.17300000000000001,0.17200000000000001
2015-03-25T01:46:00Z,Ames PD,F,0.112,0.112
2015-03-24T23:24:00Z,ISU PD,M,0.098,0.097
2015-03-21T18:36:00Z,Ames PD,M,0.14900000000000002,0.14900000000000002
2015-03-18T02:25:00Z,ISU PD,M,0.138,0.137
2015-03-15T01:23:00Z,Ames PD,M,0.08600000000000001,0.08600000000000001
2015-03-14T20:45:00Z,Ames PD,M,0.013000000000000001,0.011
2015-03-14T03:28:00Z,Ames PD,F,0.161,0.16
2015-03-14T02:00:00Z,ISU PD,F,0.16,0.15900000000000003
2015-03-13T22:46:00Z,Ames PD,M,0.226,0.224
2015-03-13T02:27:00Z,Ames PD,M,0.187,0.186
2015-03-12T18:28:00Z,Ames PD,M,0,0
2015-03-11T02:24:00Z,Ames PD,M,0.013000000000000001,0.013000000000000001
2015-03-08T03:58:00Z,ISU PD,F,0.112,0.112
2015-03-08T03:34:00Z,Ames PD,M,0.15300000000000002,0.15200000000000002
2015-03-08T01:32:00Z,Ames PD,M,0.093,0.093
2015-03-07T03:02:00Z,ISU PD,M,0.098,0.097
2015-03-06T03:09:00Z,Ames PD,M,0.2,0.199
2015-03-06T02:46:00Z,ISU PD,F,0.17800000000000002,0.17700000000000002
2015-03-01T01:49:00Z,Ames PD,F,0.126,0.127
2015-03-01T01:31:00Z,ISU PD,M,0.08700000000000001,0.08700000000000001
2015-02-28T05:48:00Z,Ames PD,M,0.10400000000000001,0.10200000000000001
2015-02-28T04:26:00Z,ISU PD,F,0.11,0.109
2015-02-28T04:15:00Z,ISU PD,M,0.09,0.09
2015-02-28T02:25:00Z,ISU PD,M,0.12000000000000001,0.119
2015-02-27T20:27:00Z,Ames PD,M,0.17600000000000002,0.17500000000000002
2015-02-22T02:44:00Z,Ames PD,F,0.112,0.112
2015-02-21T04:20:00Z,ISU PD,M,0.18,0.17800000000000002
2015-02-19T04:17:00Z,ISU PD,M,0.11,0.109
2015-02-19T00:36:00Z,ISU PD,F,0.038,0.038
2015-02-18T01:12:00Z,Ames PD,F,0.201,0.201
2015-02-15T10:02:00Z,Ames PD,M,0.233,0.232
2015-02-14T03:06:00Z,Ames PD,M,0.13,0.129
2015-02-13T23:55:00Z,Ames PD,M,0.185,0.184
2015-02-11T02:20:00Z,Ames PD,M,0.12300000000000001,0.12300000000000001
2015-02-11T01:15:00Z,Ames PD,M,0,0
2015-02-10T03:56:00Z,ISU PD,M,0.132,0.131
2015-02-06T23:15:00Z,ISU PD,M,0.083,0.081
2015-01-31T03:32:00Z,ISU PD,M,0.15000000000000002,0.14900000000000002
2015-01-31T02:41:00Z,ISU PD,M,0,0
2015-01-30T03:05:00Z,ISU PD,M,0.047,0.046
2015-01-30T02:42:00Z,ISU PD,M,0.07200000000000001,0.07200000000000001
2015-01-28T23:59:00Z,Ames PD,M,0.12000000000000001,0.119
2015-01-25T03:36:00Z,ISU PD,M,0.132,0.131
2015-01-25T01:12:00Z,Ames PD,M,0.15300000000000002,0.15300000000000002
2015-01-24T00:39:00Z,Ames PD,F,0.053000000000000005,0.054000000000000006
2015-01-23T03:03:00Z,ISU PD,F,0.20500000000000002,0.203
2015-01-23T01:13:00Z,ISU PD,M,0.07200000000000001,0.07100000000000001
2015-01-22T02:37:00Z,Ames PD,M,0.10300000000000001,0.10200000000000001
2015-01-19T03:03:00Z,ISU PD,F,0.044,0.044
2015-01-19T01:42:00Z,Ames PD,M,0.14700000000000002,0.14700000000000002
2015-01-19T01:25:00Z,Ames PD,M,0.129,0.127
2015-01-17T04:05:00Z,ISU PD,F,0.182,0.181
2015-01-17T03:39:00Z,ISU PD,M,0.184,0.183
2015-01-16T03:28:00Z,ISU PD,M,0.12200000000000001,0.12200000000000001
2015-01-13T01:28:00Z,ISU PD,M,0,0
2015-01-12T17:51:00Z,ISU PD,M,0,0
2015-01-11T04:03:00Z,ISU PD,M,0.094,0.092
2015-01-11T03:39:00Z,Ames PD,M,0.10800000000000001,0.10800000000000001
2015-01-11T03:14:00Z,Ames PD,M,0.15500000000000003,0.15500000000000003
2015-01-10T16:38:00Z,Ames PD,F,0,0
2015-01-10T03:11:00Z,Ames PD,F,0.195,0.195
2015-01-09T02:30:00Z,ISU PD,M,0.127,0.126
2015-01-07T03:18:00Z,Ames PD,M,0.088,0.089
2015-01-05T20:49:00Z,Ames PD,M,0.313,0.312
2015-01-01T04:55:00Z,ISU PD,M,0.117,0.116
2015-01-01T03:21:00Z,ISU PD,M,0.12300000000000001,0.12200000000000001
2015-01-01T02:30:00Z,ISU PD,M,0.091,0.09
2015-01-01T01:43:00Z,ISU PD,M,0.07300000000000001,0.07300000000000001
2015-01-01T01:12:00Z,Ames PD,M,0.15000000000000002,0.15000000000000002
2014-12-28T03:43:00Z,ISU PD,M,0.037,0.037
2014-12-28T03:33:00Z,ISU PD,M,0.10500000000000001,0.10400000000000001
2014-12-28T02:50:00Z,Ames PD,F,0.161,0.161
2014-12-27T03:33:00Z,Ames PD,M,0.166,0.166
2014-12-27T01:26:00Z,ISU PD,M,0.017,0.016
2014-12-21T05:18:00Z,Ames PD,M,0.15500000000000003,0.15500000000000003
2014-12-20T03:52:00Z,ISU PD,F,0.114,0.113
2014-12-19T15:42:00Z,Ames PD,F,0.272,0.272
2014-12-18T01:38:00Z,Ames PD,M,0.277,0.276
2014-12-17T17:01:00Z,Ames PD,F,0,0
2014-12-17T03:00:00Z,Ames PD,F,0,0
2014-12-14T05:27:00Z,ISU PD,F,0.084,0.084
2014-12-14T03:43:00Z,ISU PD,F,0.047,0.047
2014-12-13T23:43:00Z,Ames PD,M,0.15700000000000003,0.15600000000000003
2014-12-13T17:20:00Z,Ames PD,F,0,0
2014-12-13T02:42:00Z,ISU PD,M,0.083,0.083
2014-12-13T01:37:00Z,Ames PD,M,0.111,0.111
2014-12-09T00:41:00Z,ISU PD,M,0,0
2014-12-07T03:24:00Z,ISU PD,M,0.07800000000000001,0.07700000000000001
2014-12-07T02:09:00Z,ISU PD,M,0.16,0.15900000000000003
2014-12-06T01:59:00Z,ISU PD,F,0.052000000000000005,0.052000000000000005
2014-12-06T01:46:00Z,ISU PD,M,0.14400000000000002,0.14300000000000002
2014-12-06T00:16:00Z,Ames PD,F,0.165,0.165
2014-12-05T02:59:00Z,Ames PD,M,0.16,0.15900000000000003
2014-12-05T00:39:00Z,Ames PD,F,0.15600000000000003,0.15500000000000003
2014-11-30T02:18:00Z,ISU PD,F,0.045,0.045
2014-11-29T01:11:00Z,Ames PD,F,0.14300000000000002,0.14200000000000002
2014-11-27T03:20:00Z,Ames PD,M,0.136,0.135
2014-11-26T03:02:00Z,ISU PD,M,0.14400000000000002,0.14300000000000002
2014-11-23T02:25:00Z,Ames PD,M,0.256,0.256
2014-11-22T19:36:00Z,Ames PD,M,0.08700000000000001,0.08600000000000001
2014-11-22T02:14:00Z,Ames PD,F,0.07500000000000001,0.07500000000000001
2014-11-21T01:08:00Z,ISU PD,F,0.101,0.1
2014-11-20T03:03:00Z,ISU PD,M,0,0
2014-11-20T02:27:00Z,Ames PD,M,0,0
2014-11-19T03:03:00Z,Ames PD,M,0.09,0.091
2014-11-14T02:53:00Z,ISU PD,F,0.118,0.116
2014-11-13T19:23:00Z,Ames PD,F,0.352,0.351
2014-11-13T15:28:00Z,Ames PD,F,0,0
2014-11-08T02:45:00Z,ISU PD,M,0.15600000000000003,0.15600000000000003
2014-11-07T20:29:00Z,Ames PD,M,0.221,0.21900000000000003
2014-11-02T18:57:00Z,Ames PD,M,0.192,0.191
2014-11-02T04:21:00Z,Ames PD,M,0.15700000000000003,0.15600000000000003
2014-11-01T02:29:00Z,Ames PD,M,0.17600000000000002,0.17400000000000002
2014-10-29T01:19:00Z,Ames PD,M,0.112,0.112
2014-10-27T23:39:00Z,ISU PD,M,0,0
2014-10-24T02:49:00Z,ISU PD,F,0.036,0.034999999999999996
2014-10-23T00:49:00Z,Ames PD,M,0.111,0.11
2014-10-22T01:50:00Z,ISU PD,M,0.113,0.112
2014-10-21T18:03:00Z,Ames PD,F,0.325,0.324
2014-10-21T02:38:00Z,ISU PD,M,0,0
2014-10-21T02:28:00Z,Ames PD,F,0,0
2014-10-19T03:02:00Z,Ames PD,M,0.07700000000000001,0.07700000000000001
2014-10-19T02:49:00Z,Ames PD,M,0.233,0.232
2014-10-18T04:29:00Z,Ames PD,M,0.07700000000000001,0.07700000000000001
2014-10-18T00:50:00Z,Ames PD,F,0.034,0.033
2014-10-17T12:56:00Z,Ames PD,M,0,0
2014-10-17T00:19:00Z,Ames PD,M,0.23900000000000002,0.23900000000000002
2014-10-16T02:04:00Z,Ames PD,M,0,0
2014-10-15T00:35:00Z,Ames PD,M,0,0
2014-10-14T02:31:00Z,ISU PD,M,0,0
2014-10-12T05:32:00Z,Ames PD,M,0,0
2014-10-12T01:34:00Z,Ames PD,M,0.10700000000000001,0.10600000000000001
2014-10-12T00:42:00Z,ISU PD,M,0.23600000000000002,0.23500000000000001
2014-10-11T02:10:00Z,ISU PD,M,0.15500000000000003,0.15500000000000003
2014-10-10T02:37:00Z,Ames PD,F,0.192,0.19
2014-10-08T17:55:00Z,Ames PD,F,0,0
2014-10-08T03:15:00Z,Ames PD,F,0,0
2014-10-06T01:31:00Z,Ames PD,M,0,0
2014-10-04T03:43:00Z,Ames PD,F,0.202,0.201
2014-10-03T03:13:00Z,ISU PD,F,0.125,0.125
2014-10-03T01:49:00Z,ISU PD,M,0.052000000000000005,0.052000000000000005
2014-10-02T03:21:00Z,Ames PD,M,0,0
2014-09-28T21:27:00Z,Ames PD,M,0.17400000000000002,0.17300000000000001
2014-09-27T02:57:00Z,ISU PD,F,0.188,0.187
2014-09-26T02:46:00Z,ISU PD,M,0.14500000000000002,0.14500000000000002
2014-09-26T02:16:00Z,Ames PD,M,0.131,0.13
2014-09-23T01:36:00Z,Ames PD,M,0.15200000000000002,0.15100000000000002
2014-09-21T22:16:00Z,Ames PD,F,0.004,0.004
2014-09-21T00:17:00Z,ISU PD,M,0.081,0.08
2014-09-20T02:48:00Z,Ames PD,M,0.116,0.116
2014-09-19T00:22:00Z,Ames PD,F,0.14100000000000001,0.14
2014-09-13T03:12:00Z,Ames PD,M,0.112,0.112
2014-09-13T02:49:00Z,ISU PD,M,0.12300000000000001,0.12300000000000001
2014-09-07T02:12:00Z,ISU PD,M,0.12300000000000001,0.12300000000000001
2014-09-06T17:33:00Z,Ames PD,M,0.201,0.199
2014-09-05T04:28:00Z,ISU PD,M,0.136,0.135
2014-09-04T02:30:00Z,Ames PD,M,0.134,0.134
2014-08-30T05:40:00Z,ISU PD,M,0.137,0.137
2014-08-30T03:40:00Z,ISU PD,M,0.10600000000000001,0.10500000000000001
2014-08-30T00:46:00Z,Ames PD,M,0.098,0.09899999999999999
2014-08-29T04:26:00Z,Ames PD,M,0.17900000000000002,0.17800000000000002
2014-08-29T03:11:00Z,Ames PD,F,0.129,0.129
2014-08-29T03:00:00Z,ISU PD,M,0.162,0.161
2014-08-28T02:38:00Z,ISU PD,F,0.14500000000000002,0.14500000000000002
2014-08-28T01:46:00Z,ISU PD,F,0,0
2014-08-25T11:56:00Z,Ames PD,M,0.126,0.125
2014-08-25T03:05:00Z,Ames PD,M,0.15300000000000002,0.15200000000000002
2014-08-24T03:10:00Z,Ames PD,M,0.125,0.125
2014-08-24T01:21:00Z,ISU PD,M,0.12100000000000001,0.12000000000000001
2014-08-24T01:09:00Z,ISU PD,M,0.094,0.094
2014-08-24T00:41:00Z,Ames PD,F,0,0
2014-08-23T01:25:00Z,ISU PD,F,0.164,0.163
2014-08-18T03:29:00Z,ISU PD,M,0.068,0.068
2014-08-18T03:19:00Z,ISU PD,M,0.082,0.082
2014-08-16T03:47:00Z,ISU PD,F,0.065,0.065
2014-08-16T02:38:00Z,Ames PD,F,0.132,0.131
2014-08-16T01:32:00Z,Ames PD,M,0.185,0.184
2014-08-15T01:48:00Z,ISU PD,M,0,0
2014-08-12T00:40:00Z,Ames PD,M,0.224,0.224
2014-08-10T03:33:00Z,ISU PD,F,0.08,0.08
2014-08-10T02:54:00Z,ISU PD,M,0.113,0.112
2014-08-10T01:40:00Z,Ames PD,M,0.15600000000000003,0.15400000000000003
2014-08-09T02:52:00Z,ISU PD,M,0.066,0.066
2014-08-08T03:15:00Z,Ames PD,M,0.15600000000000003,0.15500000000000003
2014-08-07T00:54:00Z,Ames PD,M,0.07700000000000001,0.07600000000000001
2014-08-03T01:15:00Z,Ames PD,M,0.131,0.13
2014-08-01T18:56:00Z,Ames PD,M,0,0
2014-08-01T04:23:00Z,ISU PD,F,0.119,0.119
2014-08-01T01:25:00Z,ISU PD,M,0.17200000000000001,0.17200000000000001
2014-07-27T04:28:00Z,Ames PD,M,0.1,0.09899999999999999
2014-07-27T03:20:00Z,ISU PD,M,0.17,0.169
2014-07-26T22:33:00Z,Ames PD,F,0.20600000000000002,0.20600000000000002
2014-07-25T02:35:00Z,ISU PD,M,0.15800000000000003,0.15700000000000003
2014-07-25T02:25:00Z,ISU PD,M,0.05,0.05
2014-07-21T03:33:00Z,Ames PD,M,0.07300000000000001,0.07300000000000001
2014-07-19T02:39:00Z,Ames PD,M,0.118,0.117
2014-07-18T03:04:00Z,ISU PD,M,0.165,0.164
2014-07-17T03:10:00Z,ISU PD,M,0.195,0.194
2014-07-15T05:35:00Z,Ames PD,M,0.276,0.276
2014-07-13T02:08:00Z,ISU PD,M,0.031,0.031
2014-07-10T02:16:00Z,Ames PD,F,0.111,0.111
2014-07-08T01:29:00Z,Ames PD,F,0,0
2014-07-06T01:53:00Z,Ames PD,F,0.15700000000000003,0.15600000000000003
2014-07-05T01:15:00Z,ISU PD,F,0.068,0.067
2014-07-03T03:42:00Z,ISU PD,M,0.18,0.17900000000000002
2014-06-28T07:28:00Z,ISU PD,M,0.17500000000000002,0.17500000000000002
2014-06-28T02:41:00Z,Ames PD,F,0.234,0.233
2014-06-26T03:34:00Z,Ames PD,M,0.17600000000000002,0.17500000000000002
2014-06-23T22:30:00Z,Ames PD,M,0,0
2014-06-22T03:05:00Z,Ames PD,F,0.10200000000000001,0.10200000000000001
2014-06-22T02:36:00Z,Ames PD,M,0.162,0.161
2014-06-21T05:23:00Z,ISU PD,M,0.113,0.114
2014-06-21T03:19:00Z,Ames PD,M,0.20900000000000002,0.20900000000000002
2014-06-21T02:23:00Z,ISU PD,M,0.163,0.162
2014-06-20T23:08:00Z,ISU PD,M,0.15500000000000003,0.15500000000000003
2014-06-20T03:50:00Z,ISU PD,M,0.167,0.166
2014-06-20T02:56:00Z,ISU PD,F,0.08600000000000001,0.08600000000000001
2014-06-19T23:25:00Z,ISU PD,F,0.21400000000000002,0.21300000000000002
2014-06-19T21:29:00Z,Ames PD,M,0.10800000000000001,0.10700000000000001
2014-06-18T03:11:00Z,ISU PD,M,0.17600000000000002,0.17500000000000002
2014-06-15T02:55:00Z,ISU PD,M,0.15300000000000002,0.15200000000000002
2014-06-14T01:10:00Z,Ames PD,M,0.12100000000000001,0.12000000000000001
2014-06-13T03:44:00Z,ISU PD,F,0.127,0.127
2014-06-12T02:44:00Z,ISU PD,M,0.188,0.187
2014-06-11T02:53:00Z,ISU PD,F,0.161,0.161
2014-06-09T04:45:00Z,Ames PD,M,0.228,0.227
2014-06-07T02:18:00Z,Ames PD,M,0.21500000000000002,0.21500000000000002
2014-06-06T03:16:00Z,ISU PD,F,0.10500000000000001,0.10400000000000001
2014-06-03T23:11:00Z,Ames PD,F,0.168,0.167
2014-06-02T01:29:00Z,Ames PD,F,0.169,0.168
2014-06-01T02:54:00Z,ISU PD,F,0.11,0.109
2014-05-31T03:53:00Z,ISU PD,M,0.163,0.162
2014-05-29T22:50:00Z,Ames PD,M,0.28900000000000003,0.28800000000000003
2014-05-28T04:01:00Z,Ames PD,M,0.17200000000000001,0.17200000000000001
2014-05-27T13:50:00Z,Ames PD,F,0.11,0.11
2014-05-27T02:52:00Z,ISU PD,M,0.07300000000000001,0.07200000000000001
2014-05-26T03:36:00Z,Ames PD,M,0.21800000000000003,0.21700000000000003
2014-05-25T03:10:00Z,ISU PD,M,0.133,0.133
2014-05-24T01:15:00Z,ISU PD,F,0,0
2014-05-21T22:55:00Z,Ames PD,M,0.129,0.128
2014-05-17T21:26:00Z,Ames PD,M,0.166,0.165
2014-05-14T12:09:00Z,Ames PD,NA,0,0
2014-05-14T10:31:00Z,ISU PD,NA,0,0
2014-05-13T22:29:00Z,Ames PD,F,0.10300000000000001,0.10300000000000001
2014-05-11T03:03:00Z,ISU PD,F,0.126,0.127
2014-05-10T04:08:00Z,Ames PD,M,0.182,0.181
2014-05-10T03:23:00Z,ISU PD,M,0.162,0.15900000000000003
2014-05-08T02:49:00Z,Ames PD,M,0.15800000000000003,0.15600000000000003
2014-05-06T21:45:00Z,ISU PD,M,0.17900000000000002,0.17800000000000002
2014-05-06T02:15:00Z,ISU PD,M,0.113,0.113
2014-05-05T10:29:00Z,Ames PD,M,0.111,0.11
2014-05-04T05:14:00Z,ISU PD,M,0.14900000000000002,0.14800000000000002
2014-05-03T02:51:00Z,ISU PD,F,0.15700000000000003,0.15700000000000003
2014-05-02T04:17:00Z,ISU PD,M,0.17200000000000001,0.17200000000000001
2014-05-02T01:54:00Z,ISU PD,M,0.192,0.192
2014-05-02T01:07:00Z,ISU PD,F,0.126,0.125
2014-05-01T02:17:00Z,ISU PD,M,0.186,0.185
2014-05-01T01:35:00Z,Ames PD,M,0.187,0.187
2014-05-01T00:12:00Z,Ames PD,M,0,0
2014-04-30T04:16:00Z,Ames PD,M,0.134,0.133
2014-04-30T03:16:00Z,ISU PD,M,0,0
2014-04-27T10:57:00Z,Ames PD,M,0.262,0.261
2014-04-27T04:09:00Z,ISU PD,F,0.1,0.09899999999999999
2014-04-27T02:55:00Z,ISU PD,M,0.116,0.116
2014-04-26T18:56:00Z,Ames PD,F,0.24700000000000003,0.24500000000000002
2014-04-26T04:29:00Z,ISU PD,M,0.089,0.088
2014-04-26T03:44:00Z,ISU PD,F,0.17,0.169
2014-04-26T02:47:00Z,ISU PD,F,0.08600000000000001,0.085
2014-04-26T01:55:00Z,Ames PD,F,0.193,0.192
2014-04-26T00:39:00Z,ISU PD,M,0.14700000000000002,0.14700000000000002
2014-04-25T02:50:00Z,ISU PD,M,0.10700000000000001,0.10700000000000001
2014-04-22T00:03:00Z,ISU PD,M,0.14,0.14
2014-04-21T00:30:00Z,Ames PD,M,0.097,0.096
2014-04-18T03:13:00Z,Ames PD,F,0.161,0.16
2014-04-18T02:04:00Z,ISU PD,M,0.027,0.026000000000000002
2014-04-18T01:19:00Z,Ames PD,M,0.12300000000000001,0.12300000000000001
2014-04-17T02:06:00Z,Ames PD,F,0.12300000000000001,0.12200000000000001
2014-04-13T04:05:00Z,ISU PD,M,0.10200000000000001,0.10200000000000001
2014-04-13T03:51:00Z,ISU PD,M,0.15600000000000003,0.15500000000000003
2014-04-13T03:42:00Z,ISU PD,M,0.251,0.252
2014-04-13T02:46:00Z,ISU PD,M,0.17,0.169
2014-04-13T01:54:00Z,ISU PD,M,0.17400000000000002,0.17400000000000002
2014-04-13T01:14:00Z,ISU PD,M,0.184,0.182
2014-04-13T00:37:00Z,ISU PD,M,0.15100000000000002,0.15000000000000002
2014-04-12T22:01:00Z,ISU PD,M,0.111,0.109
2014-04-12T02:39:00Z,ISU PD,F,0.23,0.229
2014-04-12T02:29:00Z,ISU PD,M,0.139,0.138
2014-04-12T02:10:00Z,ISU PD,M,0.161,0.16
2014-04-12T00:51:00Z,ISU PD,M,0.15300000000000002,0.15200000000000002
2014-04-12T00:11:00Z,ISU PD,M,0.14700000000000002,0.14900000000000002
2014-04-11T23:23:00Z,ISU PD,M,0.20900000000000002,0.20700000000000002
2014-04-11T21:21:00Z,ISU PD,M,0.096,0.096
2014-04-11T03:17:00Z,ISU PD,F,0.14600000000000002,0.14500000000000002
2014-04-11T01:26:00Z,ISU PD,M,0,0
2014-04-10T23:23:00Z,Ames PD,M,0.135,0.135
2014-04-10T02:30:00Z,ISU PD,M,0.12100000000000001,0.119
2014-04-10T01:16:00Z,Ames PD,M,0.10800000000000001,0.10700000000000001
2014-04-09T03:17:00Z,ISU PD,M,0.092,0.092
2014-04-08T03:39:00Z,ISU PD,M,0.171,0.17
2014-04-07T16:15:00Z,Ames PD,M,0.15600000000000003,0.15600000000000003
2014-04-07T16:00:00Z,Ames PD,M,0.161,0.16
2014-04-06T05:27:00Z,ISU PD,M,0.07400000000000001,0.07400000000000001
2014-04-06T00:45:00Z,Ames PD,M,0.191,0.191
2014-04-05T04:54:00Z,ISU PD,F,0.08600000000000001,0.085
2014-04-05T02:47:00Z,ISU PD,M,0.17900000000000002,0.17800000000000002
2014-04-04T03:00:00Z,ISU PD,F,0.132,0.132
2014-04-03T03:16:00Z,ISU PD,M,0,0
2014-03-31T02:05:00Z,ISU PD,M,0,0
2014-03-29T20:44:00Z,Ames PD,M,0.14900000000000002,0.14800000000000002
2014-03-29T02:45:00Z,ISU PD,M,0.11,0.109
2014-03-29T00:52:00Z,ISU PD,M,0,0
2014-03-25T02:29:00Z,ISU PD,F,0,0
2014-03-24T22:48:00Z,ISU PD,M,0,0
2014-03-24T03:07:00Z,ISU PD,M,0.21600000000000003,0.21500000000000002
2014-03-23T01:49:00Z,ISU PD,M,0.12200000000000001,0.12200000000000001
2014-03-22T02:46:00Z,ISU PD,M,0.21100000000000002,0.21000000000000002
2014-03-21T04:15:00Z,ISU PD,F,0.125,0.12400000000000001
2014-03-16T08:52:00Z,Ames PD,F,0.224,0.223
2014-03-16T02:03:00Z,ISU PD,F,0.15600000000000003,0.15600000000000003
2014-03-16T00:09:00Z,Ames PD,M,0.03,0.028999999999999998
2014-03-15T23:15:00Z,ISU PD,F,0.131,0.131
2014-03-15T04:47:00Z,ISU PD,M,0.112,0.111
2014-03-15T04:24:00Z,Ames PD,M,0.036,0.036
2014-03-15T03:32:00Z,Ames PD,M,0.185,0.185
2014-03-15T03:31:00Z,ISU PD,M,0.12200000000000001,0.12200000000000001
2014-03-15T01:03:00Z,ISU PD,M,0.10200000000000001,0.101
2014-03-14T05:17:00Z,ISU PD,M,0.101,0.101
2014-03-14T04:43:00Z,Ames PD,M,0.08700000000000001,0.08600000000000001
2014-03-14T02:52:00Z,ISU PD,M,0.14800000000000002,0.14800000000000002
2014-03-14T02:27:00Z,ISU PD,F,0.08600000000000001,0.08600000000000001
2014-03-13T03:12:00Z,ISU PD,M,0.128,0.127
2014-03-12T03:57:00Z,ISU PD,M,0.129,0.128
2014-03-12T02:46:00Z,ISU PD,M,0.17400000000000002,0.17700000000000002
2014-03-10T00:41:00Z,Ames PD,M,0.101,0.101
2014-03-09T04:21:00Z,ISU PD,F,0.191,0.19
2014-03-09T03:09:00Z,ISU PD,F,0.181,0.18
2014-03-08T03:40:00Z,ISU PD,M,0.119,0.119
2014-03-08T00:46:00Z,Ames PD,F,0.129,0.129
2014-03-07T04:28:00Z,ISU PD,M,0.126,0.126
2014-03-07T03:13:00Z,Ames PD,M,0.14,0.14
2014-03-07T02:24:00Z,ISU PD,M,0.096,0.095
2014-03-06T02:06:00Z,ISU PD,M,0.031,0.031
2014-03-05T04:11:00Z,Ames PD,M,0.137,0.138
2014-03-05T04:00:00Z,ISU PD,M,0.133,0.133
2014-03-04T02:35:00Z,ISU PD,M,0,0
2014-03-01T01:03:00Z,ISU PD,M,0.082,0.082
2014-02-28T03:47:00Z,ISU PD,F,0.065,0.064
2014-02-27T03:05:00Z,Ames PD,M,0.226,0.225
2014-02-27T01:26:00Z,ISU PD,M,0,0
2014-02-25T00:02:00Z,Ames PD,M,0.17800000000000002,0.17700000000000002
2014-02-24T22:41:00Z,Ames PD,M,0,0
2014-02-23T01:59:00Z,Ames PD,F,0.113,0.112
2014-02-23T00:38:00Z,Ames PD,M,0.196,0.195
2014-02-22T03:48:00Z,ISU PD,M,0.14400000000000002,0.14400000000000002
2014-02-22T02:27:00Z,ISU PD,M,0.064,0.063
2014-02-22T02:02:00Z,ISU PD,M,0.14,0.139
2014-02-22T01:10:00Z,ISU PD,F,0.06,0.059000000000000004
2014-02-22T01:01:00Z,Ames PD,F,0.17700000000000002,0.17600000000000002
2014-02-21T12:48:00Z,Ames PD,M,0.23500000000000001,0.23500000000000001
2014-02-21T01:28:00Z,ISU PD,M,0.164,0.163
2014-02-20T02:54:00Z,ISU PD,M,0.14900000000000002,0.14800000000000002
2014-02-20T02:47:00Z,ISU PD,M,0.09,0.09
2014-02-20T01:58:00Z,ISU PD,M,0.09,0.09
2014-02-19T23:46:00Z,ISU PD,M,0.027,0.027
2014-02-19T18:39:00Z,ISU PD,M,0,0
2014-02-19T03:23:00Z,ISU PD,M,0.10700000000000001,0.10600000000000001
2014-02-16T03:00:00Z,ISU PD,F,0.17700000000000002,0.17600000000000002
2014-02-15T04:22:00Z,ISU PD,M,0.12300000000000001,0.12200000000000001
2014-02-15T03:23:00Z,ISU PD,M,0.10800000000000001,0.10800000000000001
2014-02-14T20:38:00Z,Ames PD,M,0.088,0.089
2014-02-14T16:48:00Z,Ames PD,M,0.228,0.227
2014-02-13T02:03:00Z,ISU PD,M,0.08,0.08
2014-02-09T03:18:00Z,ISU PD,M,0.21300000000000002,0.21200000000000002
2014-02-08T05:25:00Z,Ames PD,M,0.09899999999999999,0.09899999999999999
2014-02-08T04:52:00Z,Ames PD,M,0.112,0.112
2014-02-08T04:39:00Z,ISU PD,F,0.168,0.168
2014-02-08T02:50:00Z,Ames PD,F,0.222,0.221
2014-02-07T03:04:00Z,Ames PD,M,0.20900000000000002,0.21000000000000002
2014-02-07T02:54:00Z,ISU PD,F,0.20800000000000002,0.20800000000000002
2014-02-07T02:24:00Z,ISU PD,M,0.119,0.118
2014-02-02T04:31:00Z,ISU PD,M,0.095,0.095
2014-02-02T02:01:00Z,ISU PD,F,0.10700000000000001,0.10700000000000001
2014-02-02T00:32:00Z,ISU PD,M,0,0
2014-02-01T03:35:00Z,ISU PD,F,0.089,0.089
2014-01-31T19:02:00Z,ISU PD,M,0.201,0.2
2014-01-31T03:42:00Z,ISU PD,M,0.097,0.097
2014-01-31T03:02:00Z,ISU PD,M,0.083,0.082
2014-01-28T19:07:00Z,ISU PD,F,0.134,0.134
2014-01-28T03:01:00Z,ISU PD,M,0.188,0.188
2014-01-26T01:27:00Z,ISU PD,M,0.081,0.08
2014-01-25T18:17:00Z,ISU PD,M,0.20600000000000002,0.20500000000000002
2014-01-25T04:07:00Z,ISU PD,F,0.08,0.08
2014-01-25T03:12:00Z,ISU PD,M,0.138,0.137
2014-01-25T02:45:00Z,ISU PD,F,0.061,0.061
2014-01-25T01:51:00Z,ISU PD,M,0.12200000000000001,0.12100000000000001
2014-01-24T03:04:00Z,ISU PD,M,0.085,0.084
2014-01-24T02:40:00Z,ISU PD,M,0.10700000000000001,0.10600000000000001
2014-01-23T02:50:00Z,ISU PD,F,0.17800000000000002,0.17700000000000002
2014-01-23T02:25:00Z,ISU PD,F,0.226,0.225
2014-01-20T20:19:00Z,ISU PD,F,0.20800000000000002,0.20800000000000002
2014-01-20T03:07:00Z,ISU PD,F,0.118,0.118
2014-01-18T17:38:00Z,ISU PD,M,0.279,0.279
2014-01-18T03:20:00Z,ISU PD,M,0.094,0.093
2014-01-17T03:38:00Z,ISU PD,M,0.182,0.181
2014-01-16T02:23:00Z,ISU PD,M,0.07,0.07
2014-01-12T04:47:00Z,ISU PD,F,0.10300000000000001,0.10200000000000001
2014-01-12T04:09:00Z,ISU PD,M,0.171,0.171
2014-01-12T01:58:00Z,ISU PD,M,0.137,0.137
2014-01-05T02:10:00Z,ISU PD,M,0.129,0.128
2014-01-04T03:36:00Z,ISU PD,M,0.14500000000000002,0.14400000000000002
2014-01-01T03:50:00Z,ISU PD,F,0.15900000000000003,0.15800000000000003
2014-01-01T03:07:00Z,ISU PD,M,0.17300000000000001,0.17300000000000001
2014-01-01T02:04:00Z,ISU PD,M,0.15800000000000003,0.15800000000000003
2013-12-29T03:29:00Z,ISU PD,M,0.134,0.133
2013-12-28T02:51:00Z,ISU PD,M,0.15700000000000003,0.15700000000000003
2013-12-28T02:39:00Z,ISU PD,M,0.10800000000000001,0.10800000000000001
2013-12-26T06:21:00Z,ISU PD,F,0.20600000000000002,0.20500000000000002
2013-12-25T05:13:00Z,ISU PD,M,0.10800000000000001,0.10800000000000001
2013-12-23T02:22:00Z,ISU PD,M,0.21500000000000002,0.21400000000000002
2013-12-22T03:12:00Z,ISU PD,M,0.114,0.114
2013-12-21T03:32:00Z,ISU PD,M,0.164,0.164
2013-12-21T03:20:00Z,ISU PD,M,0.127,0.127
2013-12-21T02:27:00Z,ISU PD,M,0.15100000000000002,0.15000000000000002
2013-12-21T01:14:00Z,ISU PD,M,0.08700000000000001,0.08700000000000001
2013-12-14T03:07:00Z,ISU PD,M,0.17300000000000001,0.17300000000000001
2013-12-13T02:31:00Z,ISU PD,F,0.16,0.16
2013-12-13T02:16:00Z,ISU PD,F,0.134,0.134
2013-12-12T23:52:00Z,ISU PD,F,0.21100000000000002,0.21000000000000002
2013-12-12T02:41:00Z,ISU PD,F,0.116,0.116
2013-12-12T00:12:00Z,ISU PD,F,0.231,0.231
2013-12-11T10:27:00Z,Ames PD,NA,0,0
2013-12-08T20:03:00Z,ISU PD,M,0.2,0.2
2013-12-08T04:38:00Z,ISU PD,F,0.14800000000000002,0.14700000000000002
2013-12-08T04:09:00Z,ISU PD,M,0.10600000000000001,0.10600000000000001
2013-12-08T02:04:00Z,ISU PD,M,0.07,0.07
2013-12-08T01:26:00Z,ISU PD,M,0.12100000000000001,0.12000000000000001
2013-12-07T02:31:00Z,ISU PD,M,0.17900000000000002,0.17800000000000002
2013-12-07T02:01:00Z,ISU PD,M,0.091,0.09
2013-12-05T02:56:00Z,ISU PD,F,0.185,0.184
2013-12-04T02:14:00Z,ISU PD,F,0.10300000000000001,0.10300000000000001
2013-12-01T03:36:00Z,ISU PD,F,0.098,0.098
2013-12-01T03:19:00Z,ISU PD,M,0.125,0.12400000000000001
2013-11-28T03:41:00Z,ISU PD,F,0.162,0.162
2013-11-28T02:50:00Z,ISU PD,M,0.10400000000000001,0.10300000000000001
2013-11-28T01:03:00Z,ISU PD,M,0.195,0.194
2013-11-24T05:28:00Z,ISU PD,M,0.039,0.039
2013-11-24T02:48:00Z,ISU PD,M,0.14800000000000002,0.14800000000000002
2013-11-23T21:51:00Z,ISU PD,M,0,0
2013-11-22T02:31:00Z,ISU PD,M,0.10600000000000001,0.10600000000000001
2013-11-21T02:33:00Z,ISU PD,F,0.132,0.132
2013-11-16T03:35:00Z,ISU PD,M,0.129,0.129
2013-11-16T02:26:00Z,ISU PD,M,0.14900000000000002,0.14900000000000002
2013-11-16T01:56:00Z,ISU PD,F,0.093,0.093
2013-11-16T01:44:00Z,ISU PD,M,0.15900000000000003,0.15900000000000003
2013-11-14T03:38:00Z,ISU PD,F,0.15000000000000002,0.14900000000000002
2013-11-14T03:02:00Z,ISU PD,M,0.164,0.163
2013-11-10T03:46:00Z,ISU PD,M,0.165,0.165
2013-11-09T03:42:00Z,ISU PD,F,0.1,0.1
2013-11-09T01:12:00Z,ISU PD,M,0.166,0.165
2013-11-03T17:37:00Z,ISU PD,M,0,0
2013-11-03T03:32:00Z,ISU PD,M,0.109,0.109
2013-11-03T01:22:00Z,ISU PD,F,0.126,0.126
2013-11-02T03:33:00Z,ISU PD,M,0.127,0.126
2013-11-01T04:05:00Z,ISU PD,M,0.17300000000000001,0.17300000000000001
2013-11-01T02:27:00Z,ISU PD,F,0.10200000000000001,0.101
2013-11-01T02:20:00Z,ISU PD,M,0.171,0.17
2013-11-01T02:11:00Z,ISU PD,M,0.07200000000000001,0.07200000000000001
2013-10-30T02:59:00Z,ISU PD,M,0.203,0.202
2013-10-29T23:41:00Z,ISU PD,M,0.005,0.006
2013-10-27T04:28:00Z,ISU PD,M,0.186,0.185
2013-10-26T20:00:00Z,ISU PD,M,0.196,0.195
2013-10-26T02:45:00Z,ISU PD,M,0.112,0.112
2013-10-25T02:06:00Z,ISU PD,F,0,0
2013-10-24T03:19:00Z,ISU PD,M,0.109,0.109
2013-10-24T02:35:00Z,ISU PD,M,0.20800000000000002,0.20800000000000002
2013-10-22T03:08:00Z,ISU PD,M,0,0
2013-10-20T02:17:00Z,ISU PD,M,0.17300000000000001,0.17300000000000001
2013-10-19T08:31:00Z,ISU PD,M,0.14100000000000001,0.14
2013-10-18T03:15:00Z,ISU PD,F,0.15000000000000002,0.15000000000000002
2013-10-17T03:11:00Z,ISU PD,F,0.08700000000000001,0.08700000000000001
2013-10-17T01:11:00Z,ISU PD,M,0,0
2013-10-16T02:23:00Z,ISU PD,M,0.126,0.125
2013-10-15T01:07:00Z,ISU PD,M,0.193,0.193
2013-10-13T04:32:00Z,ISU PD,M,0.193,0.192
2013-10-13T02:56:00Z,ISU PD,M,0.119,0.118
2013-10-12T05:00:00Z,ISU PD,M,0.14900000000000002,0.14800000000000002
2013-10-12T01:17:00Z,ISU PD,F,0.17200000000000001,0.171
2013-10-11T03:01:00Z,ISU PD,F,0.07200000000000001,0.07200000000000001
2013-10-08T02:42:00Z,ISU PD,M,0.224,0.224
2013-10-06T06:17:00Z,ISU PD,M,0.17400000000000002,0.17300000000000001
2013-10-06T04:08:00Z,ISU PD,F,0.139,0.139
2013-10-06T00:43:00Z,ISU PD,M,0,0
2013-10-03T21:32:00Z,ISU PD,M,0.089,0.089
2013-10-03T20:33:00Z,ISU PD,F,0,0
2013-10-03T02:59:00Z,ISU PD,M,0.12200000000000001,0.12200000000000001
2013-10-03T02:41:00Z,ISU PD,M,0.088,0.088
2013-10-02T03:15:00Z,ISU PD,M,0.134,0.133
2013-09-29T04:30:00Z,ISU PD,M,0.03,0.03
2013-09-29T03:10:00Z,ISU PD,M,0.07800000000000001,0.07700000000000001
2013-09-29T02:06:00Z,ISU PD,M,0.161,0.161
2013-09-28T04:21:00Z,ISU PD,F,0.08700000000000001,0.08700000000000001
2013-09-28T02:56:00Z,ISU PD,M,0.09,0.089
2013-09-28T01:40:00Z,ISU PD,F,0.082,0.082
2013-09-27T04:52:00Z,ISU PD,M,0,0
2013-09-27T02:57:00Z,ISU PD,F,0.127,0.126
2013-09-26T02:23:00Z,ISU PD,F,0.07400000000000001,0.07300000000000001
2013-09-26T00:54:00Z,ISU PD,M,0.15400000000000003,0.15400000000000003
2013-09-25T02:40:00Z,ISU PD,F,0.096,0.095
2013-09-25T01:37:00Z,ISU PD,M,0.101,0.1
2013-09-22T04:13:00Z,ISU PD,M,0.161,0.16
2013-09-22T03:25:00Z,ISU PD,F,0.15200000000000002,0.15100000000000002
2013-09-22T02:56:00Z,ISU PD,M,0.184,0.184
2013-09-22T00:47:00Z,ISU PD,M,0.14100000000000001,0.14100000000000001
2013-09-22T00:21:00Z,ISU PD,M,0.119,0.118
2013-09-21T03:15:00Z,ISU PD,F,0.024,0.023
2013-09-21T00:31:00Z,ISU PD,F,0.085,0.085
2013-09-20T02:55:00Z,ISU PD,M,0.164,0.164
2013-09-15T04:56:00Z,ISU PD,M,0.21300000000000002,0.21200000000000002
2013-09-15T02:44:00Z,ISU PD,M,0.197,0.196
2013-09-15T02:35:00Z,ISU PD,M,0.034999999999999996,0.034999999999999996
2013-09-15T02:25:00Z,ISU PD,F,0.021,0.02
2013-09-14T21:38:00Z,ISU PD,M,0.15000000000000002,0.15000000000000002
2013-09-14T05:00:00Z,ISU PD,M,0.059000000000000004,0.059000000000000004
2013-09-14T03:26:00Z,ISU PD,F,0.092,0.092
2013-09-14T03:05:00Z,ISU PD,M,0.117,0.117
2013-09-13T21:58:00Z,ISU PD,M,0.12300000000000001,0.12300000000000001
2013-09-13T03:00:00Z,ISU PD,M,0.109,0.10800000000000001
2013-09-13T02:51:00Z,ISU PD,F,0.10400000000000001,0.10300000000000001
2013-09-13T02:42:00Z,ISU PD,M,0.194,0.193
2013-09-08T20:10:00Z,ISU PD,F,0.21600000000000003,0.21500000000000002
2013-09-08T01:50:00Z,ISU PD,M,0,0
2013-09-07T03:13:00Z,ISU PD,M,0.23,0.228
2013-09-06T04:02:00Z,ISU PD,F,0.10600000000000001,0.10600000000000001
2013-09-06T03:27:00Z,ISU PD,F,0.14500000000000002,0.14400000000000002
2013-09-06T03:16:00Z,ISU PD,F,0.199,0.199
2013-09-06T02:51:00Z,ISU PD,M,0.129,0.128
2013-09-06T02:36:00Z,ISU PD,F,0.10300000000000001,0.10200000000000001
2013-09-05T03:05:00Z,ISU PD,M,0.10500000000000001,0.10400000000000001
2013-09-05T02:52:00Z,ISU PD,F,0.21000000000000002,0.21000000000000002
2013-09-05T01:27:00Z,ISU PD,M,0.07700000000000001,0.07600000000000001
2013-09-02T03:45:00Z,ISU PD,M,0.093,0.093
2013-09-01T03:15:00Z,ISU PD,F,0.118,0.117
2013-09-01T02:02:00Z,ISU PD,M,0.041,0.041
2013-08-31T23:43:00Z,ISU PD,M,0.21300000000000002,0.21200000000000002
2013-08-31T04:15:00Z,ISU PD,M,0.052000000000000005,0.052000000000000005
2013-08-31T03:16:00Z,ISU PD,M,0.166,0.165
2013-08-31T02:41:00Z,ISU PD,F,0.134,0.133
2013-08-31T01:13:00Z,ISU PD,M,0.17700000000000002,0.17600000000000002
2013-08-30T03:42:00Z,ISU PD,M,0.116,0.115
2013-08-30T01:37:00Z,ISU PD,M,0.094,0.094
2013-08-27T02:59:00Z,ISU PD,M,0.21900000000000003,0.21900000000000003
2013-08-25T05:31:00Z,ISU PD,M,0.08,0.08
2013-08-25T04:28:00Z,ISU PD,M,0.083,0.083
2013-08-25T03:37:00Z,ISU PD,M,0.14700000000000002,0.14600000000000002
2013-08-25T03:18:00Z,ISU PD,F,0.137,0.135
2013-08-25T01:10:00Z,ISU PD,M,0.187,0.186
2013-08-24T22:41:00Z,ISU PD,M,0,0
2013-08-24T04:13:00Z,ISU PD,F,0.039,0.038
2013-08-24T02:28:00Z,ISU PD,F,0.095,0.095
2013-08-24T00:59:00Z,ISU PD,M,0.089,0.089
2013-08-23T04:15:00Z,ISU PD,M,0.10600000000000001,0.10600000000000001
2013-08-23T03:00:00Z,ISU PD,F,0.127,0.126
2013-08-23T02:50:00Z,ISU PD,F,0.10300000000000001,0.10200000000000001
2013-08-23T00:41:00Z,ISU PD,M,0.046,0.045
2013-08-22T03:49:00Z,ISU PD,F,0.129,0.127
2013-08-20T03:37:00Z,ISU PD,M,0.07600000000000001,0.07600000000000001
2013-08-18T03:18:00Z,ISU PD,F,0.07700000000000001,0.07700000000000001
2013-08-18T02:08:00Z,ISU PD,F,0.049,0.048
2013-08-17T06:04:00Z,ISU PD,F,0.131,0.13
2013-08-17T04:44:00Z,ISU PD,M,0.07700000000000001,0.07600000000000001
2013-08-17T02:42:00Z,ISU PD,M,0.15900000000000003,0.15800000000000003
2013-08-17T02:24:00Z,ISU PD,M,0.06,0.059000000000000004
2013-08-17T02:13:00Z,ISU PD,F,0.193,0.192
2013-08-17T00:51:00Z,ISU PD,M,0.17800000000000002,0.17700000000000002
2013-08-16T04:10:00Z,ISU PD,F,0.116,0.115
2013-08-16T03:11:00Z,ISU PD,F,0.134,0.134
2013-08-16T01:40:00Z,ISU PD,M,0.184,0.184
2013-08-15T21:20:00Z,ISU PD,M,0.168,0.167
2013-08-15T03:46:00Z,ISU PD,M,0.084,0.084
2013-08-15T01:49:00Z,ISU PD,M,0.019,0.019
2013-08-11T03:46:00Z,ISU PD,M,0.17,0.169
2013-08-10T16:14:00Z,ISU PD,F,0,0
2013-08-10T05:14:00Z,ISU PD,M,0.088,0.08700000000000001
2013-08-10T03:07:00Z,ISU PD,M,0.056,0.056
2013-08-10T02:10:00Z,ISU PD,F,0.114,0.114
2013-08-08T02:38:00Z,ISU PD,F,0.115,0.114
2013-08-07T02:32:00Z,ISU PD,F,0.118,0.117
2013-08-06T03:10:00Z,ISU PD,F,0.091,0.091
2013-08-04T04:32:00Z,ISU PD,M,0.22,0.22
2013-08-04T03:39:00Z,ISU PD,M,0.07100000000000001,0.07100000000000001
2013-08-04T01:39:00Z,ISU PD,M,0.04,0.04
2013-08-02T02:53:00Z,ISU PD,M,0.21100000000000002,0.21000000000000002
2013-07-30T14:44:00Z,ISU PD,F,0.197,0.196
2013-07-30T01:09:00Z,ISU PD,M,0.127,0.126
2013-07-29T23:59:00Z,ISU PD,F,0.059000000000000004,0.059000000000000004
2013-07-29T21:00:00Z,ISU PD,M,0.128,0.127
2013-07-27T03:21:00Z,ISU PD,M,0.10200000000000001,0.101
2013-07-26T05:19:00Z,ISU PD,M,0.084,0.084
2013-07-26T03:50:00Z,ISU PD,M,0.171,0.17
2013-07-26T03:30:00Z,ISU PD,F,0.183,0.183
2013-07-24T04:18:00Z,ISU PD,F,0.161,0.16
2013-07-22T22:25:00Z,ISU PD,M,0.19,0.19
2013-07-21T03:38:00Z,ISU PD,M,0.10600000000000001,0.10600000000000001
2013-07-21T02:15:00Z,ISU PD,M,0.14900000000000002,0.14800000000000002
2013-07-20T22:14:00Z,ISU PD,F,0.098,0.098
2013-07-20T04:36:00Z,ISU PD,F,0,0
2013-07-20T03:43:00Z,ISU PD,M,0.07800000000000001,0.07800000000000001
2013-07-19T03:37:00Z,ISU PD,F,0.199,0.198
2013-07-19T03:15:00Z,ISU PD,F,0.14400000000000002,0.14300000000000002
2013-07-19T03:08:00Z,ISU PD,M,0.132,0.132
2013-07-18T03:30:00Z,ISU PD,F,0.042,0.042
2013-07-16T02:37:00Z,ISU PD,F,0,0
2013-07-14T03:46:00Z,ISU PD,M,0.139,0.14
2013-07-14T01:04:00Z,ISU PD,F,0.045,0.045
2013-07-13T02:44:00Z,ISU PD,M,0.17300000000000001,0.17200000000000001
2013-07-13T01:39:00Z,ISU PD,M,0.134,0.134
2013-07-13T01:09:00Z,ISU PD,M,0.29900000000000004,0.29700000000000004
2013-07-13T00:03:00Z,ISU PD,M,0.171,0.171
2013-07-12T04:32:00Z,ISU PD,M,0.091,0.091
2013-07-12T02:00:00Z,ISU PD,F,0.09899999999999999,0.09899999999999999
2013-07-11T02:52:00Z,ISU PD,M,0.15800000000000003,0.15800000000000003
2013-07-10T19:59:00Z,ISU PD,F,0.164,0.164
2013-07-10T02:40:00Z,ISU PD,M,0.11,0.109
2013-07-10T01:03:00Z,ISU PD,M,0.13,0.129
2013-07-09T03:17:00Z,ISU PD,F,0.12100000000000001,0.12000000000000001
2013-07-08T01:54:00Z,ISU PD,M,0.169,0.169
2013-07-07T03:55:00Z,ISU PD,F,0.12400000000000001,0.12400000000000001
2013-07-07T03:18:00Z,ISU PD,F,0.12000000000000001,0.119
2013-07-07T00:36:00Z,ISU PD,F,0.031,0.03
2013-07-06T02:26:00Z,ISU PD,M,0,0
2013-07-05T02:35:00Z,ISU PD,M,0.168,0.167
2013-07-05T00:51:00Z,ISU PD,M,0.117,0.116
2013-07-03T02:10:00Z,ISU PD,M,0.066,0.066
2013-07-02T01:25:00Z,ISU PD,NA,0,0
2013-06-30T05:30:00Z,ISU PD,F,0.303,0.302
2013-06-30T03:30:00Z,ISU PD,F,0.133,0.133
2013-06-29T01:42:00Z,ISU PD,M,0.20900000000000002,0.20800000000000002
2013-06-27T23:50:00Z,ISU PD,M,0,0
2013-06-26T03:28:00Z,ISU PD,F,0.115,0.115
2013-06-26T03:07:00Z,ISU PD,F,0.10400000000000001,0.10400000000000001
2013-06-25T04:35:00Z,ISU PD,F,0.10300000000000001,0.10300000000000001
2013-06-24T03:34:00Z,ISU PD,M,0.12000000000000001,0.12000000000000001
2013-06-23T19:57:00Z,ISU PD,M,0.15800000000000003,0.15700000000000003
2013-06-23T01:32:00Z,ISU PD,M,0.169,0.169
2013-06-21T23:46:00Z,ISU PD,M,0,0
2013-06-21T19:12:00Z,ISU PD,F,0,0
2013-06-21T04:10:00Z,ISU PD,M,0.17600000000000002,0.17600000000000002
2013-06-20T20:21:00Z,ISU PD,M,0,0
2013-06-20T01:49:00Z,ISU PD,M,0.161,0.16
2013-06-20T00:06:00Z,ISU PD,M,0.15900000000000003,0.15900000000000003
2013-06-16T05:06:00Z,ISU PD,F,0.131,0.13
2013-06-16T02:55:00Z,ISU PD,F,0.19,0.189
2013-06-12T01:39:00Z,ISU PD,F,0.169,0.169
2013-06-09T02:00:00Z,ISU PD,F,0.15500000000000003,0.15400000000000003
2013-06-08T01:32:00Z,ISU PD,M,0.138,0.138
2013-06-07T20:41:00Z,ISU PD,M,0,0
2013-06-07T00:58:00Z,ISU PD,F,0.1,0.09899999999999999
2013-06-05T23:14:00Z,ISU PD,M,0.093,0.093
2013-06-05T12:22:00Z,ISU PD,NA,0,0
2013-06-05T12:16:00Z,ISU PD,NA,0,0
2013-06-05T02:22:00Z,ISU PD,F,0.109,0.109
2013-06-04T02:50:00Z,ISU PD,M,0,0
2013-06-02T03:51:00Z,ISU PD,F,0.17300000000000001,0.17200000000000001
2013-05-31T18:17:00Z,ISU PD,M,0.198,0.197
2013-05-28T21:01:00Z,ISU PD,F,0.352,0.351
2013-05-27T03:19:00Z,ISU PD,F,0.10400000000000001,0.10400000000000001
2013-05-27T03:07:00Z,ISU PD,M,0.14400000000000002,0.14300000000000002
2013-05-26T23:43:00Z,ISU PD,M,0.097,0.096
2013-05-25T03:44:00Z,ISU PD,M,0.097,0.097
2013-05-25T02:12:00Z,ISU PD,M,0.21700000000000003,0.21600000000000003
2013-05-24T08:07:00Z,ISU PD,F,0.116,0.116
2013-05-24T01:42:00Z,ISU PD,M,0,0
2013-05-24T00:27:00Z,ISU PD,F,0.136,0.135
2013-05-20T03:36:00Z,ISU PD,M,0.17,0.169
2013-05-19T15:48:00Z,ISU PD,M,0,0
2013-05-19T04:12:00Z,ISU PD,M,0.07500000000000001,0.07500000000000001
2013-05-19T03:06:00Z,ISU PD,F,0.15200000000000002,0.15200000000000002
2013-05-18T22:15:00Z,ISU PD,M,0.17500000000000002,0.17400000000000002
2013-05-18T03:29:00Z,ISU PD,M,0.184,0.183
2013-05-16T02:31:00Z,ISU PD,M,0.064,0.063
2013-05-13T20:32:00Z,ISU PD,M,0.10800000000000001,0.10700000000000001
2013-05-12T03:43:00Z,ISU PD,M,0.201,0.201
2013-05-12T01:04:00Z,ISU PD,F,0.11,0.109
2013-05-10T02:25:00Z,ISU PD,NA,0.15600000000000003,0.15500000000000003
2013-05-10T01:27:00Z,ISU PD,M,0.14600000000000002,0.14500000000000002
2013-05-07T20:47:00Z,ISU PD,M,0.12300000000000001,0.12300000000000001
2013-05-07T02:04:00Z,ISU PD,M,0,0
2013-05-05T02:51:00Z,ISU PD,F,0.14800000000000002,0.14800000000000002
2013-05-05T00:26:00Z,ISU PD,F,0,0
2013-05-02T02:59:00Z,ISU PD,M,0.089,0.088
2013-05-01T16:32:00Z,Ames PD,NA,0,0
2013-04-27T03:47:00Z,ISU PD,F,0.2,0.199
2013-04-27T02:08:00Z,ISU PD,M,0.07200000000000001,0.07200000000000001
2013-04-27T01:09:00Z,ISU PD,F,0.202,0.201
2013-04-26T23:02:00Z,ISU PD,M,0.12000000000000001,0.119
2013-04-26T02:30:00Z,ISU PD,M,0.095,0.095
2013-04-23T13:10:00Z,ISU PD,NA,0,0
2013-04-21T02:38:00Z,Ames PD,M,0.043000000000000003,0.042
2013-04-21T02:15:00Z,Ames PD,F,0.14900000000000002,0.14800000000000002
2013-04-21T00:16:00Z,Ames PD,M,0,0
2013-04-20T23:54:00Z,Ames PD,M,0.115,0.114
2013-04-20T18:19:00Z,ISU PD,M,0.043000000000000003,0.042
2013-04-20T01:58:00Z,ISU PD,F,0.15000000000000002,0.14900000000000002
2013-04-20T01:42:00Z,Ames PD,M,0.114,0.114
2013-04-20T01:20:00Z,Ames PD,M,0.167,0.167
2013-04-19T02:58:00Z,ISU PD,M,0.111,0.11
2013-04-19T02:35:00Z,Ames PD,F,0.125,0.12400000000000001
2013-04-17T00:36:00Z,ISU PD,M,0.20500000000000002,0.20400000000000001
2013-04-16T11:02:00Z,ISU PD,M,0,0
2013-04-14T01:38:00Z,ISU PD,M,0,0
2013-04-13T04:40:00Z,ISU PD,F,0.048,0.048
2013-04-13T02:46:00Z,ISU PD,F,0.06899999999999999,0.068
2013-04-12T02:27:00Z,ISU PD,F,0.14800000000000002,0.14700000000000002
2013-04-11T07:11:00Z,ISU PD,M,0,0
2013-04-07T19:33:00Z,Ames PD,M,0.252,0.251
2013-04-07T19:20:00Z,Ames PD,M,0.23600000000000002,0.23500000000000001
2013-04-07T03:40:00Z,ISU PD,M,0.164,0.163
2013-04-06T04:02:00Z,ISU PD,M,0.095,0.095
2013-04-06T03:30:00Z,ISU PD,M,0.185,0.184
2013-03-31T02:58:00Z,Ames PD,F,0.135,0.135
2013-03-30T05:04:00Z,ISU PD,M,0.133,0.132
2013-03-30T02:40:00Z,ISU PD,M,0.15300000000000002,0.15200000000000002
2013-03-30T01:47:00Z,ISU PD,M,0.098,0.098
2013-03-30T01:11:00Z,ISU PD,M,0.07700000000000001,0.07700000000000001
2013-03-29T23:35:00Z,ISU PD,F,0.10400000000000001,0.10300000000000001
2013-03-29T01:51:00Z,ISU PD,M,0.126,0.126
2013-03-28T23:21:00Z,ISU PD,M,0,0
2013-03-28T18:01:00Z,ISU PD,F,0.11,0.11
2013-03-23T03:49:00Z,ISU PD,F,0.112,0.111
2013-03-22T02:46:00Z,ISU PD,M,0,0
2013-03-19T03:23:00Z,ISU PD,F,0.223,0.223
2013-03-17T20:16:00Z,Ames PD,M,0.166,0.165
2013-03-17T02:01:00Z,Ames PD,M,0.066,0.066
2013-03-16T01:52:00Z,ISU PD,M,0.228,0.228
2013-03-16T01:22:00Z,ISU PD,M,0.199,0.198
2013-03-12T02:53:00Z,Ames PD,F,0.138,0.137
2013-03-09T03:10:00Z,Ames PD,M,0.10400000000000001,0.10400000000000001
2013-03-09T02:01:00Z,ISU PD,M,0.111,0.111
2013-03-09T01:30:00Z,ISU PD,F,0.114,0.113
2013-03-09T01:28:00Z,Ames PD,M,0.17300000000000001,0.17200000000000001
2013-03-08T23:44:00Z,ISU PD,M,0.185,0.184
2013-03-08T23:04:00Z,ISU PD,M,0.052000000000000005,0.052000000000000005
2013-03-08T18:40:00Z,Ames PD,M,0,0
2013-03-07T05:31:00Z,Ames PD,M,0.201,0.199
2013-03-03T03:58:00Z,ISU PD,M,0.23600000000000002,0.23500000000000001
2013-03-03T01:45:00Z,Ames PD,M,0.2,0.199
2013-03-02T06:23:00Z,Ames PD,F,0.111,0.111
2013-03-02T04:39:00Z,Ames PD,M,0.081,0.08
2013-03-02T04:08:00Z,ISU PD,F,0.084,0.084
2013-03-02T04:01:00Z,ISU PD,F,0.058,0.057
2013-03-02T02:34:00Z,Ames PD,F,0.115,0.115
2013-02-28T03:06:00Z,ISU PD,M,0.10300000000000001,0.10300000000000001
2013-02-27T23:22:00Z,ISU PD,M,0.07600000000000001,0.07600000000000001
2013-02-26T02:17:00Z,Ames PD,M,0.17700000000000002,0.17500000000000002
2013-02-24T12:42:00Z,Ames PD,M,0.20600000000000002,0.20500000000000002
2013-02-24T03:50:00Z,ISU PD,M,0.117,0.117
2013-02-24T02:44:00Z,Ames PD,F,0.164,0.164
2013-02-23T23:50:00Z,Ames PD,M,0.198,0.197
2013-02-23T03:31:00Z,Ames PD,M,0.101,0.101
2013-02-23T02:59:00Z,ISU PD,M,0.116,0.115
2013-02-22T02:14:00Z,Ames PD,M,0.195,0.195
2013-02-22T01:35:00Z,Ames PD,M,0.129,0.128
2013-02-21T05:34:00Z,Ames PD,M,0,0
2013-02-21T02:56:00Z,Ames PD,F,0,0
2013-02-13T00:53:00Z,Ames PD,M,0.15800000000000003,0.15800000000000003
2013-02-10T02:31:00Z,Ames PD,M,0.195,0.195
2013-02-10T02:09:00Z,ISU PD,M,0.133,0.132
2013-02-09T02:46:00Z,ISU PD,M,0.10600000000000001,0.10600000000000001
2013-02-08T19:54:00Z,Ames PD,F,0.252,0.252
2013-02-08T02:12:00Z,ISU PD,F,0.117,0.117
2013-02-08T01:29:00Z,ISU PD,M,0.14600000000000002,0.14600000000000002
2013-02-06T01:12:00Z,Ames PD,M,0.14,0.14
2013-02-05T05:38:00Z,Ames PD,M,0,0
2013-02-03T03:05:00Z,ISU PD,M,0.184,0.184
2013-02-02T04:48:00Z,Ames PD,F,0.191,0.191
2013-02-02T03:19:00Z,ISU PD,M,0.115,0.115
2013-02-01T02:50:00Z,ISU PD,M,0.07,0.07
2013-01-30T00:02:00Z,ISU PD,F,0,0
2013-01-27T03:48:00Z,ISU PD,M,0.038,0.039
2013-01-27T01:55:00Z,ISU PD,M,0.093,0.093
2013-01-26T01:01:00Z,Ames PD,M,0.09899999999999999,0.098
2013-01-25T01:47:00Z,ISU PD,M,0.094,0.094
2013-01-22T22:01:00Z,ISU PD,M,0,0
2013-01-21T03:05:00Z,ISU PD,M,0.059000000000000004,0.058
2013-01-20T04:05:00Z,ISU PD,M,0.15900000000000003,0.15800000000000003
2013-01-20T02:31:00Z,Ames PD,F,0.195,0.194
2013-01-20T02:05:00Z,Ames PD,M,0.15500000000000003,0.15500000000000003
2013-01-20T01:33:00Z,ISU PD,M,0.14,0.139
2013-01-19T03:06:00Z,Ames PD,F,0.129,0.128
2013-01-18T04:00:00Z,ISU PD,M,0.111,0.11
2013-01-18T03:08:00Z,ISU PD,M,0.089,0.09
2013-01-15T02:47:00Z,ISU PD,M,0.14100000000000001,0.14
2013-01-13T03:10:00Z,ISU PD,F,0.028,0.028
2013-01-13T02:59:00Z,Ames PD,F,0.13,0.128
2013-01-13T02:15:00Z,Ames PD,M,0.20900000000000002,0.20900000000000002
2013-01-13T01:54:00Z,Ames PD,M,0.23900000000000002,0.23700000000000002
2013-01-13T01:33:00Z,Ames PD,F,0.118,0.117
2013-01-12T04:41:00Z,ISU PD,M,0.14400000000000002,0.14400000000000002
2013-01-12T02:26:00Z,ISU PD,M,0.125,0.125
2013-01-12T01:18:00Z,ISU PD,M,0.055,0.055
2013-01-11T04:07:00Z,Ames PD,M,0.181,0.182
2013-01-09T03:35:00Z,Ames PD,M,0,0
2013-01-09T03:34:00Z,ISU PD,F,0.134,0.133
2013-01-09T03:27:00Z,ISU PD,F,0,0
2013-01-06T01:12:00Z,ISU PD,F,0.085,0.085
2013-01-05T23:08:00Z,Ames PD,M,0.182,0.181
2013-01-04T02:07:00Z,ISU PD,M,0.066,0.065
2013-01-01T03:44:00Z,Ames PD,M,0.09,0.09
2013-01-01T02:25:00Z,ISU PD,F,0.132,0.131
2013-01-01T00:57:00Z,ISU PD,M,0.13,0.13
