product_id,listing_price,sale_price,discount,revenue
AH2430,,,,
G27341,75.99,37.99,0.5,1641.17
CM0081,9.99,5.99,0.4,398.93
B44832,69.99,34.99,0.5,2204.37
D98205,79.99,39.99,0.5,5182.7
B75586,47.99,19.2,0.6,1555.2
CG4051,47.99,23.99,0.5,86.36
CM0080,9.99,5.99,0.4,75.47
B75990,55.99,27.99,0.5,806.11
EE5761,65.99,39.59,0.4,2779.22
EE4553,75.99,45.59,0.4,2954.23
EF9315,65.99,39.59,0.4,2494.17
F35281,59.99,29.99,0.5,5236.25
EF9220,75.99,45.59,0.4,5087.84
EG0000,79.99,39.99,0.5,1151.71
B44889,59.99,29.99,0.5,3724.76
CL7417,45.99,22.99,0.5,662.11
CL7408,39.99,19.99,0.5,287.86
B43601,32.99,16.49,0.5,1840.28
EE8245,42.99,21.49,0.5,2591.69
EE8042,55.99,27.99,0.5,1511.46
CL7429,42.99,21.49,0.5,1663.33
CL7370,37.99,22.79,0.4,533.29
EE9946,65.99,32.99,0.5,4809.94
CK9741,37.99,18.99,0.5,2392.74
CL7363,32.99,19.79,0.4,1638.61
CL7372,37.99,22.79,0.4,2584.39
CL7430,42.99,21.49,0.5,3674.79
F34485,55.99,33.59,0.4,906.93
CL7365,32.99,19.79,0.4,1211.15
CL7373,32.99,19.79,0.4,3063.49
CL7364,32.99,19.79,0.4,106.87
CL7374,32.99,19.79,0.4,2386.67
EE8167,55.99,33.59,0.4,302.31
CL7410,39.99,23.99,0.4,3670.47
CL7401,55.99,33.59,0.4,241.85
EE8219,45.99,27.59,0.4,1738.17
CL7402,55.99,33.59,0.4,786.01
EE9929,85.99,51.59,0.4,1857.24
EE8221,65.99,39.59,0.4,2921.74
EE8224,65.99,39.59,0.4,5130.86
EE9941,65.99,39.59,0.4,2280.38
EE8522,75.99,45.59,0.4,6893.21
EE9932,55.99,33.59,0.4,4534.65
EE8375,69.99,41.99,0.4,302.33
EE9798,55.99,33.59,0.4,2902.18
EE8502,49.99,29.99,0.4,647.78
EF0450,49.99,29.99,0.4,4480.51
CL7375,32.99,19.79,0.4,391.84
EF0446,49.99,29.99,0.4,2267.24
EF0529,69.99,41.99,0.4,5215.16
EE9940,65.99,39.59,0.4,2351.65
EE4954,119.99,71.99,0.4,4535.37
G27996,,,,
CL4156,26.99,13.49,0.5,2161.1
EE4893,79.99,47.99,0.4,4059.95
EE9937,55.99,33.59,0.4,5683.43
G27649,79.99,47.99,0.4,3023.37
EE9797,55.99,33.59,0.4,2358.02
CI9914,49.99,20.0,0.6,3528.0
EE8252,42.99,21.49,0.5,232.09
CK9664,59.99,29.99,0.5,917.69
EE8501,49.99,29.99,0.4,4156.61
CL7602,47.99,23.99,0.5,734.09
CL7494,45.99,22.99,0.5,1158.7
EE7923,59.99,35.99,0.4,5700.82
EE5566,79.99,47.99,0.4,1986.79
CI1821,47.99,23.99,0.5,345.46
CJ0082,45.99,22.99,0.5,2648.45
CJ8062,59.99,29.99,0.5,2807.06
EE6038,75.99,45.59,0.4,5744.34
CM0068,12.99,7.79,0.4,827.3
CK9830,27.99,13.99,0.5,352.55
CJ0080,45.99,22.99,0.5,82.76
EG4957,79.99,79.99,0.0,5471.32
BD7438,79.99,39.99,0.5,6118.47
B75579,49.99,24.99,0.5,269.89
CM0057,12.99,7.79,0.4,645.01
CL0206,14.99,7.49,0.5,121.34
CJ8058,59.99,29.99,0.5,4696.43
BZ0086,79.99,39.99,0.5,2015.5
CJ8117,45.99,22.99,0.5,3600.23
CJ8073,55.99,27.99,0.5,3325.21
CL7551,47.99,23.99,0.5,2331.83
AC8122,79.99,39.99,0.5,4750.81
CM8453,199.99,99.99,0.5,179.98
EE3625,159.99,79.99,0.5,13534.31
CM0031,45.99,22.99,0.5,2027.72
EE7697,49.99,24.99,0.5,269.89
F36159,52.99,26.49,0.5,4720.52
F35028,19.99,9.99,0.5,1204.79
AC7042,99.99,49.99,0.5,4409.12
CJ8053,59.99,29.99,0.5,2267.24
BC0836,89.99,44.99,0.5,7288.38
F35275,65.99,32.99,0.5,5225.62
CJ8115,45.99,22.99,0.5,1820.81
CJ8089,49.99,24.99,0.5,3328.67
EE6128,59.99,35.99,0.4,1230.86
CJ8118,45.99,22.99,0.5,2234.63
CL7328,47.99,23.99,0.5,3411.38
CL7470,55.99,27.99,0.5,251.91
CL7541,49.99,24.99,0.5,4318.27
CL9928,35.99,21.59,0.4,1593.34
CM0045,15.99,9.59,0.4,138.1
CL7599,47.99,23.99,0.5,3454.56
CM0069,12.99,7.79,0.4,308.48
CL7511,,,,
CL7552,47.99,23.99,0.5,2936.38
EE9816,65.99,32.99,0.5,178.15
CL7545,55.99,27.99,0.5,2317.57
EE5060,89.99,53.99,0.4,4859.1
F36718,55.99,33.59,0.4,4534.65
CL9927,35.99,21.59,0.4,2759.2
CL7285,42.99,21.49,0.5,1856.74
CL7471,55.99,27.99,0.5,1813.75
B96360,79.99,39.99,0.5,503.87
EE5778,89.99,53.99,0.4,6705.56
EE4519,79.99,47.99,0.4,6133.12
EE4504,79.99,47.99,0.4,5614.83
EE4697,65.99,39.59,0.4,213.79
CM0044,15.99,9.59,0.4,1277.39
EE6045,79.99,47.99,0.4,172.76
CG6091,99.99,49.99,0.5,7558.49
G27834,139.99,69.99,0.5,4283.39
CL7598,47.99,23.99,0.5,2331.83
EE4709,75.99,45.59,0.4,4021.04
EE4948,119.99,71.99,0.4,4535.37
EE9671,69.99,41.99,0.4,3627.94
EE7046,79.99,47.99,0.4,2159.55
EF0451,49.99,34.99,0.3,3212.08
EE4561,75.99,45.59,0.4,984.74
CL7601,47.99,23.99,0.5,2202.28
CL7330,47.99,23.99,0.5,1338.64
CM6625,24.99,17.49,0.3,1290.76
FV3395,75.99,53.19,0.3,478.71
EF9317,65.99,39.59,0.4,5558.44
EF4954,79.99,55.99,0.3,9675.07
EE7104,75.99,45.59,0.4,2133.61
FV4070,79.99,55.99,0.3,5341.45
FV3918,89.99,62.99,0.3,8843.8
EE5055,49.99,29.99,0.4,4858.38
CM6626,24.99,17.49,0.3,3022.27
CQ2030,159.99,79.99,0.5,11806.52
EE5292,75.99,45.59,0.4,5662.28
BD8041,75.99,37.99,0.5,1436.02
B37719,75.99,45.59,0.4,7221.46
EE4505,79.99,47.99,0.4,2764.22
CM0072,9.99,4.99,0.5,179.64
EF0795,65.99,39.59,0.4,3135.53
EE5875,65.99,39.59,0.4,4917.08
EE4947,119.99,71.99,0.4,8552.41
CM6627,24.99,17.49,0.3,2046.33
CQ2039,169.99,84.99,0.5,8566.99
CG6193,75.99,53.19,0.3,1436.13
S82260,119.99,48.0,0.6,4406.4
EE4945,119.99,71.99,0.4,10884.89
EE7155,79.99,47.99,0.4,4923.77
B44846,59.99,29.99,0.5,2321.23
EE6044,79.99,47.99,0.4,7169.71
EH0192,,,,
EE7045,79.99,47.99,0.4,5355.68
CL7646,26.99,21.59,0.2,1904.24
CL7346,29.99,23.99,0.2,1597.73
EE5777,89.99,53.99,0.4,3692.92
AQ1210,99.99,49.99,0.5,7918.42
EF5925,79.99,55.99,0.3,9876.64
EE7032,119.99,71.99,0.4,12051.13
EE7708,79.99,47.99,0.4,1554.88
AQ1119,129.99,64.99,0.5,2690.59
F34311,79.99,39.99,0.5,4246.94
CL7645,26.99,21.59,0.2,3497.58
EE5089,89.99,53.99,0.4,3595.73
CL7565,49.99,24.99,0.5,2114.15
G27727,79.99,39.99,0.5,3311.17
B44697,79.99,39.99,0.5,6118.47
CL7400,55.99,27.99,0.5,3425.98
CL7437,52.99,26.49,0.5,3528.47
CL7563,49.99,24.99,0.5,44.98
CL7460,59.99,29.99,0.5,2591.14
CL7507,49.99,24.99,0.5,0.0
CM0061,12.99,7.79,0.4,196.31
F34308,79.99,39.99,0.5,4966.76
CL7506,49.99,24.99,0.5,3733.51
CL7344,29.99,23.99,0.2,3713.65
EE5318,109.99,65.99,0.4,10690.38
CL7564,49.99,24.99,0.5,2608.96
CL7439,52.99,26.49,0.5,3480.79
CL7345,29.99,23.99,0.2,475.0
CL7644,26.99,21.59,0.2,1243.58
CL7438,52.99,26.49,0.5,3719.2
CK9843,27.99,16.79,0.4,1420.43
EE8738,89.99,53.99,0.4,7871.74
CL7576,55.99,27.99,0.5,755.73
CL7482,45.99,22.99,0.5,4055.44
EE6129,59.99,35.99,0.4,64.78
EG3290,39.99,39.99,0.0,3671.08
CL7467,55.99,27.99,0.5,2871.77
EF1426,99.99,49.99,0.5,4499.1
CL7264,49.99,29.99,0.4,4318.56
CL7472,55.99,27.99,0.5,3778.65
CL7560,45.99,22.99,0.5,3724.38
EE4574,75.99,45.59,0.4,5580.22
CL7445,42.99,21.49,0.5,580.23
CL7404,39.99,19.99,0.5,2302.85
CL7515,52.99,26.49,0.5,3766.88
EE4763,79.99,47.99,0.4,6046.74
CL7616,39.99,23.99,0.4,2936.38
CL7591,42.99,21.49,0.5,889.69
CK9831,27.99,13.99,0.5,1762.74
EF2508,65.99,39.59,0.4,2993.0
CL7495,45.99,22.99,0.5,3186.41
EE5592,109.99,65.99,0.4,6176.66
EE5398,,,,
EE5304,129.99,77.99,0.4,4071.08
EE7242,79.99,47.99,0.4,8033.53
CM0064,14.99,7.49,0.5,323.57
EE7885,65.99,39.59,0.4,71.26
CM0049,14.99,8.99,0.4,1343.11
CL7548,47.99,23.99,0.5,2936.38
CK1088,55.99,27.99,0.5,3677.89
CL7263,49.99,24.99,0.5,2249.1
CL7483,45.99,22.99,0.5,2524.3
F34340,65.99,32.99,0.5,2078.37
CL7590,42.99,21.49,0.5,3790.84
CM0030,45.99,22.99,0.5,2027.72
CL7468,55.99,27.99,0.5,2519.1
EE8076,55.99,33.59,0.4,3144.02
CM5955,29.99,29.99,0.0,4912.36
B44870,29.99,29.99,0.0,2753.08
CL7265,49.99,24.99,0.5,3643.54
CL7484,45.99,22.99,0.5,1986.34
CL7537,59.99,35.99,0.4,6348.64
EE8088,45.99,27.59,0.4,446.96
CL7577,55.99,27.99,0.5,1763.37
CM0058,12.99,7.79,0.4,1093.72
EE7698,49.99,29.99,0.4,4858.38
CM0009,59.99,29.99,0.5,809.73
EE7884,69.99,41.99,0.4,151.16
F36922,79.99,39.99,0.5,5614.6
DB3114,75.99,37.99,0.5,3213.95
F36217,49.99,24.99,0.5,1079.57
EE8272,49.99,29.99,0.4,1889.37
CL7538,49.99,24.99,0.5,3283.69
EF0695,79.99,47.99,0.4,3714.43
DB3599,99.99,49.99,0.5,3149.37
CL7321,35.99,21.59,0.4,2059.69
DB2117,79.99,39.99,0.5,5974.51
EE4698,65.99,39.59,0.4,3206.79
B28166,79.99,39.99,0.5,4750.81
DB3259,75.99,37.99,0.5,5128.65
EE5534,79.99,47.99,0.4,8119.91
EF0811,79.99,39.99,0.5,431.89
CK9723,37.99,18.99,0.5,2221.83
CL7322,35.99,21.59,0.4,1399.03
CG6021,119.99,59.99,0.5,2699.55
CG6188,139.99,69.99,0.5,1007.86
BD7685,79.99,39.99,0.5,5398.65
BD7475,75.99,37.99,0.5,6427.91
EF9226,75.99,45.59,0.4,4677.53
F34668,65.99,32.99,0.5,4572.41
EE8257,37.99,22.79,0.4,1066.57
B37973,119.99,59.99,0.5,3995.33
EE7068,75.99,45.59,0.4,1969.49
EH1363,59.99,59.99,0.0,647.89
EE5772,89.99,53.99,0.4,8163.29
CG6104,,,,
EF2437,179.99,89.99,0.5,4049.55
CM0070,12.99,7.79,0.4,1388.18
D96760,119.99,59.99,0.5,971.84
CM0077,12.99,7.79,0.4,490.77
CM0091,14.99,7.49,0.5,337.05
CL7550,47.99,23.99,0.5,561.37
F36675,39.99,23.99,0.4,1943.19
EF1065,65.99,39.59,0.4,2422.91
EH1361,59.99,59.99,0.0,1403.77
CL0243,12.99,6.49,0.5,700.92
CG6177,139.99,69.99,0.5,11464.36
FV3288,79.99,79.99,0.0,4751.41
EE4949,119.99,71.99,0.4,5053.7
BB2344,99.99,40.0,0.6,2448.0
EE6080,59.99,29.99,0.5,3616.79
EE6047,79.99,47.99,0.4,7169.71
EF0078,75.99,45.59,0.4,4021.04
EE5565,79.99,47.99,0.4,5528.45
EF4965,79.99,79.99,0.0,2591.68
EE4946,119.99,71.99,0.4,9589.07
B37090,99.99,49.99,0.5,7288.54
F36516,42.99,25.79,0.4,1392.66
DB3112,59.99,29.99,0.5,3454.85
EH1366,59.99,59.99,0.0,7774.7
CG6164,79.99,39.99,0.5,6262.43
EE4959,119.99,71.99,0.4,5572.03
EF2438,179.99,107.99,0.4,2915.73
F35567,69.99,34.99,0.5,5101.54
EE8165,55.99,33.59,0.4,3264.95
EE5846,65.99,39.59,0.4,1068.93
F34846,55.99,27.99,0.5,856.49
B41663,79.99,39.99,0.5,2159.46
CK9690,42.99,21.49,0.5,2823.79
EE7927,65.99,32.99,0.5,1603.31
CK9688,49.99,24.99,0.5,1934.23
CK9424,52.99,26.49,0.5,2336.42
CK9430,55.99,27.99,0.5,4030.56
CG6228,119.99,59.99,0.5,7018.83
DB3600,99.99,49.99,0.5,7828.43
EE9892,89.99,44.99,0.5,3482.23
CL7461,45.99,22.99,0.5,2400.16
CK9678,49.99,24.99,0.5,0.0
CK9696,45.99,22.99,0.5,3889.91
CK9695,45.99,22.99,0.5,2151.86
CK9683,49.99,24.99,0.5,1754.3
CK9692,49.99,24.99,0.5,944.62
EE7919,59.99,29.99,0.5,4696.43
CL7517,52.99,26.49,0.5,2002.64
CK9698,45.99,22.99,0.5,331.06
CK9418,55.99,27.99,0.5,3728.27
EF0322,129.99,77.99,0.4,3228.79
CK9427,52.99,26.49,0.5,2813.24
EF0437,,,,
EF0435,55.99,27.99,0.5,4987.82
CJ8090,49.99,24.99,0.5,1259.5
CL7542,49.99,24.99,0.5,4363.25
CL7311,35.99,17.99,0.5,712.4
EE8028,59.99,29.99,0.5,809.73
CL7398,55.99,27.99,0.5,1410.7
CL7306,39.99,19.99,0.5,2518.74
CK9697,45.99,22.99,0.5,1779.43
CI9915,49.99,24.99,0.5,2923.83
CK9590,52.99,26.49,0.5,2431.78
CL7458,59.99,29.99,0.5,4804.4
CI9913,49.99,24.99,0.5,4318.27
CL7459,59.99,29.99,0.5,3994.67
CI9991,49.99,24.99,0.5,2608.96
F36996,55.99,27.99,0.5,100.76
CJ7974,52.99,26.49,0.5,2527.15
CL7588,42.99,21.49,0.5,309.46
CL7407,39.99,19.99,0.5,3274.36
CL7406,39.99,19.99,0.5,3058.47
CK9420,55.99,27.99,0.5,100.76
CL7389,55.99,27.99,0.5,2015.28
CL7516,52.99,26.49,0.5,1335.1
CI9989,49.99,24.99,0.5,809.68
CL7405,39.99,19.99,0.5,1763.12
CL7473,55.99,27.99,0.5,151.15
CJ8110,45.99,22.99,0.5,289.67
CJ8019,45.99,22.99,0.5,2193.25
CK9604,45.99,22.99,0.5,1075.93
CK9431,55.99,27.99,0.5,2468.72
EE7289,59.99,35.99,0.4,3757.36
B75580,49.99,24.99,0.5,3553.58
CK9432,55.99,27.99,0.5,856.49
EE4925,119.99,71.99,0.4,12051.13
EE4953,119.99,71.99,0.4,4146.62
CL7469,55.99,27.99,0.5,4887.05
EF8858,79.99,47.99,0.4,2505.08
EF9219,75.99,45.59,0.4,7303.52
CL7513,52.99,26.49,0.5,2956.28
EE7098,89.99,53.99,0.4,2138.0
CL7425,45.99,22.99,0.5,3517.47
CL7508,49.99,24.99,0.5,2114.15
EE7292,55.99,33.59,0.4,2297.56
CL7589,42.99,21.49,0.5,1547.28
CJ8061,59.99,29.99,0.5,4966.34
EE5847,65.99,39.59,0.4,1425.24
CK9686,49.99,24.99,0.5,1934.23
EE4567,75.99,45.59,0.4,6975.27
EE5585,79.99,47.99,0.4,3196.13
B96519,69.99,34.99,0.5,1952.44
B96563,65.99,26.4,0.6,760.32
CL7547,55.99,27.99,0.5,2116.04
EE4563,75.99,45.59,0.4,6729.08
CK9714,,,,
F36475,52.99,26.49,0.5,4005.29
FV8794,55.99,55.99,0.0,4434.41
EE5177,129.99,77.99,0.4,10669.03
CL7582,45.99,22.99,0.5,496.58
F36339,49.99,49.99,0.0,3509.3
EF1963,79.99,47.99,0.4,1036.58
F34442,45.99,22.99,0.5,1075.93
EE9933,55.99,55.99,0.0,8969.6
EE6090,59.99,35.99,0.4,1036.51
B75583,47.99,23.99,0.5,3281.83
EE7922,59.99,29.99,0.5,5020.33
EE5081,49.99,24.99,0.5,2294.08
EE4678,79.99,47.99,0.4,2936.99
CM0076,12.99,7.79,0.4,546.86
B28156,79.99,47.99,0.4,4664.63
EF0527,49.99,49.99,0.0,7288.54
EE4566,75.99,45.59,0.4,4923.72
EE8302,49.99,49.99,0.0,1709.66
CM0075,9.99,5.99,0.4,614.57
EF0152,55.99,55.99,0.0,1612.51
CM0093,14.99,8.99,0.4,32.36
F36218,49.99,49.99,0.0,3509.3
CM0083,9.99,5.99,0.4,625.36
CM0078,12.99,7.79,0.4,532.84
CM0079,12.99,7.79,0.4,897.41
CM0074,9.99,5.99,0.4,237.2
CM0073,9.99,5.99,0.4,1002.73
CM0092,14.99,8.99,0.4,873.83
EG8672,55.99,55.99,0.0,2721.11
EG8480,45.99,45.99,0.0,6622.56
EG3148,45.99,45.99,0.0,745.04
CM0082,9.99,5.99,0.4,312.68
EG3185,49.99,49.99,0.0,2789.44
EG4006,55.99,55.99,0.0,100.78
EG4007,55.99,55.99,0.0,9473.51
EH1178,49.99,49.99,0.0,5848.83
EG4316,65.99,65.99,0.0,712.69
EG3253,49.99,49.99,0.0,6028.79
EG4314,65.99,65.99,0.0,4276.15
EH1379,55.99,55.99,0.0,4535.19
EH2586,55.99,55.99,0.0,403.13
EG3698,49.99,49.99,0.0,989.8
EH0165,49.99,49.99,0.0,3149.37
EH1211,55.99,55.99,0.0,8566.47
CK9665,59.99,29.99,0.5,3886.7
CK9663,59.99,29.99,0.5,3994.67
EG3953,65.99,65.99,0.0,9146.21
EG4176,49.99,49.99,0.0,1259.75
CI9916,49.99,24.99,0.5,3778.49
EG4175,49.99,49.99,0.0,8458.31
EG4004,55.99,55.99,0.0,1713.29
CJ8068,55.99,27.99,0.5,3022.92
CK9681,,,,
EE9731,55.99,27.99,0.5,4987.82
CK9591,52.99,26.49,0.5,1668.87
CK9648,45.99,22.99,0.5,1489.75
CK9602,45.99,22.99,0.5,1531.13
F34491,59.99,29.99,0.5,3184.94
CK9693,49.99,24.99,0.5,3958.42
CJ8013,49.99,24.99,0.5,3463.61
CL7567,49.99,24.99,0.5,1394.44
CK9694,49.99,24.99,0.5,2833.87
CL7604,42.99,21.49,0.5,1315.19
CL7488,39.99,19.99,0.5,2626.69
CK9436,42.99,21.49,0.5,1585.96
CK9592,52.99,26.49,0.5,95.36
CL7366,37.99,22.79,0.4,3445.85
CK9661,55.99,27.99,0.5,3526.74
CK9650,45.99,22.99,0.5,1944.95
CL7415,45.99,27.59,0.4,4668.23
CL7626,45.99,27.59,0.4,2383.78
CJ7990,55.99,27.99,0.5,1511.46
CL7534,59.99,35.99,0.4,6348.64
CL7413,45.99,27.59,0.4,198.65
CK9500,45.99,22.99,0.5,1282.84
CL7369,37.99,22.79,0.4,3240.74
EE8156,59.99,35.99,0.4,6219.07
CL7607,42.99,21.49,0.5,812.32
CL7385,55.99,33.59,0.4,967.39
EE9856,69.99,41.99,0.4,6122.14
EE8260,55.99,33.59,0.4,2176.63
EE8448,55.99,33.59,0.4,5743.89
EE8181,69.99,41.99,0.4,2116.3
CK9682,49.99,24.99,0.5,989.6
CL7377,49.99,29.99,0.4,4426.52
CL7605,42.99,21.49,0.5,270.77
EE9734,55.99,33.59,0.4,1934.78
EF1053,69.99,41.99,0.4,5290.74
EE7925,65.99,39.59,0.4,1567.76
CL7614,39.99,23.99,0.4,1986.37
EE9847,69.99,41.99,0.4,1587.22
EG3289,39.99,39.99,0.0,2447.39
CL7615,39.99,23.99,0.4,3713.65
CL7276,49.99,24.99,0.5,44.98
CL7453,52.99,31.79,0.4,1144.44
CL7329,47.99,28.79,0.4,51.82
CL7387,55.99,33.59,0.4,1511.55
CM4762,45.99,45.99,0.0,3062.93
CM4984,24.99,24.99,0.0,4273.29
CM4691,37.99,37.99,0.0,3624.25
CM4826,29.99,29.99,0.0,2645.12
CM0015,49.99,24.99,0.5,3553.58
EE8603,79.99,47.99,0.4,7774.38
CL7496,45.99,27.59,0.4,4171.61
EE8444,55.99,33.59,0.4,1148.78
CM4827,,,,
CM0014,49.99,24.99,0.5,0.0
CM4737,35.99,35.99,0.0,259.13
EF0440,55.99,33.59,0.4,3809.11
EE9748,59.99,35.99,0.4,2785.63
EG4223,49.99,49.99,0.0,1889.62
CM0013,49.99,24.99,0.5,1574.37
B44880,69.99,41.99,0.4,1738.39
F34876,69.99,41.99,0.4,3023.28
EE8836,79.99,79.99,0.0,2015.75
EF0523,55.99,33.59,0.4,5743.89
EH1858,49.99,49.99,0.0,1799.64
EG3821,55.99,55.99,0.0,2116.42
EF4458,75.99,75.99,0.0,12036.82
EG3291,39.99,39.99,0.0,5902.52
EF5928,75.99,75.99,0.0,13541.42
EH1859,49.99,49.99,0.0,4769.05
CM4828,29.99,29.99,0.0,809.73
EG3295,39.99,39.99,0.0,2519.37
CM4985,24.99,24.99,0.0,2563.97
CM4964,32.99,32.99,0.0,475.06
CM4690,37.99,37.99,0.0,1777.93
EF4970,79.99,79.99,0.0,3455.57
CM0010,59.99,29.99,0.5,4048.65
EF6877,79.99,79.99,0.0,2447.69
FW6635,109.99,109.99,0.0,6731.39
CM4760,45.99,45.99,0.0,5132.48
DB3258,75.99,75.99,0.0,5197.72
EF4375,119.99,119.99,0.0,3671.69
EE7159,75.99,75.99,0.0,4513.81
CM4983,24.99,24.99,0.0,3598.56
EE8925,79.99,79.99,0.0,6479.19
G27722,79.99,79.99,0.0,10366.7
EG2012,89.99,89.99,0.0,2105.77
EG9825,65.99,65.99,0.0,5701.54
EF4966,79.99,79.99,0.0,10222.72
EH1389,79.99,79.99,0.0,6623.17
EG9824,65.99,65.99,0.0,10215.25
EF6058,65.99,65.99,0.0,10571.6
EF6508,79.99,79.99,0.0,4895.39
EG5475,79.99,79.99,0.0,13390.33
EF5320,89.99,89.99,0.0,14254.42
EF5642,79.99,79.99,0.0,1007.87
EE7160,75.99,75.99,0.0,12310.38
EF5547,85.99,85.99,0.0,13620.82
EG7753,75.99,75.99,0.0,2188.51
EF5549,85.99,85.99,0.0,12227.78
EF5314,89.99,89.99,0.0,1619.82
EF4933,75.99,75.99,0.0,3282.77
EG9829,89.99,89.99,0.0,1943.78
EG7876,75.99,75.99,0.0,12857.51
EF4935,75.99,75.99,0.0,11489.69
EF4983,79.99,79.99,0.0,1871.77
EG9053,,,,
EF4374,119.99,119.99,0.0,20086.33
EH3522,79.99,79.99,0.0,6191.23
EG0576,79.99,79.99,0.0,9646.79
EF6507,79.99,79.99,0.0,431.95
EF5386,89.99,89.99,0.0,11824.69
CL7520,52.99,31.79,0.4,5207.2
EG0578,79.99,79.99,0.0,7631.05
EG6920,79.99,79.99,0.0,4175.48
EG6846,79.99,79.99,0.0,4031.5
EE9854,69.99,41.99,0.4,4534.92
CL7456,52.99,31.79,0.4,2059.99
EE9733,55.99,33.59,0.4,2478.94
CL7333,35.99,21.59,0.4,2720.34
EE9729,55.99,33.59,0.4,5320.66
EG6845,79.99,79.99,0.0,11086.61
EE8202,69.99,41.99,0.4,7180.29
CL7361,32.99,19.79,0.4,641.2
EE8265,55.99,33.59,0.4,1511.55
EE8604,79.99,47.99,0.4,6651.41
EF1052,69.99,41.99,0.4,5139.58
EF1051,69.99,41.99,0.4,4005.85
EE9732,55.99,33.59,0.4,3809.11
EF0433,55.99,33.59,0.4,2055.71
EE9895,89.99,53.99,0.4,8454.83
EE8128,59.99,35.99,0.4,2720.84
EE7928,65.99,39.59,0.4,5558.44
EE9266,89.99,53.99,0.4,777.46
CL9915,24.99,14.99,0.4,620.59
CL7533,59.99,35.99,0.4,5506.47
CM0012,49.99,24.99,0.5,4453.22
CM0032,45.99,22.99,0.5,2979.5
EE8200,69.99,41.99,0.4,5215.16
CL7332,35.99,21.59,0.4,3303.27
F37008,79.99,39.99,0.5,2159.46
EE9728,55.99,33.59,0.4,0.0
B75581,49.99,24.99,0.5,3958.42
F34851,55.99,27.99,0.5,3728.27
EF0434,55.99,33.59,0.4,1451.09
CM0008,59.99,29.99,0.5,5128.29
CL7487,39.99,19.99,0.5,1403.3
EE8212,69.99,41.99,0.4,2116.3
CL7465,55.99,27.99,0.5,554.2
EE9758,59.99,35.99,0.4,2202.59
CL7334,35.99,21.59,0.4,3536.44
EE9735,55.99,33.59,0.4,2539.4
CL9925,29.99,14.99,0.5,2185.54
F34820,79.99,39.99,0.5,4246.94
CM0023,39.99,19.99,0.5,971.51
EF0584,79.99,47.99,0.4,518.29
CL7307,39.99,19.99,0.5,1691.15
BB7066,59.99,29.99,0.5,2051.32
CM0033,45.99,22.99,0.5,3434.71
CL7443,,,,
CL9962,27.99,16.79,0.4,2961.76
CK9685,49.99,24.99,0.5,2518.99
CJ7959,55.99,27.99,0.5,3123.68
CL7546,55.99,27.99,0.5,755.73
CL7286,42.99,21.49,0.5,2785.1
CJ8018,45.99,22.99,0.5,289.67
CK9447,45.99,22.99,0.5,1448.37
B96555,79.99,39.99,0.5,1511.62
G28939,149.99,74.99,0.5,6479.14
FV3428,79.99,79.99,0.0,5759.28
FV3289,79.99,79.99,0.0,3455.57
CK9528,37.99,18.99,0.5,2221.83
CK9603,45.99,22.99,0.5,1820.81
CL7566,49.99,24.99,0.5,3373.65
FV3671,139.99,139.99,0.0,21922.43
FV3335,89.99,89.99,0.0,1781.8
FV3675,129.99,129.99,0.0,467.96
EG8690,55.99,39.19,0.3,4514.69
F36642,55.99,39.19,0.3,3950.35
CG4045,49.99,24.99,0.5,2563.97
CL7633,26.99,18.89,0.3,102.01
FV3334,89.99,89.99,0.0,11986.67
FV3361,109.99,109.99,0.0,17026.45
EG5345,75.99,75.99,0.0,7933.36
FV3353,109.99,109.99,0.0,10691.03
FV3187,75.99,75.99,0.0,3829.9
FV3631,79.99,79.99,0.0,2015.75
FU7134,99.99,99.99,0.0,12418.76
FV3374,79.99,79.99,0.0,11230.6
FV3336,89.99,89.99,0.0,5993.33
FU9352,129.99,129.99,0.0,18718.56
FV3327,79.99,79.99,0.0,4031.5
FU9350,129.99,129.99,0.0,233.98
FW1646,75.99,75.99,0.0,10258.65
FV3186,75.99,75.99,0.0,10395.43
FV3294,79.99,79.99,0.0,5615.3
FW9618,79.99,79.99,0.0,11518.56
FV3352,109.99,109.99,0.0,16234.52
FW1647,75.99,75.99,0.0,7249.45
FW8423,109.99,109.99,0.0,13660.76
EE6822,65.99,39.59,0.4,4133.2
FV3290,79.99,79.99,0.0,13102.36
FV3305,89.99,89.99,0.0,12148.65
EE8081,55.99,33.59,0.4,5864.81
B37680,99.99,49.99,0.5,1259.75
CG6270,139.99,69.99,0.5,3905.44
CQ2031,159.99,79.99,0.5,1583.8
CG6037,119.99,59.99,0.5,1835.69
EF3539,65.99,39.59,0.4,2066.6
EE4919,119.99,71.99,0.4,4924.12
FU9349,129.99,129.99,0.0,11231.14
CL9960,24.99,12.49,0.5,562.05
EF0091,,,,
CL9968,27.99,16.79,0.4,0.0
F33805,119.99,59.99,0.5,539.91
EE6031,75.99,45.59,0.4,492.37
BC0033,65.99,32.99,0.5,1781.46
EE7030,119.99,71.99,0.4,3628.3
EE4923,129.99,77.99,0.4,5615.28
EE6089,59.99,35.99,0.4,1619.55
EE6108,59.99,35.99,0.4,4210.83
CQ2460,89.99,44.99,0.5,7369.36
B37681,75.99,45.59,0.4,7139.39
CQ2035,99.99,49.99,0.5,3509.3
CG6618,99.99,49.99,0.5,3689.26
FV3667,139.99,139.99,0.0,9827.3
CQ2044,79.99,39.99,0.5,5758.56
FW9617,79.99,79.99,0.0,1727.78
CM4692,37.99,37.99,0.0,0.0
B44619,49.99,29.99,0.4,3022.99
CP9514,59.99,24.0,0.6,3758.4
FV6058,49.99,34.99,0.3,4093.83
G27720,79.99,39.99,0.5,1799.55
CQ2333,59.99,35.99,0.4,1749.11
FV6057,49.99,34.99,0.3,6172.24
FV6056,49.99,34.99,0.3,4156.81
EE5521,79.99,47.99,0.4,3541.66
B37974,119.99,59.99,0.5,8962.51
BD7575,119.99,59.99,0.5,9286.45
EE7026,119.99,71.99,0.4,6479.1
EE6256,119.99,71.99,0.4,8941.16
CM4548,24.99,17.49,0.3,1605.58
G54050,99.99,49.99,0.5,6028.79
CI1741,49.99,20.0,0.6,3564.0
EE6660,109.99,65.99,0.4,1662.95
EE7243,79.99,47.99,0.4,863.82
EE6668,109.99,65.99,0.4,475.13
EE5086,129.99,77.99,0.4,11511.32
CM0027,49.99,29.99,0.4,377.87
EF8973,89.99,53.99,0.4,5539.37
G28940,189.99,76.0,0.6,9576.0
CJ8059,59.99,29.99,0.5,3076.97
CI9941,45.99,22.99,0.5,2400.16
CL4158,26.99,18.89,0.3,2584.15
BB3293,47.99,19.2,0.6,2833.92
EE5640,75.99,45.59,0.4,820.62
CM0063,12.99,7.79,0.4,729.14
CL9946,27.99,16.79,0.4,997.33
CM0071,12.99,7.79,0.4,911.43
CM0051,14.99,8.99,0.4,16.18
CM0087,14.99,8.99,0.4,485.46
CM0048,14.99,8.99,0.4,1537.29
CM0062,12.99,7.79,0.4,420.66
G28449,79.99,39.99,0.5,3383.15
CM0086,14.99,8.99,0.4,1165.1
CL7643,,,,
CM0067,14.99,8.99,0.4,275.09
CL7559,45.99,22.99,0.5,2731.21
CJ7994,45.99,22.99,0.5,2565.68
CM0059,12.99,7.79,0.4,84.13
CL7462,45.99,22.99,0.5,2358.77
CK9680,49.99,24.99,0.5,3058.78
CM0024,39.99,23.99,0.4,2634.1
CL9924,29.99,17.99,0.4,2946.76
F34564,45.99,22.99,0.5,2441.54
CJ7972,52.99,26.49,0.5,3337.74
CL7283,42.99,21.49,0.5,3171.92
CK9465,39.99,19.99,0.5,1691.15
EE9514,79.99,39.99,0.5,5974.51
CM0047,15.99,9.59,0.4,776.79
G27026,109.99,76.99,0.3,4296.04
F36338,59.99,29.99,0.5,3832.72
CJ8077,49.99,24.99,0.5,2204.12
CM0028,49.99,29.99,0.4,2375.21
CL9939,32.99,19.79,0.4,997.42
CM0056,12.99,7.79,0.4,434.68
CL9916,27.99,16.79,0.4,2145.76
CL9950,27.99,16.79,0.4,483.55
EE9973,75.99,45.59,0.4,6647.02
CL7359,32.99,16.49,0.5,712.37
BB7614,59.99,29.99,0.5,1835.39
CL9965,27.99,16.79,0.4,60.44
CQ1176,75.99,37.99,0.5,5538.94
CL9913,24.99,14.99,0.4,1591.94
EE8115,59.99,35.99,0.4,777.38
EE7497,59.99,35.99,0.4,4340.39
F97209,119.99,59.99,0.5,8854.52
EE8114,59.99,35.99,0.4,64.78
CM0046,15.99,9.59,0.4,1450.01
EF0133,59.99,35.99,0.4,6413.42
EE9969,75.99,45.59,0.4,6072.59
EG8062,75.99,53.19,0.3,4308.39
EE9867,65.99,39.59,0.4,997.67
EE6187,39.99,23.99,0.4,259.09
EF1037,59.99,35.99,0.4,1554.77
EE9833,59.99,35.99,0.4,4469.96
EE9835,59.99,35.99,0.4,64.78
B96508,119.99,59.99,0.5,9934.34
AQ1136,149.99,74.99,0.5,8773.83
CQ2029,159.99,79.99,0.5,7631.05
EE9862,65.99,39.59,0.4,2137.86
EE8325,49.99,29.99,0.4,2537.15
BY2976,109.99,44.0,0.6,2059.2
EE9970,75.99,45.59,0.4,246.19
EE9840,55.99,33.59,0.4,1995.25
EF0130,59.99,35.99,0.4,4146.05
F34882,59.99,29.99,0.5,2159.28
CQ2042,79.99,39.99,0.5,3815.05
B37538,,,,
EF0135,59.99,35.99,0.4,777.38
AQ1141,79.99,32.0,0.6,3916.8
BD8017,139.99,69.99,0.5,251.96
EF1036,59.99,35.99,0.4,5636.03
FV3914,89.99,89.99,0.0,13606.49
B28041,89.99,44.99,0.5,4130.08
B37534,99.99,49.99,0.5,7288.54
EF1899,89.99,53.99,0.4,5247.83
EE5615,59.99,35.99,0.4,5506.47
CQ2034,99.99,49.99,0.5,1349.73
EF4457,75.99,75.99,0.0,7112.66
CQ2530,119.99,59.99,0.5,5831.03
EE8220,45.99,27.59,0.4,2632.09
EE5182,129.99,77.99,0.4,8001.77
AW4212,49.99,34.99,0.3,3023.14
CG6025,119.99,59.99,0.5,9178.47
EE5175,129.99,77.99,0.4,9686.36
CG6142,79.99,39.99,0.5,3239.19
EE5917,129.99,77.99,0.4,11090.18
EE5567,79.99,47.99,0.4,6996.94
DA8966,99.99,49.99,0.5,1979.6
EE4679,79.99,47.99,0.4,1468.49
F34751,49.99,24.99,0.5,3013.79
EE4682,79.99,47.99,0.4,7860.76
F36389,149.99,74.99,0.5,1889.75
CK9720,42.99,21.49,0.5,2359.6
CG3527,119.99,59.99,0.5,2051.66
EF3533,65.99,39.59,0.4,1639.03
CK9728,29.99,14.99,0.5,2293.47
BB7218,109.99,54.99,0.5,9205.33
BB2270,119.99,48.0,0.6,6739.2
BB7235,75.99,37.99,0.5,3487.48
BB7231,75.99,37.99,0.5,1025.73
BB7219,109.99,54.99,0.5,5345.03
CL4155,26.99,18.89,0.3,340.02
EE5876,65.99,39.59,0.4,285.05
EE5303,129.99,77.99,0.4,3790.31
EE4938,119.99,71.99,0.4,11791.96
EE5179,129.99,77.99,0.4,11651.71
BZ0632,169.99,68.0,0.6,9302.4
CM4550,24.99,17.49,0.3,94.45
CL9934,29.99,17.99,0.4,1392.43
CL7379,49.99,29.99,0.4,4534.49
CL9919,29.99,17.99,0.4,2849.62
G27860,129.99,64.99,0.5,11113.29
CJ3412,45.99,22.99,0.5,413.82
CL7631,26.99,18.89,0.3,3128.18
CL7273,49.99,29.99,0.4,161.95
CL7630,26.99,18.89,0.3,1496.09
EE9848,69.99,41.99,0.4,755.82
CL7617,39.99,23.99,0.4,1813.64
BB9775,39.99,23.99,0.4,43.18
CL7536,,,,
B37343,179.99,89.99,0.5,8423.06
G28225,219.99,109.99,0.5,3761.66
DB3539,139.99,69.99,0.5,11086.42
G26777,159.99,79.99,0.5,3743.53
CJ0081,45.99,22.99,0.5,455.2
EE8333,69.99,41.99,0.4,4610.5
CQ1175,75.99,37.99,0.5,2256.61
DA9306,59.99,35.99,0.4,2720.84
F36163,59.99,47.99,0.2,2764.22
CL7411,45.99,22.99,0.5,2276.01
CL7444,42.99,21.49,0.5,773.64
EE7879,65.99,39.59,0.4,1140.19
EE9676,59.99,35.99,0.4,3563.01
EE7600,55.99,33.59,0.4,2539.4
EF0128,65.99,39.59,0.4,5273.39
EG3489,69.99,55.99,0.2,4635.97
CM4733,45.99,36.79,0.2,3774.65
CM0025,39.99,23.99,0.4,2979.56
CM4734,45.99,36.79,0.2,2185.33
CM4736,45.99,36.79,0.2,2052.88
CM4865,47.99,38.39,0.2,5389.96
CM4909,39.99,31.99,0.2,1209.22
CM4664,45.99,36.79,0.2,1456.88
CM4798,39.99,31.99,0.2,5470.29
CM4972,45.99,36.79,0.2,4105.76
EG8063,75.99,53.19,0.3,2393.55
CM4799,39.99,31.99,0.2,2303.28
CM4665,45.99,36.79,0.2,331.11
CM4908,39.99,31.99,0.2,5643.04
CM4666,45.99,36.79,0.2,331.11
CM4973,45.99,36.79,0.2,2913.77
CM4632,55.99,44.79,0.2,3224.88
CM4647,49.99,39.99,0.2,5182.7
CM4868,47.99,38.39,0.2,2073.06
CM4646,49.99,39.99,0.2,4174.96
CM4718,52.99,42.39,0.2,6485.67
CM4693,39.99,31.99,0.2,2303.28
CM4904,39.99,31.99,0.2,5182.38
CM4774,42.99,34.39,0.2,2104.67
CM4617,55.99,44.79,0.2,4272.97
CM4935,47.99,38.39,0.2,1451.14
CM4755,47.99,38.39,0.2,5942.77
EF1224,99.99,59.99,0.4,5939.01
D96450,95.99,47.99,0.5,1814.02
CM4618,55.99,44.79,0.2,4756.7
AQ0886,79.99,39.99,0.5,2951.26
B28068,69.99,34.99,0.5,3841.9
CQ2618,69.99,34.99,0.5,2960.15
CM4694,39.99,31.99,0.2,5124.8
FV4049,109.99,109.99,0.0,18412.33
G27721,79.99,39.99,0.5,4750.81
BD7791,149.99,74.99,0.5,9178.78
AQ1220,,,,
FV4329,109.99,109.99,0.0,5741.48
FV4057,109.99,109.99,0.0,13264.79
FV4044,109.99,109.99,0.0,18412.33
FV4325,109.99,109.99,0.0,13858.74
FV4331,109.99,109.99,0.0,5345.51
FV4359,119.99,119.99,0.0,3671.69
FV4319,109.99,109.99,0.0,989.91
FV3700,129.99,129.99,0.0,19654.49
FV4318,109.99,109.99,0.0,14650.67
CG6130,79.99,39.99,0.5,71.98
CG4050,47.99,23.99,0.5,1597.73
FV4330,109.99,109.99,0.0,1979.82
FV4317,109.99,109.99,0.0,10295.06
DB0444,55.99,27.99,0.5,3778.65
F36255,69.99,34.99,0.5,4156.81
B96474,55.99,27.99,0.5,1360.31
B37530,99.99,49.99,0.5,8638.27
B37528,99.99,49.99,0.5,8548.29
FV4350,119.99,119.99,0.0,8639.28
B44830,65.99,32.99,0.5,5166.23
B37942,79.99,39.99,0.5,503.87
B96551,59.99,29.99,0.5,4696.43
B43884,65.99,32.99,0.5,118.76
B75587,47.99,23.99,0.5,863.64
F36513,55.99,27.99,0.5,2771.01
F34341,65.99,32.99,0.5,1662.7
D96552,89.99,44.99,0.5,6316.6
D98204,79.99,39.99,0.5,3959.01
G26782,129.99,64.99,0.5,3509.46
EE4950,119.99,71.99,0.4,12310.29
EE5018,119.99,71.99,0.4,9589.07
EE5907,129.99,77.99,0.4,8142.16
BY9250,129.99,52.0,0.6,187.2
BB2042,89.99,36.0,0.6,4406.4
EF0321,129.99,77.99,0.4,12774.76
BB2278,89.99,36.0,0.6,3952.8
EE4926,119.99,71.99,0.4,3109.97
EE4918,119.99,71.99,0.4,9459.49
EE4928,119.99,71.99,0.4,12699.04
EE8218,45.99,27.59,0.4,3327.35
EE5150,89.99,53.99,0.4,3304.19
B22706,59.99,35.99,0.4,5247.34
CQ2740,89.99,44.99,0.5,242.95
CQ2105,75.99,37.99,0.5,6086.0
CQ2106,75.99,37.99,0.5,4102.92
EF3534,75.99,45.59,0.4,6400.84
CQ3012,79.99,39.99,0.5,6622.34
DB3277,79.99,39.99,0.5,5614.6
CQ2032,169.99,84.99,0.5,11167.69
BB6708,89.99,44.99,0.5,728.84
CM4937,47.99,38.39,0.2,4698.94
CM4756,47.99,38.39,0.2,4284.32
CM4619,,,,
CG6048,79.99,39.99,0.5,3815.05
CG5673,69.99,34.99,0.5,818.77
EE9726,49.99,24.99,0.5,269.89
EF1421,99.99,59.99,0.4,1403.77
EF0786,119.99,71.99,0.4,10107.4
EE9722,49.99,24.99,0.5,3463.61
EF1424,99.99,59.99,0.4,7882.69
G27273,79.99,47.99,0.4,3282.52
EF0812,79.99,47.99,0.4,1209.35
G28062,139.99,83.99,0.4,9373.28
EF0789,119.99,71.99,0.4,1166.24
EF0787,119.99,71.99,0.4,4276.21
G26994,119.99,71.99,0.4,10755.31
F34099,139.99,83.99,0.4,3023.64
EF1581,119.99,71.99,0.4,9977.81
G28058,159.99,95.99,0.4,3628.42
G27403,119.99,71.99,0.4,6608.68
G26939,119.99,71.99,0.4,1943.73
G28202,79.99,47.99,0.4,345.53
EF1164,149.99,89.99,0.4,2915.68
EF8904,139.99,83.99,0.4,7559.1
G28450,79.99,47.99,0.4,8465.44
CM4759,47.99,38.39,0.2,4906.24
EF8903,139.99,83.99,0.4,4081.91
F35445,79.99,47.99,0.4,5528.45
B75807,79.99,79.99,0.0,2735.66
CJ0079,45.99,18.4,0.6,563.04
CM0084,14.99,8.99,0.4,1035.65
EE5358,79.99,47.99,0.4,5614.83
B96556,79.99,39.99,0.5,1871.53
CM0035,47.99,28.79,0.4,3731.18
EE4572,75.99,45.59,0.4,0.0
CL7309,35.99,17.99,0.5,3108.67
CL7610,37.99,18.99,0.5,2187.65
B37616,109.99,65.99,0.4,5463.97
FV3032,79.99,79.99,0.0,6767.15
BD7597,119.99,59.99,0.5,6262.96
BZ0085,79.99,39.99,0.5,5974.51
EE5083,129.99,77.99,0.4,3088.4
CL7561,45.99,22.99,0.5,2731.21
F97208,119.99,59.99,0.5,7774.7
EE5404,79.99,47.99,0.4,8119.91
CL9998,39.99,23.99,0.4,2202.28
EE8373,75.99,45.59,0.4,3282.48
F36418,59.99,29.99,0.5,2429.19
CL9921,29.99,17.99,0.4,1910.54
F35499,39.99,23.99,0.4,2936.38
EE5641,75.99,45.59,0.4,2790.11
F34983,79.99,39.99,0.5,4966.76
F36985,59.99,29.99,0.5,809.73
B79771,55.99,27.99,0.5,3274.83
CJ7956,55.99,27.99,0.5,3627.5
B44882,,,,
CJ7995,45.99,22.99,0.5,3434.71
F36467,59.99,29.99,0.5,4480.51
CG4048,49.99,24.99,0.5,2384.05
F34437,45.99,22.99,0.5,537.97
CG6205,79.99,39.99,0.5,1799.55
EG8695,55.99,39.19,0.3,3103.85
B41939,79.99,39.99,0.5,6118.47
CG6199,75.99,37.99,0.5,5675.71
B37720,75.99,37.99,0.5,1641.17
AQ1087,89.99,44.99,0.5,5668.74
B37759,79.99,39.99,0.5,2159.46
AQ1027,89.99,44.99,0.5,1376.69
B37990,69.99,34.99,0.5,1826.48
B37651,119.99,59.99,0.5,5507.08
B28164,79.99,39.99,0.5,6622.34
B28163,79.99,39.99,0.5,2447.39
B37983,75.99,37.99,0.5,5265.41
DB2689,85.99,42.99,0.5,3869.1
CG6056,75.99,37.99,0.5,1367.64
CG6460,79.99,39.99,0.5,143.96
CG6108,79.99,39.99,0.5,1367.66
BD8024,119.99,59.99,0.5,10582.24
D96444,89.99,44.99,0.5,809.82
BD8007,119.99,59.99,0.5,431.93
CG6065,79.99,39.99,0.5,5326.67
G27719,79.99,39.99,0.5,6478.38
CG6187,139.99,69.99,0.5,6929.01
G27648,79.99,39.99,0.5,1007.75
EE8279,75.99,37.99,0.5,2666.9
EE8247,42.99,25.79,0.4,1578.35
EE8612,79.99,39.99,0.5,2663.33
CQ1068,69.99,34.99,0.5,3967.87
B37635,109.99,54.99,0.5,7027.72
DB3065,69.99,34.99,0.5,3023.14
CQ1092,69.99,34.99,0.5,1511.57
DB3083,75.99,37.99,0.5,5607.32
CG6222,119.99,59.99,0.5,6910.85
DB3078,75.99,37.99,0.5,478.67
DB2707,139.99,69.99,0.5,6551.06
D96553,89.99,44.99,0.5,0.0
EF0580,45.99,27.59,0.4,3625.33
EF0581,45.99,27.59,0.4,2284.45
G25848,129.99,77.99,0.4,12072.85
EE9745,45.99,27.59,0.4,4221.27
EE7899,45.99,27.59,0.4,2135.47
G28386,32.99,32.99,0.0,4928.71
EE6784,49.99,29.99,0.4,971.68
DB3349,95.99,57.59,0.4,9640.57
EE6816,35.99,35.99,0.0,1489.99
DB3401,75.99,45.59,0.4,656.5
EG1865,35.99,35.99,0.0,1295.64
EG2037,19.99,19.99,0.0,1727.14
EE6818,,,,
CM6057,12.99,12.99,0.0,865.13
EG2035,19.99,19.99,0.0,323.84
EE5614,59.99,35.99,0.4,1295.64
EF9225,75.99,45.59,0.4,4923.72
EE5174,129.99,77.99,0.4,13336.29
CM6058,12.99,12.99,0.0,187.06
EE5915,129.99,77.99,0.4,12213.23
BY2949,75.99,30.4,0.6,3447.36
EE5933,75.99,45.59,0.4,7385.58
F34865,59.99,29.99,0.5,1889.37
S80662,59.99,24.0,0.6,1209.6
CM6059,12.99,12.99,0.0,397.49
CJ8016,49.99,24.99,0.5,1484.41
CL7428,45.99,22.99,0.5,2110.48
EE4843,119.99,71.99,0.4,259.16
CK9670,59.99,29.99,0.5,2591.14
EE7740,129.99,77.99,0.4,5334.52
EE8969,79.99,47.99,0.4,3282.52
BZ0087,79.99,39.99,0.5,4462.88
F36256,69.99,34.99,0.5,5038.56
EE5362,79.99,47.99,0.4,7169.71
F35762,45.99,22.99,0.5,3807.14
EE5837,65.99,39.59,0.4,5914.75
EE4576,75.99,45.59,0.4,4267.22
EE6991,89.99,53.99,0.4,4567.55
EE6012,149.99,89.99,0.4,809.91
EE4470,75.99,45.59,0.4,6482.9
EE6327,109.99,65.99,0.4,8908.65
AQ8530,69.99,34.99,0.5,4471.72
CI9990,49.99,24.99,0.5,2788.88
EE7064,75.99,45.59,0.4,2297.74
F36417,59.99,41.99,0.3,7255.87
EE4808,89.99,53.99,0.4,777.46
F36431,59.99,41.99,0.3,2872.12
B44669,55.99,27.99,0.5,50.38
B43745,55.99,39.19,0.3,2539.51
CJ8021,45.99,22.99,0.5,3062.27
CM4549,24.99,17.49,0.3,1164.83
EE8374,75.99,37.99,0.5,1504.4
CL4154,26.99,18.89,0.3,884.05
CL7609,37.99,18.99,0.5,683.64
CK9456,49.99,24.99,0.5,4003.4
EG4372,59.99,41.99,0.3,4308.17
CJ8987,49.99,24.99,0.5,1439.42
EG4303,55.99,39.19,0.3,2257.34
BB7616,59.99,29.99,0.5,1295.57
EE5603,59.99,35.99,0.4,5506.47
EE8970,79.99,47.99,0.4,691.06
CJ8113,42.99,21.49,0.5,1005.73
CL7463,45.99,22.99,0.5,3186.41
F97210,55.99,33.59,0.4,120.92
B44732,59.99,29.99,0.5,4642.45
F34411,,,,
EE6807,55.99,33.59,0.4,1753.4
F35515,229.99,137.99,0.4,8444.99
F35615,59.99,35.99,0.4,2526.5
CK9466,39.99,19.99,0.5,575.71
F36650,59.99,29.99,0.5,971.68
BC1040,79.99,39.99,0.5,4606.85
EF0810,79.99,39.99,0.5,3815.05
CL9963,27.99,16.79,0.4,1208.88
BB6917,65.99,32.99,0.5,4809.94
CL9938,27.99,16.79,0.4,1934.21
CL9997,39.99,23.99,0.4,3929.56
CL7642,26.99,18.89,0.3,1360.08
F35040,69.99,41.99,0.4,7482.62
CJ8017,45.99,22.99,0.5,786.26
EE9727,49.99,24.99,0.5,179.93
CJ8012,49.99,24.99,0.5,2653.94
CL7632,26.99,18.89,0.3,2278.13
CL7486,39.99,19.99,0.5,3274.36
BZ0631,99.99,40.0,0.6,2160.0
D98056,109.99,54.99,0.5,8512.45
CM4824,29.99,29.99,0.0,3832.72
CM4825,29.99,29.99,0.0,485.84
B43753,55.99,33.59,0.4,3869.57
FV4349,119.99,119.99,0.0,8423.3
F36517,42.99,25.79,0.4,928.44
EE8131,55.99,33.59,0.4,665.08
EE9737,49.99,29.99,0.4,539.82
EF1060,65.99,39.59,0.4,1639.03
EE9938,65.99,39.59,0.4,5415.91
EE8353,59.99,35.99,0.4,518.26
EF0452,49.99,29.99,0.4,3886.7
EE5170,129.99,77.99,0.4,4351.84
EE5153,89.99,53.99,0.4,5247.83
EE4842,119.99,71.99,0.4,7386.17
EE4958,119.99,71.99,0.4,11014.47
EE4922,129.99,77.99,0.4,1123.06
EE6046,79.99,47.99,0.4,6651.41
EE6130,59.99,35.99,0.4,64.78
EF3523,65.99,65.99,0.0,1544.17
EF3535,75.99,45.59,0.4,3938.98
FW2818,109.99,109.99,0.0,3365.69
EE5535,79.99,47.99,0.4,1641.26
EF3531,65.99,65.99,0.0,7958.39
B22713,59.99,59.99,0.0,9610.4
FW2803,109.99,109.99,0.0,1187.89
FW2848,109.99,109.99,0.0,8315.24
EG8544,59.99,59.99,0.0,7450.76
EF4393,129.99,129.99,0.0,8423.35
EG4588,75.99,75.99,0.0,2325.29
EF4398,119.99,119.99,0.0,7991.33
AC8765,119.99,59.99,0.5,2051.66
B37361,89.99,44.99,0.5,323.93
CQ2028,,,,
B41727,99.99,49.99,0.5,5848.83
B96511,119.99,59.99,0.5,3995.33
B37657,149.99,74.99,0.5,1889.75
AQ1138,109.99,54.99,0.5,6631.79
B37068,79.99,39.99,0.5,1223.69
DB2680,119.99,59.99,0.5,10474.25
B28123,119.99,59.99,0.5,6154.97
AQ1134,79.99,47.99,0.4,0.0
EE5562,79.99,47.99,0.4,1295.73
EE5934,75.99,45.59,0.4,4677.53
EE5104,79.99,47.99,0.4,3973.57
BB1702,74.99,30.0,0.6,3348.0
EE7031,119.99,71.99,0.4,259.16
DB2119,79.99,39.99,0.5,4678.83
F36599,62.99,31.49,0.5,340.09
EE5171,129.99,77.99,0.4,13476.67
DA9604,119.99,59.99,0.5,3995.33
BB6709,89.99,44.99,0.5,6964.45
B96517,69.99,34.99,0.5,1763.5
CQ1971,79.99,39.99,0.5,6406.4
B96520,69.99,34.99,0.5,6235.22
DB1763,59.99,29.99,0.5,323.89
B96554,59.99,29.99,0.5,4750.42
AQ1111,89.99,44.99,0.5,323.93
CK9475,55.99,27.99,0.5,3073.3
F36166,52.99,26.49,0.5,1907.28
CG7112,79.99,47.99,0.4,4232.72
CL7427,45.99,22.99,0.5,2648.45
CQ1968,79.99,39.99,0.5,4246.94
B37600,99.99,49.99,0.5,4679.06
CL7335,35.99,21.59,0.4,1360.17
F34094,159.99,95.99,0.4,10194.14
EF0785,119.99,71.99,0.4,6479.1
CK9572,37.99,18.99,0.5,2837.11
EF0788,119.99,71.99,0.4,9459.49
EE6331,79.99,47.99,0.4,8551.82
EE7245,79.99,47.99,0.4,1295.73
EE4771,89.99,53.99,0.4,5150.65
F34098,139.99,83.99,0.4,4837.82
CL9956,24.99,14.99,0.4,1915.72
G28059,159.99,95.99,0.4,7084.06
CL9942,32.99,19.79,0.4,783.68
F33908,119.99,71.99,0.4,2591.64
G28060,159.99,95.99,0.4,14686.47
DB3144,69.99,34.99,0.5,3401.03
CI9935,55.99,22.4,0.6,40.32
F36664,39.99,19.99,0.5,2014.99
DB1755,69.99,34.99,0.5,188.95
F36173,52.99,26.49,0.5,2908.6
EE8134,49.99,29.99,0.4,2321.23
F35613,229.99,137.99,0.4,10928.81
CK9557,37.99,18.99,0.5,1538.19
CK9464,,,,
CK9476,55.99,27.99,0.5,3929.8
CK9649,45.99,22.99,0.5,2069.1
DA8929,79.99,39.99,0.5,1295.68
CK9483,42.99,21.49,0.5,967.05
CL9926,29.99,17.99,0.4,3173.44
FV8786,59.99,59.99,0.0,5723.05
CL9943,27.99,16.79,0.4,1662.21
BB9774,39.99,23.99,0.4,1943.19
EE8007,79.99,47.99,0.4,1641.26
F36201,59.99,59.99,0.0,5615.06
FV8790,59.99,59.99,0.0,1403.77
F36331,55.99,55.99,0.0,5543.01
AQ0919,59.99,29.99,0.5,1511.5
CJ8146,49.99,24.99,0.5,584.77
B43732,39.99,23.99,0.4,2331.83
B44849,59.99,29.99,0.5,2429.19
B37783,129.99,64.99,0.5,8890.63
B96578,59.99,59.99,0.0,7882.69
F37006,65.99,32.99,0.5,2790.95
CJ8041,37.99,18.99,0.5,3178.93
CG6131,79.99,39.99,0.5,4966.76
CG6113,79.99,39.99,0.5,4678.83
G28971,59.99,59.99,0.0,4103.32
B37469,129.99,64.99,0.5,7252.88
CG6112,79.99,39.99,0.5,431.89
F34625,69.99,34.99,0.5,5605.4
EE9844,69.99,69.99,0.0,755.89
EE8269,55.99,55.99,0.0,1007.82
EE9843,69.99,69.99,0.0,1133.84
EE9852,75.99,75.99,0.0,1094.26
CG6066,79.99,39.99,0.5,4750.81
EE8136,49.99,49.99,0.0,2879.42
G27645,79.99,39.99,0.5,1151.71
CL9961,24.99,14.99,0.4,1322.12
FV3699,129.99,129.99,0.0,14974.85
CI2606,14.99,6.0,0.6,0.0
EE7359,59.99,29.99,0.5,2483.17
CK9658,42.99,21.49,0.5,3404.02
EF0417,55.99,55.99,0.0,5240.66
EF0436,55.99,55.99,0.0,4635.97
EG3102,79.99,79.99,0.0,13390.33
EE4951,119.99,71.99,0.4,518.33
FW2846,109.99,109.99,0.0,4751.57
FW2895,109.99,109.99,0.0,14650.67
EE4562,75.99,45.59,0.4,5908.46
EE5540,79.99,47.99,0.4,5355.68
EG8688,55.99,55.99,0.0,9775.85
EG8685,55.99,55.99,0.0,5643.79
EE7033,119.99,71.99,0.4,4664.95
DB3109,59.99,29.99,0.5,2375.21
DB3244,75.99,37.99,0.5,683.82
DB0126,39.99,39.99,0.0,3455.14
EE4552,,,,
CG4708,75.99,37.99,0.5,5675.71
DB3241,59.99,29.99,0.5,809.73
F36476,52.99,26.49,0.5,3290.06
F36225,55.99,27.99,0.5,856.49
F37047,52.99,26.49,0.5,1096.69
B44728,55.99,27.99,0.5,1511.46
BB7317,45.99,22.99,0.5,496.58
F35036,65.99,32.99,0.5,4988.09
AQ0055,79.99,39.99,0.5,3023.24
F34440,45.99,22.99,0.5,3145.03
B96561,65.99,32.99,0.5,4275.5
B96339,79.99,39.99,0.5,6406.4
D97112,79.99,39.99,0.5,3815.05
F36651,55.99,27.99,0.5,3325.21
F36308,59.99,29.99,0.5,1295.57
F35050,59.99,29.99,0.5,539.82
EE7482,39.99,39.99,0.0,71.98
EE7502,45.99,45.99,0.0,4966.92
F36669,79.99,39.99,0.5,3383.15
F37079,69.99,34.99,0.5,6172.24
EE8133,59.99,59.99,0.0,3779.37
G28914,119.99,59.99,0.5,5399.1
EE8197,55.99,55.99,0.0,4736.75
EE7511,45.99,45.99,0.0,5546.39
EG4103,39.99,39.99,0.0,4246.94
EH2549,45.99,45.99,0.0,4470.23
EG5006,35.99,35.99,0.0,1619.55
EH2201,39.99,39.99,0.0,6622.34
EH2531,39.99,39.99,0.0,3815.05
EG4273,39.99,39.99,0.0,4102.97
EG5005,35.99,35.99,0.0,1425.2
EG4275,39.99,39.99,0.0,1583.6
EE5906,129.99,77.99,0.4,10669.03
EE5106,79.99,47.99,0.4,7342.47
EE5181,129.99,77.99,0.4,8422.92
EG3238,55.99,55.99,0.0,6147.7
EE5864,79.99,47.99,0.4,5873.98
EG1902,29.99,29.99,0.0,3400.87
EH2552,55.99,55.99,0.0,3426.59
EG8587,55.99,55.99,0.0,5845.36
EG3705,55.99,55.99,0.0,6147.7
EG3173,55.99,55.99,0.0,5744.57
EG3693,55.99,55.99,0.0,4132.06
EG3691,55.99,55.99,0.0,8264.12
CL0244,12.99,6.49,0.5,981.29
CJ0874,14.99,7.49,0.5,1011.15
F35030,19.99,9.99,0.5,1492.51
EG3666,79.99,79.99,0.0,1727.78
EH1856,59.99,59.99,0.0,863.86
CL0211,12.99,6.49,0.5,806.06
EG3491,69.99,69.99,0.0,7684.9
B23738,19.99,9.99,0.5,557.44
B28128,,,,
EG3282,45.99,45.99,0.0,6043.09
EH1855,59.99,59.99,0.0,10690.22
B22705,59.99,35.99,0.4,1684.33
EE6743,79.99,47.99,0.4,5442.07
EE6122,59.99,35.99,0.4,323.91
EE6121,55.99,33.59,0.4,60.46
CM4981,24.99,24.99,0.0,1079.57
CM4658,49.99,49.99,0.0,4229.15
EG3283,45.99,45.99,0.0,2731.81
CM4659,49.99,49.99,0.0,5488.9
F36671,79.99,47.99,0.4,0.0
AW4209,49.99,29.99,0.4,2699.1
G25877,129.99,77.99,0.4,2807.64
CM4855,49.99,49.99,0.0,6298.74
EE8452,49.99,29.99,0.4,5290.24
CM4813,32.99,32.99,0.0,5225.62
EE8351,59.99,35.99,0.4,3303.88
G28329,129.99,77.99,0.4,9686.36
CM4857,59.99,59.99,0.0,4211.3
CM4900,42.99,42.99,0.0,1238.11
CM4899,42.99,42.99,0.0,7273.91
CM4901,42.99,42.99,0.0,6190.56
CM4830,52.99,52.99,0.0,2479.93
EF0778,109.99,65.99,0.4,7364.48
EF0780,109.99,65.99,0.4,10809.16
G27270,69.99,41.99,0.4,7029.13
EF1233,79.99,47.99,0.4,7947.14
CM4878,52.99,52.99,0.0,667.67
CM4877,52.99,52.99,0.0,8393.62
G27272,69.99,41.99,0.4,2418.62
CM4862,49.99,49.99,0.0,2519.5
CM4979,24.99,24.99,0.0,2653.94
EF1416,149.99,89.99,0.4,3401.62
EE7897,45.99,32.19,0.3,3882.11
CM4884,26.99,26.99,0.0,437.24
G28373,89.99,53.99,0.4,2138.0
CM4842,55.99,55.99,0.0,0.0
EF0822,75.99,45.59,0.4,2133.61
CM4860,59.99,59.99,0.0,1403.77
CM4929,59.99,59.99,0.0,10042.33
G28560,79.99,47.99,0.4,6219.5
AQ8528,69.99,69.99,0.0,9448.65
G28208,75.99,45.59,0.4,5498.15
BB5476,79.99,79.99,0.0,9646.79
CQ2405,79.99,79.99,0.0,4463.44
G28209,75.99,45.59,0.4,5334.03
CL7580,45.99,27.59,0.4,3923.3
B43687,59.99,24.0,0.6,993.6
B41645,79.99,79.99,0.0,8350.96
BY2120,109.99,44.0,0.6,7207.2
B24105,59.99,59.99,0.0,10474.25
B96568,45.99,45.99,0.0,1821.2
FW2847,,,,
FV7826,239.99,239.99,0.0,37150.45
F35580,22.99,22.99,0.0,703.49
FV7825,239.99,239.99,0.0,3023.87
G27707,79.99,79.99,0.0,6911.14
EE8498,219.99,109.99,0.5,14452.69
FV4631,79.99,79.99,0.0,3599.55
EE4465,75.99,75.99,0.0,13404.64
EE8138,49.99,49.99,0.0,1349.73
FV4419,239.99,239.99,0.0,15983.33
G28116,45.99,27.59,0.4,3674.99
B42315,45.99,45.99,0.0,827.82
EE9574,179.99,125.99,0.3,1133.91
EG4960,79.99,79.99,0.0,13822.27
EE6803,49.99,49.99,0.0,8098.38
EF5506,75.99,75.99,0.0,12447.16
G28428,89.99,53.99,0.4,5345.01
EF5440,75.99,75.99,0.0,7386.23
FV4190,79.99,79.99,0.0,13966.25
EH0025,39.99,27.99,0.3,4383.23
G28331,179.99,125.99,0.3,8617.72
G25878,189.99,132.99,0.3,9814.66
EE6802,49.99,49.99,0.0,7468.51
B42314,45.99,45.99,0.0,3062.93
CL9955,24.99,14.99,0.4,863.42
G28336,179.99,125.99,0.3,5442.77
G54014,169.99,118.99,0.3,19490.56
FV2806,79.99,79.99,0.0,6047.24
FV3021,79.99,79.99,0.0,1439.82
FV3743,79.99,79.99,0.0,7343.08
FV5359,75.99,75.99,0.0,10805.78
G54015,169.99,118.99,0.3,11351.65
BD7929,75.99,37.99,0.5,5060.27
G26993,139.99,97.99,0.3,10053.77
EF1625,169.99,118.99,0.3,16277.83
G27479,99.99,59.99,0.4,8422.6
EE7911,45.99,27.59,0.4,4767.55
F35008,69.99,34.99,0.5,1700.51
G27492,169.99,118.99,0.3,11351.65
G28885,79.99,47.99,0.4,2505.08
EF1163,139.99,97.99,0.3,14286.94
EF8847,169.99,118.99,0.3,7282.19
B96566,45.99,27.59,0.4,248.31
EG4159,17.99,17.99,0.0,64.76
G27484,169.99,118.99,0.3,7496.37
F34327,79.99,39.99,0.5,2159.46
CL7477,47.99,23.99,0.5,3584.11
G27495,169.99,118.99,0.3,6425.46
B28129,79.99,79.99,0.0,10654.67
EF1229,99.99,59.99,0.4,971.84
EF4920,79.99,79.99,0.0,7199.1
EE6893,59.99,35.99,0.4,1554.77
EF2335,219.99,219.99,0.0,29698.65
EE4896,,,,
EF4372,119.99,119.99,0.0,9287.23
FW9328,89.99,89.99,0.0,11338.74
B27797,55.99,27.99,0.5,4232.09
EG7737,219.99,219.99,0.0,3563.84
DB3105,59.99,29.99,0.5,5236.25
CG6477,75.99,37.99,0.5,4376.45
CG3552,19.99,9.99,0.5,1780.22
EG8778,75.99,53.19,0.3,8521.04
BB3627,99.99,40.0,0.6,1008.0
EE4851,39.99,23.99,0.4,129.55
EF4373,119.99,119.99,0.0,18574.45
BW0418,84.99,34.0,0.6,1162.8
G27728,32.99,19.79,0.4,71.24
BB3628,99.99,40.0,0.6,1800.0
BB3645,99.99,40.0,0.6,5616.0
F37427,59.99,59.99,0.0,9934.34
DB3541,139.99,69.99,0.5,10204.54
EE7346,17.99,17.99,0.0,1424.81
EG1866,32.99,32.99,0.0,3919.21
EE4895,79.99,47.99,0.4,8033.53
D96635,129.99,129.99,0.0,6317.51
FV6404,139.99,139.99,0.0,14362.97
CG6040,119.99,59.99,0.5,5075.15
EE6074,59.99,35.99,0.4,5117.78
CG4743,69.99,34.99,0.5,5605.4
EG2738,59.99,59.99,0.0,9286.45
F35493,59.99,35.99,0.4,3627.79
F35597,45.99,27.59,0.4,4419.92
F35495,59.99,35.99,0.4,5441.69
F35494,59.99,35.99,0.4,3044.75
DB1370,45.99,22.99,0.5,2565.68
F35498,39.99,23.99,0.4,431.82
DB1372,39.99,19.99,0.5,2842.58
F36991,52.99,26.49,0.5,2050.33
B96223,55.99,27.99,0.5,705.35
F35497,39.99,23.99,0.4,3584.11
F36501,52.99,26.49,0.5,3814.56
EE6821,75.99,37.99,0.5,683.82
EE7745,89.99,89.99,0.0,15388.29
EE6135,59.99,35.99,0.4,323.91
AQ0334,109.99,54.99,0.5,2870.48
B96218,55.99,27.99,0.5,1662.61
CG5537,79.99,39.99,0.5,2303.42
AQ0538,79.99,39.99,0.5,5326.67
EE7777,139.99,83.99,0.4,12396.92
EF5885,75.99,75.99,0.0,8754.05
EE8378,69.99,41.99,0.4,3098.86
EF5870,79.99,79.99,0.0,6191.23
CG5580,89.99,44.99,0.5,4292.05
BB7566,89.99,44.99,0.5,6235.61
AQ0054,79.99,39.99,0.5,4822.79
B75665,109.99,54.99,0.5,7918.56
EG1727,,,,
AQ0539,79.99,39.99,0.5,1439.64
EG2646,89.99,89.99,0.0,15712.25
EH0181,79.99,79.99,0.0,9934.76
EF5902,119.99,119.99,0.0,9935.17
FU6910,75.99,75.99,0.0,4377.02
AC7104,89.99,44.99,0.5,5425.79
EF9625,279.99,279.99,0.0,16127.42
D97946,179.99,89.99,0.5,2753.69
B75667,109.99,54.99,0.5,3662.33
BD7080,89.99,44.99,0.5,6397.58
CL9914,24.99,14.99,0.4,1915.72
BB6602,119.99,59.99,0.5,7126.81
EF5435,75.99,75.99,0.0,10395.43
BC1050,89.99,44.99,0.5,4696.96
EF5507,75.99,75.99,0.0,683.91
D97319,89.99,44.99,0.5,2348.48
EF5985,79.99,79.99,0.0,8782.9
EF5441,75.99,75.99,0.0,11489.69
F35769,49.99,24.99,0.5,2563.97
EG8776,75.99,75.99,0.0,3693.11
D97429,99.99,49.99,0.5,539.89
EF0820,75.99,75.99,0.0,2325.29
EF4027,119.99,119.99,0.0,14902.76
CG6732,55.99,27.99,0.5,2821.39
EH2180,129.99,129.99,0.0,12635.03
EF6050,65.99,65.99,0.0,1781.73
EF6048,65.99,65.99,0.0,4751.28
EE7290,59.99,35.99,0.4,5700.82
EE7449,39.99,23.99,0.4,2245.46
EE7968,39.99,39.99,0.0,4030.99
F36481,55.99,33.59,0.4,4111.42
EG1900,29.99,29.99,0.0,2969.01
EF6049,65.99,65.99,0.0,4038.59
EF7141,75.99,75.99,0.0,4240.24
EF7140,75.99,75.99,0.0,11626.47
CQ1091,69.99,34.99,0.5,3841.9
EF7134,75.99,75.99,0.0,6155.19
EH1097,45.99,45.99,0.0,6043.09
FV4656,75.99,75.99,0.0,4513.81
G26947,109.99,65.99,0.4,3088.33
F34060,109.99,65.99,0.4,1306.6
G26944,109.99,65.99,0.4,11521.85
EG5185,199.99,199.99,0.0,33838.31
EG5188,199.99,199.99,0.0,15839.21
FV3029,79.99,79.99,0.0,12958.38
FV4658,75.99,75.99,0.0,6291.97
CM4831,52.99,52.99,0.0,2098.4
EF6270,89.99,89.99,0.0,13120.54
CM4705,49.99,49.99,0.0,8638.27
FV3031,79.99,79.99,0.0,863.89
FV5358,75.99,75.99,0.0,3282.77
DB0594,59.99,29.99,0.5,701.77
DA8839,,,,
G27461,119.99,59.99,0.5,7774.7
CM4708,49.99,49.99,0.0,1349.73
DA9868,49.99,24.99,0.5,1484.41
EE9540,69.99,41.99,0.4,7180.29
DB3483,79.99,39.99,0.5,647.84
EE3912,179.99,89.99,0.5,3401.62
CJ0183,59.99,29.99,0.5,4750.42
AQ0534,89.99,44.99,0.5,4211.06
CK9502,45.99,22.99,0.5,2151.86
BC1041,79.99,39.99,0.5,1511.62
CM0065,14.99,8.99,0.4,614.92
EG3013,75.99,75.99,0.0,1641.38
EE4966,75.99,45.59,0.4,5744.34
B75806,79.99,79.99,0.0,13822.27
CK9434,42.99,21.49,0.5,3210.61
EH0833,69.99,69.99,0.0,9070.7
G27637,79.99,79.99,0.0,3887.51
CL7579,45.99,22.99,0.5,3600.23
CK9631,35.99,17.99,0.5,1424.81
EE6091,59.99,35.99,0.4,5182.56
CL9945,27.99,16.79,0.4,997.33
FV4189,79.99,79.99,0.0,5327.33
F34477,55.99,27.99,0.5,705.35
F34683,65.99,32.99,0.5,1603.31
CP8827,52.99,26.49,0.5,858.28
F36998,55.99,27.99,0.5,4232.09
F36457,59.99,29.99,0.5,53.98
EE8008,79.99,47.99,0.4,4405.48
EE5511,79.99,47.99,0.4,6737.8
EE5602,59.99,35.99,0.4,2979.97
EE6329,79.99,47.99,0.4,3800.81
EE5506,119.99,71.99,0.4,4794.53
F36471,45.99,22.99,0.5,993.17
EF6551,75.99,53.19,0.3,1340.39
EE6325,79.99,47.99,0.4,6565.03
EE5678,89.99,53.99,0.4,485.91
EE4967,75.99,45.59,0.4,6975.27
EF8907,129.99,77.99,0.4,12915.14
EE8688,219.99,109.99,0.5,5939.46
EE8972,65.99,39.59,0.4,2565.43
EE7239,79.99,47.99,0.4,5442.07
G26935,129.99,77.99,0.4,6878.72
EE5394,79.99,47.99,0.4,5010.16
EH0033,35.99,35.99,0.0,2656.06
B75573,52.99,26.49,0.5,2384.1
EE4883,129.99,77.99,0.4,6317.19
DA8964,109.99,54.99,0.5,197.96
CJ8060,59.99,29.99,0.5,2159.28
B75782,79.99,39.99,0.5,1871.53
G27401,109.99,65.99,0.4,10334.03
B75780,79.99,39.99,0.5,6262.43
S80807,79.99,32.0,0.6,2476.8
EE4791,,,,
S32279,75.99,75.99,0.0,8890.83
AC7556,129.99,64.99,0.5,11347.25
B22785,69.99,34.99,0.5,5731.36
F35130,49.99,24.99,0.5,4408.24
B43742,55.99,33.59,0.4,1692.94
CK9814,24.99,12.49,0.5,2135.79
CK9571,37.99,18.99,0.5,3315.65
F34844,55.99,27.99,0.5,2972.54
F35284,159.99,111.99,0.3,9877.52
CQ1149,79.99,39.99,0.5,5758.56
F34739,49.99,24.99,0.5,314.87
CK9866,54.99,27.49,0.5,197.93
EE5654,109.99,65.99,0.4,5939.1
FV3013,119.99,119.99,0.0,2159.82
F35282,159.99,111.99,0.3,16126.56
EF9624,279.99,279.99,0.0,9071.68
CK9865,54.99,27.49,0.5,247.41
F34073,169.99,118.99,0.3,856.73
D96551,89.99,44.99,0.5,2186.51
CK9784,59.99,29.99,0.5,1025.66
F36512,55.99,27.99,0.5,1813.75
F35283,159.99,111.99,0.3,2015.82
EG3096,169.99,169.99,0.0,611.96
EG3115,75.99,75.99,0.0,5471.28
EF5550,79.99,79.99,0.0,2591.68
EF9623,279.99,279.99,0.0,31246.88
CJ3410,45.99,22.99,0.5,993.17
CQ1061,69.99,34.99,0.5,4219.79
BB4014,109.99,44.0,0.6,7603.2
AQ6095,109.99,44.0,0.6,3880.8
EF7135,75.99,75.99,0.0,13541.42
B44500,99.99,40.0,0.6,4320.0
EF1629,149.99,149.99,0.0,16198.92
B43600,32.99,16.49,0.5,2077.74
EG8735,119.99,119.99,0.0,12742.94
G28713,17.99,17.99,0.0,64.76
EF3538,65.99,39.59,0.4,4061.93
CJ9005,27.99,13.99,0.5,176.27
AH2156,69.99,34.99,0.5,0.0
FV6447,109.99,109.99,0.0,16828.47
CM7767,89.99,44.99,0.5,4454.01
DB0646,39.99,23.99,0.4,259.09
CG6367,59.99,29.99,0.5,4210.6
CM7741,79.99,39.99,0.5,3383.15
CJ9006,27.99,13.99,0.5,528.82
AC7943,49.99,29.99,0.4,4210.6
CG6364,59.99,29.99,0.5,2699.1
BC0534,55.99,33.59,0.4,5925.28
CK1081,24.99,12.49,0.5,2000.9
F37022,69.99,34.99,0.5,1826.48
EE3812,59.99,35.99,0.4,2591.28
G26834,89.99,53.99,0.4,6899.92
B75879,,,,
FV6794,239.99,239.99,0.0,34990.54
G26790,129.99,77.99,0.4,9124.83
EH1524,99.99,69.99,0.3,2897.59
G26548,79.99,47.99,0.4,6996.94
B42122,29.99,17.99,0.4,1068.61
F99913,79.99,47.99,0.4,6565.03
EG1073,179.99,179.99,0.0,24622.63
EG7893,129.99,129.99,0.0,6785.48
G28915,45.99,22.99,0.5,206.91
BB3484,109.99,44.0,0.6,3643.2
EG1069,179.99,179.99,0.0,7775.57
EG2015,59.99,41.99,0.3,4988.41
FW3138,99.99,99.99,0.0,9359.06
EF2212,179.99,179.99,0.0,15227.15
EG1071,179.99,179.99,0.0,28834.4
EG2045,109.99,109.99,0.0,6533.41
EE4036,79.99,79.99,0.0,1295.84
FW5423,99.99,99.99,0.0,4679.53
EG1287,79.99,79.99,0.0,2015.75
EG2663,49.99,49.99,0.0,8638.27
EG2017,59.99,59.99,0.0,8746.54
EG0719,169.99,169.99,0.0,11627.32
EH1208,169.99,169.99,0.0,22336.69
EG4901,239.99,239.99,0.0,8207.66
EE4264,119.99,119.99,0.0,1295.89
EG1096,99.99,99.99,0.0,3959.6
EG1011,149.99,149.99,0.0,23488.43
EG2052,109.99,109.99,0.0,7523.32
EG0720,169.99,169.99,0.0,21112.76
EF2696,149.99,149.99,0.0,5669.62
EG0715,179.99,179.99,0.0,5507.69
EE4614,75.99,75.99,0.0,4787.37
EH1333,79.99,79.99,0.0,8206.97
EF0524,89.99,89.99,0.0,15874.24
EH1847,179.99,179.99,0.0,11339.37
G27491,179.99,125.99,0.3,5669.55
EF0708,129.99,129.99,0.0,10295.21
EE4005,149.99,149.99,0.0,3779.75
EG0761,169.99,169.99,0.0,29986.24
EF2774,69.99,69.99,0.0,2141.69
EE5147,129.99,129.99,0.0,4679.64
EF1565,229.99,229.99,0.0,12419.46
F35285,159.99,111.99,0.3,18747.13
G27482,169.99,118.99,0.3,16706.2
BC1031,69.99,34.99,0.5,1700.51
F35539,17.99,17.99,0.0,615.26
CK9816,24.99,12.49,0.5,696.94
B96338,79.99,39.99,0.5,3095.23
CM7531,59.99,59.99,0.0,5939.01
EG1369,189.99,189.99,0.0,7523.6
EG1837,149.99,149.99,0.0,25918.27
FV6106,279.99,279.99,0.0,26711.05
FU8929,,,,
FV4526,89.99,89.99,0.0,9556.94
EG3729,129.99,129.99,0.0,22696.25
FU8941,159.99,159.99,0.0,13535.15
FU8932,119.99,119.99,0.0,7991.33
CM6080,12.99,12.99,0.0,210.44
CM6051,12.99,12.99,0.0,210.44
CM6052,12.99,12.99,0.0,467.64
CM6081,12.99,12.99,0.0,1449.68
CM6068,14.99,14.99,0.0,2077.61
FV4418,99.99,99.99,0.0,719.93
CM6069,14.99,14.99,0.0,1699.87
CM6073,14.99,14.99,0.0,2482.34
FV4525,109.99,109.99,0.0,1979.82
CM6044,12.99,12.99,0.0,1426.3
FV2875,79.99,79.99,0.0,0.0
FW2152,129.99,129.99,0.0,18250.6
FV2874,79.99,79.99,0.0,7775.03
CJ8072,55.99,27.99,0.5,4836.67
CJ8088,49.99,24.99,0.5,4003.4
CK9657,42.99,21.49,0.5,1856.74
AC7043,99.99,49.99,0.5,4409.12
FW9783,129.99,129.99,0.0,20590.42
F35607,149.99,89.99,0.4,11014.78
CJ8111,42.99,21.49,0.5,2553.01
CL7446,42.99,21.49,0.5,3249.29
G26990,149.99,104.99,0.3,12283.83
CJ0194,59.99,29.99,0.5,701.77
EH0021,39.99,27.99,0.3,2216.81
B44861,55.99,27.99,0.5,3073.3
EE7610,55.99,33.59,0.4,3446.33
BD7439,79.99,39.99,0.5,791.8
F34604,39.99,19.99,0.5,2482.76
CJ8107,45.99,22.99,0.5,1862.19
B37550,149.99,74.99,0.5,1754.77
CJ8069,55.99,27.99,0.5,4584.76
CJ7992,45.99,22.99,0.5,2110.48
CJ7987,55.99,27.99,0.5,3728.27
F36162,52.99,26.49,0.5,1573.51
G26776,159.99,79.99,0.5,1295.84
CG6537,79.99,39.99,0.5,2375.41
BB9420,229.99,114.99,0.5,1448.87
CK9660,55.99,27.99,0.5,4433.62
CJ8109,45.99,22.99,0.5,2110.48
CJ0044,49.99,20.0,0.6,2448.0
CJ8116,45.99,18.4,0.6,2881.44
CK9445,45.99,22.99,0.5,1489.75
EF0148,59.99,35.99,0.4,2915.19
CG7123,79.99,39.99,0.5,6910.27
EE5677,89.99,53.99,0.4,971.82
EE5819,79.99,47.99,0.4,7342.47
EE5834,65.99,39.59,0.4,5130.86
EE5361,79.99,47.99,0.4,7774.38
EE5415,,,,
EE4924,119.99,71.99,0.4,10625.72
CJ0180,55.99,27.99,0.5,1612.22
F36645,59.99,29.99,0.5,4534.49
AQ0907,189.99,94.99,0.5,13336.6
CM4930,59.99,59.99,0.0,9934.34
CM4547,24.99,17.49,0.3,62.96
EE6377,119.99,71.99,0.4,3109.97
DB0271,49.99,24.99,0.5,2878.85
G27402,119.99,71.99,0.4,2591.64
EE7843,39.99,23.99,0.4,2245.46
EG6864,139.99,139.99,0.0,9323.33
EH0173,79.99,79.99,0.0,4463.44
EH2181,129.99,129.99,0.0,14740.87
FV4529,109.99,109.99,0.0,11086.99
CM4863,49.99,49.99,0.0,4949.01
EE6894,59.99,35.99,0.4,2008.24
B41823,99.99,49.99,0.5,5488.9
CI1871,59.99,24.0,0.6,3456.0
B43829,49.99,24.99,0.5,764.69
F35514,229.99,137.99,0.4,19622.18
B44820,69.99,34.99,0.5,5542.42
B44736,59.99,29.99,0.5,4372.54
CM4864,49.99,49.99,0.0,629.87
F34498,59.99,29.99,0.5,3400.87
EE6011,149.99,89.99,0.4,9718.92
CK9656,42.99,21.49,0.5,3017.2
CL7360,32.99,16.49,0.5,831.1
CK9546,39.99,19.99,0.5,3526.24
S75104,75.99,53.19,0.3,6701.94
CK9507,45.99,22.99,0.5,3931.29
F35598,45.99,27.59,0.4,2731.41
CL0207,14.99,7.49,0.5,768.47
CI9700,55.99,22.4,0.6,80.64
CI1704,45.99,18.4,0.6,2351.52
EE5730,79.99,47.99,0.4,4578.25
EE6029,75.99,45.59,0.4,7960.01
CQ2406,79.99,79.99,0.0,13822.27
EF6552,75.99,75.99,0.0,820.69
F36717,55.99,55.99,0.0,7054.74
CL7284,42.99,21.49,0.5,1818.05
F36424,59.99,59.99,0.0,1943.68
BD7497,79.99,39.99,0.5,1151.71
EE7901,45.99,45.99,0.0,1324.51
EE7905,45.99,45.99,0.0,4304.66
EE7907,45.99,45.99,0.0,1490.08
EE7690,49.99,49.99,0.0,1079.78
EE7696,49.99,49.99,0.0,1439.71
EE7382,65.99,39.59,0.4,4133.2
EE7693,49.99,49.99,0.0,7378.52
EE7422,49.99,29.99,0.4,215.93
EE7900,45.99,45.99,0.0,6622.56
EE6151,109.99,65.99,0.4,356.35
EE5520,,,,
EE5399,79.99,47.99,0.4,86.38
EE8153,59.99,35.99,0.4,3368.66
EE6110,75.99,45.59,0.4,1230.93
EE7881,65.99,65.99,0.0,5107.63
EE6077,75.99,45.59,0.4,3118.36
EE7360,59.99,35.99,0.4,842.17
EE7880,65.99,65.99,0.0,7602.05
CM5956,29.99,29.99,0.0,4912.36
EE9648,79.99,47.99,0.4,777.44
FV3020,79.99,79.99,0.0,1295.84
CM5971,27.99,27.99,0.0,554.2
CM5963,27.99,27.99,0.0,2065.66
CM5978,27.99,27.99,0.0,4635.14
CM5962,27.99,27.99,0.0,201.53
CM5975,29.99,29.99,0.0,2375.21
CM5961,27.99,27.99,0.0,1410.7
CM5974,29.99,29.99,0.0,2375.21
CM5990,29.99,29.99,0.0,1025.66
CM5979,27.99,27.99,0.0,906.88
AQ0863,79.99,79.99,0.0,2447.69
CJ8104,49.99,24.99,0.5,2294.08
CM5965,27.99,27.99,0.0,3929.8
CL7519,52.99,31.79,0.4,4692.2
EE5108,129.99,77.99,0.4,6036.43
CL9930,35.99,21.59,0.4,427.48
EF0815,79.99,79.99,0.0,8638.92
CL9935,27.99,16.79,0.4,2145.76
CM4795,39.99,31.99,0.2,2360.86
F35061,79.99,39.99,0.5,863.78
CM4978,24.99,24.99,0.0,3148.74
EG1686,149.99,149.99,0.0,22138.52
FV2838,119.99,119.99,0.0,17710.52
EF4344,119.99,119.99,0.0,9287.23
EH0188,109.99,109.99,0.0,2573.77
EE6037,75.99,45.59,0.4,1312.99
CM0039,14.99,8.99,0.4,938.56
G27636,79.99,79.99,0.0,575.93
F34392,45.99,27.59,0.4,2582.42
EG1728,199.99,199.99,0.0,9719.51
DB1758,69.99,34.99,0.5,251.93
CI1822,47.99,23.99,0.5,2159.1
CI9830,59.99,24.0,0.6,1339.2
DB1459,55.99,27.99,0.5,1158.79
EG5947,129.99,64.99,0.5,3626.44
B44809,79.99,39.99,0.5,6478.38
CG4044,49.99,24.99,0.5,3598.56
CI9931,55.99,27.99,0.5,4685.53
F35025,19.99,9.99,0.5,53.95
B96344,79.99,39.99,0.5,3887.03
CL7543,55.99,27.99,0.5,2619.86
F35560,79.99,39.99,0.5,7126.22
CL7399,55.99,27.99,0.5,2116.04
CL7303,,,,
CL7509,49.99,24.99,0.5,3508.6
EF3500,219.99,109.99,0.5,1979.82
EE8024,59.99,29.99,0.5,161.95
EE3655,159.99,79.99,0.5,5039.37
EE8447,55.99,27.99,0.5,4735.91
CL7426,45.99,22.99,0.5,1365.61
EF9182,75.99,45.59,0.4,5087.84
EE6317,75.99,45.59,0.4,4677.53
EF3836,199.99,199.99,0.0,18359.08
FW5351,109.99,109.99,0.0,10493.05
DB0958,79.99,39.99,0.5,647.84
CI9939,45.99,22.99,0.5,1200.08
BD7577,79.99,39.99,0.5,575.86
BB7828,79.99,39.99,0.5,2015.5
DB3530,69.99,34.99,0.5,5731.36
F34864,59.99,29.99,0.5,3940.69
CJ8087,49.99,24.99,0.5,44.98
F34568,45.99,22.99,0.5,1158.7
B41812,99.99,49.99,0.5,5668.87
CL7310,35.99,17.99,0.5,680.02
CL7397,55.99,27.99,0.5,4282.47
CL7624,45.99,27.59,0.4,347.63
CL7573,55.99,27.99,0.5,3577.12
BB7716,65.99,32.99,0.5,4572.41
EE6318,75.99,45.59,0.4,574.43
BC0020,59.99,29.99,0.5,3940.69
CI9699,55.99,27.99,0.5,2720.63
CJ8027,39.99,19.99,0.5,2698.65
B37736,75.99,37.99,0.5,4308.07
D97080,129.99,64.99,0.5,7603.83
CL7308,35.99,17.99,0.5,32.38
G27464,119.99,59.99,0.5,2699.55
CL9966,27.99,16.79,0.4,1722.65
BD7480,79.99,47.99,0.4,2936.99
CI1823,47.99,23.99,0.5,3713.65
DB0961,79.99,39.99,0.5,4822.79
CQ2896,109.99,54.99,0.5,6334.85
B41649,79.99,39.99,0.5,6478.38
CQ1711,69.99,34.99,0.5,1700.51
CI9992,49.99,24.99,0.5,1304.48
B37725,79.99,79.99,0.0,3599.55
CI9831,59.99,29.99,0.5,2807.06
BB7613,59.99,29.99,0.5,4048.65
CK1229,42.99,21.49,0.5,2978.51
BB7829,79.99,39.99,0.5,4030.99
B44821,69.99,34.99,0.5,3904.88
CJ7975,52.99,26.49,0.5,4625.15
B43651,59.99,29.99,0.5,1889.37
F35012,69.99,34.99,0.5,3715.94
CJ8106,49.99,24.99,0.5,269.89
EF8729,75.99,75.99,0.0,11763.25
BD7932,75.99,37.99,0.5,1914.7
BD7914,,,,
CL7606,42.99,21.49,0.5,696.28
FV6448,109.99,109.99,0.0,2573.77
G27639,79.99,79.99,0.0,13678.29
CK9569,37.99,18.99,0.5,1469.83
EE3649,159.99,79.99,0.5,4463.44
CK9829,27.99,13.99,0.5,478.46
CG5801,79.99,39.99,0.5,4390.9
CJ0027,42.99,21.49,0.5,309.46
CJ0070,42.99,21.49,0.5,3597.43
CJ8989,49.99,24.99,0.5,449.82
BB7067,59.99,29.99,0.5,1025.66
B41810,99.99,49.99,0.5,5488.9
G26778,159.99,79.99,0.5,11662.54
CJ8103,49.99,24.99,0.5,2159.14
EE6876,159.99,95.99,0.4,12958.65
EE7246,79.99,47.99,0.4,863.82
CK9805,49.99,24.99,0.5,3193.72
EE5883,129.99,77.99,0.4,9545.98
CK9785,59.99,29.99,0.5,4102.63
CK9802,49.99,24.99,0.5,3688.52
CK9860,49.99,24.99,0.5,2788.88
EF1413,159.99,95.99,0.4,1036.69
G27309,49.99,29.99,0.4,4480.51
EE6436,129.99,77.99,0.4,4772.99
EG8300,65.99,46.19,0.3,2826.83
CM5922,39.99,27.99,0.3,2720.63
CM4854,49.99,49.99,0.0,2339.53
B43814,49.99,49.99,0.0,8638.27
AC7045,99.99,49.99,0.5,4229.15
D96746,79.99,39.99,0.5,7054.24
EE3654,159.99,79.99,0.5,9934.76
G26806,159.99,79.99,0.5,6623.17
CQ1179,79.99,39.99,0.5,2591.35
EE7840,39.99,39.99,0.0,6118.47
EE4277,119.99,83.99,0.3,8466.19
F35377,45.99,45.99,0.0,4139.1
B37919,119.99,59.99,0.5,5183.14
EG2363,159.99,159.99,0.0,21886.63
CG3820,59.99,29.99,0.5,1889.37
DB1560,69.99,34.99,0.5,1448.59
F34428,59.99,59.99,0.0,6262.96
F36994,55.99,27.99,0.5,4786.29
B41648,79.99,39.99,0.5,0.0
B37959,75.99,37.99,0.5,4444.83
BB6744,89.99,36.0,0.6,129.6
DB3588,69.99,34.99,0.5,5227.51
F34563,45.99,22.99,0.5,1158.7
F36208,59.99,29.99,0.5,3292.9
CL7342,29.99,14.99,0.5,1079.28
EE9721,49.99,24.99,0.5,3013.79
FV2480,139.99,139.99,0.0,0.0
EE5590,89.99,53.99,0.4,8163.29
CG2925,,,,
BB6918,65.99,32.99,0.5,5641.29
EE9513,79.99,39.99,0.5,3239.19
CP8828,52.99,26.49,0.5,1478.14
CP9344,79.99,39.99,0.5,6262.43
F36171,52.99,26.49,0.5,95.36
CI9976,52.99,26.49,0.5,4386.74
CI9701,55.99,27.99,0.5,604.58
B44806,79.99,39.99,0.5,5614.6
EE4577,75.99,45.59,0.4,4923.72
BZ0109,129.99,52.0,0.6,4118.4
F34571,45.99,22.99,0.5,3641.62
CJ8014,49.99,24.99,0.5,3283.69
CP8822,52.99,26.49,0.5,47.68
F36242,69.99,34.99,0.5,2078.41
CJ8074,49.99,24.99,0.5,2204.12
CJ8015,49.99,24.99,0.5,1754.3
CJ8114,42.99,21.49,0.5,1934.1
CJ8075,49.99,24.99,0.5,3823.47
F35444,79.99,39.99,0.5,3239.19
EE5508,119.99,71.99,0.4,12310.29
CJ7991,55.99,27.99,0.5,4786.29
CL7312,35.99,17.99,0.5,323.82
CL7611,37.99,18.99,0.5,307.64
CK9605,45.99,22.99,0.5,2689.83
CK9481,42.99,21.49,0.5,1044.41
CK9505,45.99,22.99,0.5,1903.57
CK9485,39.99,19.99,0.5,2338.83
CL7489,39.99,19.99,0.5,179.91
CL9947,27.99,16.79,0.4,2871.09
EE5668,119.99,71.99,0.4,3109.97
CK9539,35.99,17.99,0.5,777.17
CI1702,45.99,18.4,0.6,960.48
CI1812,49.99,20.0,0.6,108.0
FV4298,109.99,109.99,0.0,4949.55
CI1739,49.99,20.0,0.6,1404.0
CI1935,45.99,18.4,0.6,0.0
B37266,189.99,94.99,0.5,3077.68
B37955,75.99,37.99,0.5,820.58
BD7842,79.99,39.99,0.5,5254.69
BD7528,79.99,39.99,0.5,791.8
BD7840,89.99,44.99,0.5,7774.27
CI1738,49.99,20.0,0.6,3060.0
AQ0535,89.99,44.99,0.5,4049.1
FV2484,139.99,139.99,0.0,3527.75
EE8137,49.99,29.99,0.4,3508.83
CL7455,52.99,31.79,0.4,4863.87
EE9267,89.99,53.99,0.4,6414.01
FW5365,129.99,129.99,0.0,19186.52
CJ0177,55.99,27.99,0.5,2216.81
EE8445,55.99,33.59,0.4,3385.87
CJ0212,45.99,22.99,0.5,1738.04
EE7917,59.99,35.99,0.4,1295.64
CK1086,,,,
EF0586,79.99,47.99,0.4,7860.76
EE7599,55.99,33.59,0.4,1813.86
F34403,229.99,137.99,0.4,15399.68
EF1157,169.99,169.99,0.0,3977.77
F34407,149.99,89.99,0.4,0.0
G26942,119.99,71.99,0.4,5572.03
F35379,45.99,27.59,0.4,3029.38
F35382,65.99,39.59,0.4,926.41
F35378,45.99,27.59,0.4,148.99
F34400,65.99,39.59,0.4,3420.58
EG4009,59.99,59.99,0.0,9610.4
EE8489,219.99,131.99,0.4,2138.24
BD7479,79.99,47.99,0.4,431.91
EE7763,89.99,53.99,0.4,2332.37
BC0975,59.99,29.99,0.5,4480.51
EF8730,75.99,45.59,0.4,3036.29
EE7762,89.99,53.99,0.4,5928.1
EE4937,119.99,71.99,0.4,1684.57
EE8973,65.99,39.59,0.4,3278.05
EE8331,69.99,41.99,0.4,1209.31
EE4762,79.99,47.99,0.4,1986.79
EE7163,75.99,45.59,0.4,1887.43
EE6257,119.99,71.99,0.4,1554.98
EE4445,75.99,45.59,0.4,5416.09
EE4443,75.99,45.59,0.4,1887.43
EF2102,79.99,47.99,0.4,5873.98
CM0011,59.99,29.99,0.5,593.8
B22747,59.99,29.99,0.5,4264.58
CM7988,109.99,44.0,0.6,237.6
BB9280,99.99,49.99,0.5,1169.77
BC0973,59.99,35.99,0.4,1489.99
CL7287,42.99,21.49,0.5,502.87
EE5790,139.99,83.99,0.4,7407.92
CL0235,29.99,14.99,0.5,1537.97
EF1344,179.99,125.99,0.3,15421.18
G27506,179.99,125.99,0.3,22451.42
F35373,59.99,59.99,0.0,1943.68
F34394,45.99,45.99,0.0,2235.11
DB3405,79.99,47.99,0.4,8033.53
CK9474,55.99,27.99,0.5,4332.85
EF8329,59.99,35.99,0.4,971.73
CL9983,42.99,21.49,0.5,1740.69
EF0021,49.99,29.99,0.4,4318.56
EF8348,39.99,23.99,0.4,1295.46
CL9985,42.99,21.49,0.5,386.82
EF8211,45.99,27.59,0.4,198.65
CL9990,47.99,28.79,0.4,103.64
EF8208,65.99,39.59,0.4,5914.75
EF1619,45.99,45.99,0.0,7036.47
EG7224,59.99,59.99,0.0,9502.42
CL9979,47.99,28.79,0.4,829.15
EF1958,45.99,45.99,0.0,2317.9
EE9566,,,,
EF1806,65.99,65.99,0.0,8789.87
EE9573,59.99,59.99,0.0,2159.64
EF1957,45.99,45.99,0.0,3476.84
EF1634,59.99,59.99,0.0,1619.73
EE9577,59.99,59.99,0.0,2159.64
G28550,65.99,65.99,0.0,7245.7
G28551,65.99,65.99,0.0,9265.0
EG7155,59.99,59.99,0.0,0.0
EF1809,69.99,69.99,0.0,3275.53
EG0963,59.99,59.99,0.0,1295.78
CM5919,49.99,39.99,0.2,1151.71
EF1664,109.99,109.99,0.0,11680.94
BZ0084,79.99,39.99,0.5,575.86
CM5920,49.99,39.99,0.2,6622.34
CM5921,49.99,39.99,0.2,6838.29
EF2778,109.99,54.99,0.5,3563.35
F34053,79.99,39.99,0.5,4678.83
B27788,59.99,29.99,0.5,2321.23
B37945,79.99,39.99,0.5,5686.58
B37846,85.99,42.99,0.5,7660.82
B96323,79.99,39.99,0.5,1943.51
DB3143,69.99,34.99,0.5,125.96
B41825,109.99,54.99,0.5,5740.96
F36630,139.99,69.99,0.5,1007.86
B37787,129.99,64.99,0.5,467.93
DB3329,99.99,49.99,0.5,2609.48
G27808,79.99,39.99,0.5,3311.17
DB2609,85.99,42.99,0.5,5571.5
CJ9009,39.99,19.99,0.5,863.57
CL0233,8.99,4.49,0.5,290.95
CI1719,45.99,22.99,0.5,4014.05
CM0106,9.99,4.99,0.5,8.98
CK9437,42.99,21.49,0.5,270.77
F34579,55.99,27.99,0.5,906.88
F34578,55.99,27.99,0.5,50.38
F36629,49.99,24.99,0.5,2384.05
CQ2330,69.99,34.99,0.5,4660.67
DA9854,55.99,27.99,0.5,1108.4
CL9937,27.99,16.79,0.4,2659.54
CQ2358,89.99,44.99,0.5,3968.12
DB0959,79.99,39.99,0.5,6118.47
DB1592,59.99,29.99,0.5,2321.23
CQ2630,129.99,64.99,0.5,4211.35
B41736,119.99,59.99,0.5,2483.59
CQ2809,79.99,39.99,0.5,3455.14
B41671,79.99,39.99,0.5,3887.03
B41719,119.99,59.99,0.5,7558.74
B37633,149.99,74.99,0.5,2159.71
B75680,79.99,39.99,0.5,1439.64
B37995,89.99,44.99,0.5,4939.9
B41766,99.99,49.99,0.5,5218.96
B38003,89.99,44.99,0.5,890.8
B37638,,,,
B27786,59.99,29.99,0.5,1619.46
B37827,79.99,39.99,0.5,3743.06
B37364,129.99,64.99,0.5,5849.1
B42000,79.99,39.99,0.5,143.96
DB2736,89.99,44.99,0.5,4049.1
BD7816,75.99,37.99,0.5,136.76
DB3276,79.99,39.99,0.5,215.95
BD7778,99.99,49.99,0.5,8098.38
G27934,189.99,94.99,0.5,11284.81
DB3565,85.99,42.99,0.5,3636.95
F35627,65.99,39.59,0.4,4489.51
F99866,109.99,54.99,0.5,4553.17
F34038,79.99,39.99,0.5,4030.99
DB1464,55.99,27.99,0.5,4332.85
CJ3406,59.99,29.99,0.5,1781.41
CI9718,59.99,29.99,0.5,0.0
DA9305,59.99,29.99,0.5,2105.3
B44650,55.99,27.99,0.5,1712.99
AC7044,99.99,49.99,0.5,7018.6
CJ8055,59.99,29.99,0.5,539.82
B43642,59.99,29.99,0.5,107.96
CJ8100,49.99,24.99,0.5,2518.99
CJ8028,39.99,19.99,0.5,1079.46
CL7474,47.99,23.99,0.5,777.28
EF9181,75.99,45.59,0.4,6811.15
CK9671,59.99,29.99,0.5,4750.42
EE5855,129.99,77.99,0.4,13757.44
EE5317,109.99,65.99,0.4,9740.12
EE5621,109.99,65.99,0.4,3088.33
EE4471,75.99,45.59,0.4,4595.47
EE4446,75.99,45.59,0.4,984.74
EE4988,109.99,65.99,0.4,10452.82
EE7741,129.99,77.99,0.4,7299.86
EE7235,79.99,47.99,0.4,5096.54
EE4962,75.99,45.59,0.4,0.0
EE4989,109.99,65.99,0.4,4276.15
F36760,119.99,71.99,0.4,11662.38
BD7316,89.99,44.99,0.5,1619.64
EE7162,75.99,45.59,0.4,2954.23
EE7238,79.99,47.99,0.4,5355.68
CM6085,14.99,14.99,0.0,566.62
BC1037,79.99,39.99,0.5,6478.38
CL7629,26.99,18.89,0.3,2856.17
B41529,69.99,34.99,0.5,3023.14
CL9920,29.99,17.99,0.4,1036.22
B37727,75.99,37.99,0.5,2735.28
AQ1022,89.99,44.99,0.5,809.82
D96745,79.99,39.99,0.5,1511.62
BD7843,79.99,39.99,0.5,2879.28
CL9922,29.99,17.99,0.4,1651.48
CK9593,52.99,26.49,0.5,1668.87
F34037,79.99,39.99,0.5,3383.15
G28999,,,,
EE9812,65.99,39.59,0.4,1282.72
F34608,55.99,27.99,0.5,1864.13
F99253,45.99,22.99,0.5,1075.93
F36204,59.99,29.99,0.5,4804.4
B79773,55.99,27.99,0.5,957.26
B43743,55.99,27.99,0.5,453.44
B79774,55.99,27.99,0.5,201.53
CL0208,14.99,7.49,0.5,485.35
EE6664,89.99,53.99,0.4,7580.2
CM7593,99.99,59.99,0.4,1079.82
CM0037,47.99,28.79,0.4,1088.26
EH1294,129.99,90.99,0.3,8844.23
FV4300,109.99,109.99,0.0,13462.78
B41677,79.99,39.99,0.5,2519.37
CL7540,49.99,24.99,0.5,1079.57
F34944,69.99,34.99,0.5,3275.06
CL7625,45.99,27.59,0.4,496.62
CL7510,49.99,24.99,0.5,3913.43
CL7512,49.99,24.99,0.5,3733.51
EE9894,89.99,44.99,0.5,6154.63
F35606,149.99,89.99,0.4,5507.39
CK9842,27.99,16.79,0.4,90.67
CK9810,24.99,12.49,0.5,1124.1
CK9787,59.99,29.99,0.5,1241.59
CK9812,24.99,12.49,0.5,517.09
CL9975,45.99,27.59,0.4,2880.4
G26170,129.99,77.99,0.4,140.38
F97258,169.99,101.99,0.4,7894.03
CL9980,42.99,25.79,0.4,3435.23
EG2066,27.99,27.99,0.0,4937.44
CL9981,42.99,25.79,0.4,3388.81
CM5995,35.99,35.99,0.0,1036.51
AC8133,109.99,65.99,0.4,10452.82
EE3656,129.99,64.99,0.5,3626.44
G27274,79.99,47.99,0.4,3541.66
G28372,99.99,59.99,0.4,215.96
EG1188,89.99,89.99,0.0,8261.08
G27364,99.99,59.99,0.4,5399.1
G28583,99.99,59.99,0.4,3131.48
EF0582,79.99,47.99,0.4,2936.99
CL7522,52.99,31.79,0.4,1945.55
CM0040,14.99,8.99,0.4,161.82
CL9940,32.99,19.79,0.4,2244.19
EE5107,149.99,89.99,0.4,11176.76
DA9853,55.99,33.59,0.4,4655.57
CG5675,69.99,41.99,0.4,7482.62
EE5357,79.99,47.99,0.4,1986.79
CL7641,26.99,18.89,0.3,2788.16
EE5451,75.99,45.59,0.4,492.37
CK9458,49.99,24.99,0.5,539.78
EE4444,75.99,45.59,0.4,5580.22
G28970,59.99,35.99,0.4,453.47
DB3021,,,,
EE6378,119.99,71.99,0.4,1166.24
BB9890,45.99,22.99,0.5,3103.65
EF2511,65.99,39.59,0.4,4560.77
F36393,59.99,35.99,0.4,1749.11
CL7275,49.99,29.99,0.4,5236.25
EE7906,45.99,27.59,0.4,943.58
EE7908,45.99,27.59,0.4,3625.33
EE7681,65.99,39.59,0.4,1353.98
EE7680,65.99,39.59,0.4,2422.91
EF5887,79.99,55.99,0.3,403.13
EE9675,59.99,35.99,0.4,3239.1
EG8323,109.99,76.99,0.3,4988.95
FV4417,99.99,99.99,0.0,179.98
EG3493,69.99,55.99,0.2,4333.63
EE9717,49.99,24.99,0.5,3598.56
CM4938,47.99,38.39,0.2,2349.47
G27276,79.99,47.99,0.4,7601.62
B37789,129.99,64.99,0.5,4445.32
F36993,65.99,32.99,0.5,2672.19
CM4773,42.99,34.39,0.2,4952.16
BB1879,139.99,56.0,0.6,8668.8
BB1878,139.99,56.0,0.6,9777.6
BA9109,139.99,56.0,0.6,1512.0
BB6079,139.99,56.0,0.6,5644.8
BY2405,139.99,56.0,0.6,1612.8
CJ8985,45.99,22.99,0.5,4014.05
CL9949,27.99,16.79,0.4,211.55
CM0041,14.99,8.99,0.4,388.37
CK1083,59.99,29.99,0.5,0.0
CL0213,11.99,5.99,0.5,420.5
B43659,65.99,32.99,0.5,3206.63
BC0516,129.99,129.99,0.0,14506.88
BB9426,149.99,74.99,0.5,11203.51
F34426,59.99,35.99,0.4,3239.1
BD7810,119.99,59.99,0.5,1943.68
B44699,49.99,49.99,0.0,4859.03
EF8373,45.99,27.59,0.4,2582.42
EG7971,79.99,79.99,0.0,10942.63
EG7972,79.99,79.99,0.0,11230.6
AQ0106,79.99,32.0,0.6,57.6
F34813,65.99,65.99,0.0,7008.14
EE7379,65.99,65.99,0.0,10096.47
EE9631,59.99,59.99,0.0,8098.65
CK9819,24.99,14.99,0.4,431.71
EH1172,69.99,69.99,0.0,881.87
EE9635,65.99,65.99,0.0,4038.59
EF9612,169.99,169.99,0.0,7343.57
EH1851,69.99,69.99,0.0,9952.58
EG1713,129.99,129.99,0.0,11231.14
CM5923,39.99,39.99,0.0,5182.7
CM5942,39.99,39.99,0.0,2879.28
CM5932,49.99,49.99,0.0,7378.52
CM5937,,,,
CM5933,49.99,49.99,0.0,1619.68
CM5924,39.99,39.99,0.0,7054.24
CM5938,55.99,55.99,0.0,9171.16
EG4344,59.99,59.99,0.0,0.0
EG5839,99.99,99.99,0.0,16918.31
EF8850,99.99,99.99,0.0,899.91
CL9957,24.99,14.99,0.4,1780.81
B37704,169.99,118.99,0.3,10709.1
CL9964,27.99,16.79,0.4,1994.65
EF0804,109.99,109.99,0.0,15640.58
EG1144,109.99,109.99,0.0,3563.68
EG1146,109.99,109.99,0.0,15442.6
EH1531,99.99,99.99,0.0,5399.46
EE4316,159.99,159.99,0.0,10079.37
EG1393,99.99,99.99,0.0,14938.51
EG0978,149.99,149.99,0.0,6749.55
EG0959,119.99,119.99,0.0,14254.81
EE4185,99.99,99.99,0.0,4499.55
EG0693,179.99,179.99,0.0,13283.26
EF1043,179.99,179.99,0.0,4211.77
EH1530,99.99,99.99,0.0,9719.03
DB3145,69.99,34.99,0.5,251.93
CL7378,49.99,24.99,0.5,3508.6
EG1391,99.99,99.99,0.0,17638.24
FV4284,109.99,109.99,0.0,197.98
EG0695,179.99,179.99,0.0,12959.28
EE5403,79.99,47.99,0.4,7774.38
F35565,32.99,32.99,0.0,3028.48
EE4935,119.99,71.99,0.4,1943.73
F36392,59.99,41.99,0.3,5441.9
EE5597,109.99,65.99,0.4,1306.6
EG4370,59.99,41.99,0.3,1058.15
EE7888,59.99,41.99,0.3,151.16
DB0156,49.99,29.99,0.4,2591.14
EE7686,59.99,41.99,0.3,4912.83
D96523,79.99,47.99,0.4,7342.47
EG3278,45.99,45.99,0.0,413.91
EF6989,109.99,109.99,0.0,13264.79
D96524,79.99,47.99,0.4,4923.77
F35626,65.99,39.59,0.4,5558.44
F35629,65.99,39.59,0.4,1353.98
F35619,109.99,65.99,0.4,1662.95
EF1162,149.99,104.99,0.3,9827.06
G27244,99.99,59.99,0.4,6910.85
CP9196,44.99,22.49,0.5,931.09
CP9028,129.99,64.99,0.5,10294.42
CP8933,129.99,64.99,0.5,2690.59
CP9029,129.99,64.99,0.5,2105.68
BB9345,149.99,74.99,0.5,3644.51
DB2064,129.99,64.99,0.5,3977.39
DB2188,45.99,22.99,0.5,3558.85
DB2125,45.99,22.99,0.5,2689.83
DA9588,,,,
DB2080,129.99,64.99,0.5,2807.57
DB2463,59.99,29.99,0.5,5182.27
DB2166,129.99,64.99,0.5,10060.45
BB9185,139.99,69.99,0.5,3653.48
BC0552,149.99,74.99,0.5,1619.78
BC0316,65.99,32.99,0.5,2731.57
BB9375,45.99,22.99,0.5,2110.48
D97992,45.99,22.99,0.5,1944.95
BB8113,45.99,22.99,0.5,3517.47
B43665,35.99,21.59,0.4,2992.37
BB9188,59.99,29.99,0.5,1079.64
EE7042,19.99,19.99,0.0,1511.24
BB6280,129.99,64.99,0.5,935.86
CK9455,49.99,24.99,0.5,539.78
CG4019,119.99,59.99,0.5,7774.7
F35784,149.99,74.99,0.5,11338.49
BB6291,129.99,64.99,0.5,3275.5
CQ3176,119.99,59.99,0.5,8530.58
D97306,99.99,49.99,0.5,4769.05
D97451,109.99,54.99,0.5,4256.23
CK9859,49.99,24.99,0.5,314.87
G28832,99.99,59.99,0.4,4643.23
EF5431,35.99,35.99,0.0,712.6
F34393,45.99,27.59,0.4,1936.82
EF4258,79.99,55.99,0.3,8566.47
CM5970,27.99,27.99,0.0,4282.47
AQ0533,89.99,44.99,0.5,3239.28
EG4958,79.99,79.99,0.0,13246.34
280648,29.99,29.99,0.0,2915.03
288022,29.99,29.99,0.0,5128.29
CK9857,49.99,24.99,0.5,629.75
CL9944,27.99,16.79,0.4,90.67
FW0536,179.99,179.99,0.0,3239.82
EF0709,129.99,129.99,0.0,13570.96
BB6351,129.99,64.99,0.5,8422.7
FU8299,29.99,29.99,0.0,1727.42
CK9684,49.99,24.99,0.5,1349.46
DB2071,219.99,109.99,0.5,17818.38
BB9335,229.99,114.99,0.5,7658.33
F36199,59.99,59.99,0.0,10042.33
FV8788,59.99,59.99,0.0,431.93
EE6255,129.99,77.99,0.4,5053.75
EE9845,69.99,69.99,0.0,11968.29
EF0416,55.99,55.99,0.0,6953.96
EF3830,199.99,199.99,0.0,7199.64
EG3106,79.99,79.99,0.0,863.89
EG3667,79.99,79.99,0.0,13102.36
FV3907,129.99,129.99,0.0,20590.42
CM4815,32.99,32.99,0.0,296.91
FV4287,109.99,109.99,0.0,1583.86
FV4291,109.99,109.99,0.0,1187.89
BY9260,75.99,75.99,0.0,8754.05
BB5478,,,,
CM4832,52.99,52.99,0.0,2003.02
AQ8531,69.99,69.99,0.0,7054.99
G27706,79.99,79.99,0.0,4895.39
CK9655,42.99,21.49,0.5,928.37
EF4690,79.99,79.99,0.0,7343.08
EF4689,79.99,79.99,0.0,13390.33
EG4959,79.99,79.99,0.0,1727.78
F35611,229.99,137.99,0.4,16889.98
FV3017,89.99,89.99,0.0,3401.62
FV2807,79.99,79.99,0.0,7487.06
EG3284,45.99,45.99,0.0,5132.48
F35383,65.99,39.59,0.4,2137.86
F34412,59.99,35.99,0.4,5636.03
EE9663,65.99,39.59,0.4,3990.67
CQ2332,59.99,35.99,0.4,6283.85
EE7744,89.99,89.99,0.0,4049.55
EE7801,55.99,33.59,0.4,786.01
EF5945,79.99,79.99,0.0,6191.23
FV4649,79.99,79.99,0.0,11518.56
EF5891,109.99,109.99,0.0,3959.64
EF5884,75.99,75.99,0.0,10532.21
EH0169,99.99,99.99,0.0,7919.21
EG7964,119.99,119.99,0.0,13606.87
FV3023,89.99,89.99,0.0,6479.28
EH0175,79.99,79.99,0.0,8926.88
BB9347,149.99,74.99,0.5,10123.65
FV2872,79.99,79.99,0.0,12382.45
CP8971,89.99,44.99,0.5,1214.73
F35341,45.99,27.59,0.4,3178.37
FX4259,129.99,129.99,0.0,16612.72
BB9367,65.99,32.99,0.5,3206.63
CG6830,45.99,27.59,0.4,2483.1
BB8090,59.99,29.99,0.5,161.95
EF8368,45.99,27.59,0.4,3526.0
EE7695,49.99,29.99,0.4,3616.79
EG6208,69.99,69.99,0.0,6551.06
EE7678,69.99,41.99,0.4,6273.31
EF1357,139.99,83.99,0.4,2267.73
G27367,99.99,59.99,0.4,5291.12
EF1240,99.99,59.99,0.4,4643.23
EF8287,65.99,39.59,0.4,3848.15
EF8292,45.99,27.59,0.4,1092.56
EF2380,149.99,89.99,0.4,15226.31
CM4816,29.99,23.99,0.2,388.64
CM4936,47.99,38.39,0.2,691.02
FW5354,129.99,129.99,0.0,2105.84
FW8153,109.99,109.99,0.0,17620.4
CM4881,26.99,26.99,0.0,3983.72
F34408,149.99,89.99,0.4,0.0
CL7362,32.99,16.49,0.5,118.73
F35594,65.99,39.59,0.4,4988.34
EF9237,79.99,47.99,0.4,3973.57
CG6465,,,,
B43739,39.99,19.99,0.5,323.84
F35316,149.99,89.99,0.4,10690.81
EE5803,79.99,47.99,0.4,7601.62
EG3730,129.99,129.99,0.0,2573.8
CM6084,14.99,14.99,0.0,161.89
EF4261,129.99,129.99,0.0,15442.81
FW2154,129.99,129.99,0.0,8189.37
CL7640,26.99,18.89,0.3,3264.19
G26989,149.99,104.99,0.3,2834.73
EE7720,109.99,65.99,0.4,4038.59
B37698,199.99,139.99,0.3,14362.97
CM6072,14.99,14.99,0.0,1753.83
CK9795,47.99,23.99,0.5,3756.83
FU8940,139.99,139.99,0.0,13103.06
CL9923,29.99,17.99,0.4,2946.76
BY4027,59.99,29.99,0.5,593.8
F35621,109.99,65.99,0.4,6414.23
EE9554,69.99,69.99,0.0,755.89
B37697,159.99,111.99,0.3,4434.8
FV7538,219.99,219.99,0.0,10295.53
D97436,129.99,64.99,0.5,9007.61
EE7692,49.99,49.99,0.0,2069.59
EE9664,65.99,46.19,0.3,997.7
EE6036,75.99,45.59,0.4,4349.29
FV7536,219.99,219.99,0.0,18611.15
EH0151,89.99,89.99,0.0,12958.56
CM5985,27.99,27.99,0.0,3829.03
CM5951,27.99,27.99,0.0,4080.94
CM5952,27.99,27.99,0.0,1662.61
CM5964,27.99,27.99,0.0,3778.65
EF1343,179.99,125.99,0.3,19730.03
EF4343,119.99,119.99,0.0,3239.73
B44142,159.99,64.0,0.6,4953.6
EE4320,89.99,53.99,0.4,8552.02
CL0252,9.99,4.99,0.5,197.6
EE7904,45.99,45.99,0.0,2152.33
CM4885,26.99,26.99,0.0,340.07
BY4061,79.99,32.0,0.6,2880.0
G26565,79.99,47.99,0.4,6392.27
F36333,55.99,55.99,0.0,5643.79
CL9986,39.99,23.99,0.4,1986.37
EF8210,65.99,39.59,0.4,4560.77
CL9976,47.99,28.79,0.4,3161.14
EE4805,129.99,77.99,0.4,1544.2
EF1814,49.99,49.99,0.0,8728.25
EG0953,49.99,49.99,0.0,4589.08
CM5915,59.99,59.99,0.0,6154.97
G27504,179.99,125.99,0.3,11112.32
BD7819,75.99,37.99,0.5,888.97
EF4260,129.99,129.99,0.0,11699.1
EF4001,139.99,139.99,0.0,16378.83
EF4262,129.99,129.99,0.0,701.95
EF5432,,,,
EF4028,119.99,119.99,0.0,10799.1
EG8354,119.99,119.99,0.0,11663.03
EG8355,119.99,119.99,0.0,17278.56
CM4551,24.99,17.49,0.3,3085.24
FV3018,89.99,89.99,0.0,14092.43
EE4324,159.99,111.99,0.3,14110.74
F34469,49.99,49.99,0.0,2699.46
F35381,65.99,65.99,0.0,8908.65
B96558,79.99,39.99,0.5,1727.57
BA7376,149.99,60.0,0.6,6804.0
B37435,129.99,52.0,0.6,4586.4
F36334,55.99,27.99,0.5,2619.86
CL7338,29.99,14.99,0.5,134.91
CQ1108,79.99,39.99,0.5,5038.74
FV4083,79.99,79.99,0.0,8782.9
CK1084,59.99,29.99,0.5,2483.17
CQ1129,79.99,39.99,0.5,2375.41
CQ1114,79.99,39.99,0.5,1871.53
B22729,79.99,39.99,0.5,1007.75
F36236,65.99,32.99,0.5,4037.98
F36232,65.99,32.99,0.5,5581.91
DB3555,75.99,37.99,0.5,1094.11
B42259,79.99,39.99,0.5,2375.41
B22728,79.99,39.99,0.5,3455.14
B27818,79.99,39.99,0.5,1151.71
B22721,75.99,37.99,0.5,5128.65
B22726,75.99,37.99,0.5,3213.95
B22762,59.99,29.99,0.5,701.77
B41486,59.99,29.99,0.5,2645.12
B41686,75.99,37.99,0.5,3008.81
B41776,79.99,39.99,0.5,5470.63
F36221,79.99,39.99,0.5,2951.26
B22790,55.99,27.99,0.5,2065.66
BD7809,119.99,59.99,0.5,5399.1
EG1212,29.99,29.99,0.0,5074.31
EG1346,37.99,37.99,0.0,6427.91
DB1347,55.99,22.4,0.6,80.64
F35595,65.99,39.59,0.4,4774.55
B96569,45.99,27.59,0.4,1191.89
F35593,65.99,39.59,0.4,3278.05
EF2099,79.99,47.99,0.4,7774.38
G27132,179.99,125.99,0.3,18369.34
DB3389,119.99,71.99,0.4,5183.28
EF1649,45.99,45.99,0.0,993.38
EF1698,45.99,45.99,0.0,4304.66
EF2208,59.99,59.99,0.0,4319.28
EG0964,59.99,59.99,0.0,0.0
EG7202,65.99,65.99,0.0,9265.0
EG7130,59.99,59.99,0.0,7558.74
FU8926,109.99,109.99,0.0,6335.42
EF1707,45.99,45.99,0.0,2152.33
G54739,79.99,39.99,0.5,1871.53
B44705,,,,
DA8693,139.99,69.99,0.5,11086.42
CM0105,9.99,4.99,0.5,781.43
F34611,37.99,18.99,0.5,2632.01
EG5933,169.99,169.99,0.0,28762.31
BB6574,179.99,89.99,0.5,15550.27
BD7878,139.99,69.99,0.5,8818.74
CK8040,49.99,24.99,0.5,2384.05
CK8037,49.99,24.99,0.5,2384.05
CK8039,49.99,24.99,0.5,2518.99
EE6254,129.99,77.99,0.4,10528.65
EE6081,75.99,45.59,0.4,7713.83
EE7383,65.99,39.59,0.4,4275.72
EE9665,65.99,65.99,0.0,1900.51
EE6111,75.99,45.59,0.4,7713.83
D97654,179.99,89.99,0.5,6155.32
EE6112,79.99,47.99,0.4,1986.79
CL9854,49.99,24.99,0.5,449.82
EE4284,69.99,41.99,0.4,2947.7
EF0609,79.99,47.99,0.4,6219.5
CM0060,12.99,7.79,0.4,1205.89
G26566,79.99,47.99,0.4,1641.26
EF0500,129.99,77.99,0.4,6738.34
F34375,55.99,27.99,0.5,806.11
EG1851,32.99,32.99,0.0,118.76
BB7236,79.99,39.99,0.5,71.98
CP9392,169.99,84.99,0.5,8872.96
F34573,45.99,22.99,0.5,2565.68
CL9853,47.99,28.79,0.4,1347.37
EF2378,149.99,89.99,0.4,809.91
F34390,59.99,59.99,0.0,4427.26
CL9851,47.99,28.79,0.4,3316.61
F36412,59.99,29.99,0.5,3184.94
BB9425,149.99,74.99,0.5,12283.36
S78048,32.99,16.49,0.5,385.87
G27463,119.99,59.99,0.5,431.93
B44869,37.99,37.99,0.0,6017.62
CM0002,65.99,39.59,0.4,3776.89
EH1837,99.99,99.99,0.0,10078.99
EF2392,119.99,119.99,0.0,11231.06
EH0433,99.99,99.99,0.0,15658.43
EE4393,179.99,179.99,0.0,9071.5
EE9642,65.99,65.99,0.0,4751.28
EG0692,179.99,179.99,0.0,28510.42
F34376,55.99,27.99,0.5,4383.23
DA9997,37.99,22.79,0.4,3117.67
G28527,45.99,45.99,0.0,3559.63
CQ0443,169.99,84.99,0.5,3365.6
EE9555,59.99,59.99,0.0,539.91
EE9027,219.99,131.99,0.4,19244.14
G28523,45.99,45.99,0.0,7781.51
DB3390,119.99,71.99,0.4,4276.21
BB9440,45.99,22.99,0.5,703.49
CP8932,,,,
D97959,45.99,22.99,0.5,2441.54
D97609,39.99,23.99,0.4,777.28
BB9187,59.99,29.99,0.5,4318.56
AQ0407,109.99,54.99,0.5,7324.67
FW5366,109.99,109.99,0.0,7523.32
CJ8979,27.99,13.99,0.5,1309.46
B42099,55.99,27.99,0.5,403.06
CM0042,14.99,8.99,0.4,776.74
EE6814,49.99,29.99,0.4,377.87
BD7927,299.99,299.99,0.0,19979.33
FU8296,29.99,29.99,0.0,4750.42
EE9576,69.99,69.99,0.0,10456.51
CM5914,59.99,59.99,0.0,5723.05
EF0893,179.99,179.99,0.0,30454.31
EG0979,149.99,149.99,0.0,18088.79
CK9797,47.99,23.99,0.5,2979.56
B37706,169.99,118.99,0.3,3426.91
CG6237,99.99,59.99,0.4,6262.96
AW4591,37.99,18.99,0.5,3384.02
DB3364,99.99,59.99,0.4,3131.48
F35234,159.99,111.99,0.3,3830.06
B37703,169.99,118.99,0.3,17991.29
D97441,109.99,54.99,0.5,3563.35
CM6023,42.99,34.39,0.2,2723.69
CM6022,42.99,34.39,0.2,1114.24
EH0166,49.99,49.99,0.0,2609.48
EG0429,179.99,179.99,0.0,12635.3
FU8298,29.99,29.99,0.0,2591.14
FV0033,179.99,179.99,0.0,6155.66
CL9987,39.99,23.99,0.4,906.82
FU8297,29.99,29.99,0.0,3994.67
EF0573,69.99,41.99,0.4,2569.79
EG0755,189.99,189.99,0.0,19834.96
FW1970,179.99,179.99,0.0,323.98
BD7865,299.99,299.99,0.0,28619.05
EG2211,149.99,149.99,0.0,8369.44
D69234,55.99,27.99,0.5,1561.84
EG2216,129.99,129.99,0.0,9593.26
EG2007,59.99,59.99,0.0,3995.33
CM6029,39.99,39.99,0.0,2087.48
EF2479,89.99,89.99,0.0,10366.85
EE9658,89.99,53.99,0.4,5636.56
CM6028,39.99,39.99,0.0,3239.19
EE7669,109.99,65.99,0.4,8195.96
CM6027,39.99,39.99,0.0,1079.73
EG2009,59.99,59.99,0.0,7342.78
CM6007,39.99,39.99,0.0,359.91
CL9855,49.99,24.99,0.5,674.73
EF3504,119.99,119.99,0.0,4751.6
EF0606,79.99,47.99,0.4,691.06
M20324,59.99,59.99,0.0,4319.28
EG2659,55.99,55.99,0.0,7861.0
FW5445,,,,
FW3136,169.99,169.99,0.0,14381.15
EH1106,39.99,39.99,0.0,6046.49
EH1943,79.99,79.99,0.0,7199.1
EG0773,179.99,179.99,0.0,1943.89
EG2799,69.99,69.99,0.0,12346.24
EF9919,99.99,99.99,0.0,14578.54
EE4599,79.99,79.99,0.0,5615.3
EF9866,129.99,129.99,0.0,16612.72
EF9908,99.99,99.99,0.0,11158.88
CM6031,49.99,49.99,0.0,8008.4
CM6012,47.99,47.99,0.0,3023.37
EF9926,149.99,149.99,0.0,5669.62
CM6013,47.99,47.99,0.0,604.67
D96931,149.99,74.99,0.5,7828.96
BB3218,99.99,40.0,0.6,6624.0
EH1875,55.99,55.99,0.0,5543.01
CM6032,49.99,49.99,0.0,7918.42
EG0691,179.99,179.99,0.0,8423.53
G28220,119.99,71.99,0.4,5442.44
FW0525,199.99,199.99,0.0,17279.14
G26934,129.99,77.99,0.4,9545.98
EF3509,99.99,99.99,0.0,7739.23
EF3503,109.99,109.99,0.0,9305.15
EF3505,69.99,69.99,0.0,3779.46
CM6008,39.99,39.99,0.0,6262.43
BC0980,79.99,79.99,0.0,863.89
EF9924,149.99,149.99,0.0,24028.4
CJ1646-600,0.0,74.95,0.0,0.0
CT4328-101,0.0,74.95,0.0,0.0
CI3482-200,0.0,99.95,0.0,0.0
CD0479-200,0.0,99.95,0.0,0.0
CZ6156-101,0.0,99.95,0.0,0.0
CJ6314-146,0.0,99.95,0.0,0.0
CI0808-100,0.0,59.95,0.0,0.0
CJ0861-017,0.0,99.95,0.0,179.91
AT8242-009,0.0,159.95,0.0,4030.74
CK2595-500,0.0,149.95,0.0,539.82
CD0490-104,0.0,99.95,0.0,1619.19
315115-112,0.0,74.95,0.0,9038.97
AV5186-101,0.0,104.95,0.0,0.0
CJ0860-668,0.0,79.95,0.0,0.0
AJ6910-009,0.0,169.95,0.0,14683.68
BQ7043-668,0.0,99.95,0.0,6116.94
CK2608-100,0.0,149.95,0.0,0.0
921733-104,0.0,169.95,0.0,4894.56
CJ1379-001,0.0,79.95,0.0,0.0
CT1726-100,0.0,54.95,0.0,0.0
CT4525-001,0.0,159.95,0.0,0.0
923112-001,79.95,55.97,0.0,604.48
BQ3381-600,0.0,149.95,0.0,539.82
AO2982-076,0.0,109.95,0.0,4354.02
CJ0277-002,0.0,119.95,0.0,0.0
AQ2730-009,,,,
CT1030-100,0.0,99.95,0.0,0.0
CK9671-001,0.0,189.95,0.0,341.91
BQ4632-602,0.0,24.95,0.0,179.64
CJ0280-001,0.0,119.95,0.0,0.0
AR6374-402,0.0,19.95,0.0,179.55
CU5646-001,0.0,169.95,0.0,305.91
AR4543-013,0.0,59.95,0.0,755.37
CI3707-100,159.95,119.97,0.0,0.0
CQ9500-100,0.0,139.95,0.0,0.0
CJ1642-002,0.0,89.95,0.0,0.0
CD0888-002,0.0,75.95,0.0,410.13
CI3868-001,0.0,159.95,0.0,0.0
CJ0636-100,0.0,89.95,0.0,161.91
852542-087,0.0,99.95,0.0,2338.83
CK2351-601,0.0,79.95,0.0,1007.37
BV0657-400,0.0,64.95,0.0,350.73
AT8000-104,0.0,54.95,0.0,0.0
554724-066,0.0,99.95,0.0,10974.51
CJ0619-100,0.0,129.95,0.0,0.0
CJ0592-001,0.0,169.95,0.0,0.0
CT3867-001,0.0,119.95,0.0,0.0
CJ0267-001,0.0,109.95,0.0,0.0
AT7998-104,0.0,54.95,0.0,0.0
AT7898-104,0.0,229.95,0.0,0.0
CD5086-500,0.0,89.95,0.0,0.0
CJ0625-700,0.0,159.95,0.0,0.0
CT4352-104,0.0,99.95,0.0,0.0
CD3002-103,0.0,109.95,0.0,395.82
CD3460-010,0.0,99.95,0.0,5577.21
CD3395-006,0.0,119.95,0.0,431.82
CQ6569-001,159.95,111.97,0.0,0.0
AT7997-606,0.0,49.95,0.0,0.0
CI3708-700,0.0,149.95,0.0,269.91
CT1104-700,0.0,109.95,0.0,0.0
CD5007-102,0.0,139.95,0.0,503.82
AT7995-104,0.0,79.95,0.0,0.0
BV9977-101,0.0,119.95,0.0,0.0
CD0200-003,0.0,69.95,0.0,125.91
BQ3177-100,0.0,169.95,0.0,14377.77
DA4155-400,0.0,169.95,0.0,0.0
CJ0773-010,0.0,79.95,0.0,0.0
CQ0912-100,0.0,119.95,0.0,431.82
CT1099-093,0.0,249.95,0.0,0.0
CI1718-001,139.95,83.97,0.0,302.29
CD0490-101,0.0,99.95,0.0,1619.19
AT7980-606,0.0,59.95,0.0,0.0
BQ3202-011,0.0,79.95,0.0,1151.28
CD0113-400,0.0,149.95,0.0,269.91
CQ2344-100,0.0,119.95,0.0,0.0
AO4971-700,129.95,77.97,0.0,4631.42
AV2605-101,99.95,59.97,0.0,2914.54
AA1625-009,0.0,87.95,0.0,1424.79
CK3022-005,,,,
AO7351-104,0.0,79.95,0.0,431.73
AJ9515-001,0.0,69.95,0.0,0.0
AO2434-101,0.0,149.95,0.0,0.0
CJ0861-010,0.0,99.95,0.0,179.91
AT1198-401,0.0,79.95,0.0,0.0
AT7996-606,0.0,74.95,0.0,0.0
CK2772-101,0.0,109.95,0.0,0.0
AQ7477-009,0.0,99.95,0.0,1979.01
AQ5707-001,109.95,76.97,0.0,1385.46
BV4584-001,169.95,135.97,0.0,489.49
CD6721-808,0.0,229.95,0.0,0.0
AO0566-606,0.0,74.95,0.0,674.55
AT5410-003,99.95,69.97,0.0,251.89
BV6348-300,0.0,159.95,0.0,5758.2
CI3703-401,119.95,95.97,0.0,0.0
AT7946-414,0.0,84.95,0.0,305.82
BQ5401-001,159.95,111.97,0.0,2418.55
BV7725-500,79.95,47.97,0.0,259.04
CU7623-002,0.0,169.95,0.0,611.82
CK5669-400,159.95,111.97,0.0,0.0
704939-103,0.0,69.95,0.0,1007.28
CD5050-400,0.0,169.95,0.0,1529.55
CK5836-100,109.95,87.97,0.0,158.35
CI1396-600,0.0,79.95,0.0,143.91
CD0916-001,0.0,119.95,0.0,215.91
BV1507-001,109.95,65.97,0.0,593.73
BQ6623-070,159.95,127.97,0.0,4146.23
CD4156-606,0.0,84.95,0.0,0.0
CI3831-200,109.95,65.97,0.0,118.75
AO1741-003,119.95,83.97,0.0,453.44
AH8050-100,0.0,139.95,0.0,20404.71
CD4159-606,0.0,59.95,0.0,0.0
CK4363-100,0.0,75.95,0.0,820.26
CN8490-100,0.0,99.95,0.0,539.73
CI9921-001,0.0,79.95,0.0,0.0
AO3269-717,84.95,59.47,0.0,321.14
CI9367-301,0.0,79.95,0.0,287.82
AT7960-104,0.0,79.95,0.0,0.0
AT8179-100,159.95,95.97,0.0,1209.22
AV3866-001,0.0,169.95,0.0,305.91
AH1015-010,99.95,69.97,0.0,3148.65
AT5293-004,0.0,209.95,0.0,2645.37
AT7949-606,0.0,59.95,0.0,0.0
AT6395-002,149.95,104.97,0.0,1133.68
CK6357-005,0.0,69.95,0.0,1510.92
AV5555-001,109.95,87.97,0.0,1425.11
310805-137,0.0,159.95,0.0,64203.93
130690-017,0.0,159.95,0.0,6909.84
CT1264-101,0.0,129.95,0.0,233.91
CK5668-600,119.95,83.97,0.0,0.0
BQ5427-401,0.0,89.95,0.0,0.0
AQ7497-300,0.0,79.95,0.0,431.73
CT4526-100,,,,
AH7378-801,49.95,39.97,0.0,0.0
CJ0404-001,0.0,149.95,0.0,0.0
CI3871-300,0.0,159.95,0.0,1439.55
BQ2728-012,0.0,119.95,0.0,3670.47
CT3110-400,0.0,54.95,0.0,0.0
CJ0270-601,0.0,79.95,0.0,0.0
CT8919-700,0.0,139.95,0.0,503.82
CT1020-001,0.0,99.95,0.0,0.0
CD5082-001,0.0,89.95,0.0,323.82
BV5739-500,109.95,76.97,0.0,415.64
CW4286-100,0.0,119.95,0.0,0.0
CD0887-201,0.0,79.95,0.0,431.73
CD5028-900,0.0,109.95,0.0,0.0
AJ6900-102,0.0,169.95,0.0,15295.5
CI9842-500,0.0,99.95,0.0,359.82
CI0919-100,0.0,89.95,0.0,3238.2
CK7200-800,0.0,109.95,0.0,0.0
487754-303,0.0,79.95,0.0,2446.47
AH7249-118,89.95,71.97,0.0,129.55
CJ9684-001,159.95,111.97,0.0,403.09
AO0354-108,0.0,69.95,0.0,1007.28
AT2863-100,0.0,159.95,0.0,15547.14
832528-001,0.0,15.95,0.0,172.26
CD4371-001,0.0,139.95,0.0,17129.88
AQ8830-016,189.95,151.97,0.0,4650.28
AO9819-001,119.95,96.37,0.0,4683.58
AR3863-101,0.0,129.95,0.0,0.0
CI3706-100,159.95,119.97,0.0,0.0
AT1369-103,0.0,79.95,0.0,0.0
AQ1189-009,0.0,109.95,0.0,6135.21
CU5133-600,169.95,135.97,0.0,1713.22
CK9670-100,0.0,189.95,0.0,0.0
CI5546-100,0.0,64.95,0.0,233.82
BQ6826-003,0.0,89.95,0.0,647.64
CU0814-102,0.0,99.95,0.0,179.91
AV4789-104,89.95,71.97,0.0,906.82
CJ3312-001,0.0,129.95,0.0,233.91
AR6631-004,159.95,127.97,0.0,5528.3
BQ6166-003,119.95,71.97,0.0,4015.93
CQ0492-001,0.0,109.95,0.0,395.82
918193-700,0.0,134.95,0.0,4858.2
AQ0926-001,0.0,129.95,0.0,0.0
AQ7489-008,0.0,79.95,0.0,2014.74
CD7070-009,0.0,149.95,0.0,4048.65
AH7857-009,0.0,119.95,0.0,4965.93
CT5229-001,0.0,159.95,0.0,0.0
CJ1300-401,74.95,52.47,0.0,0.0
880848-005,0.0,144.95,0.0,27395.55
AT8240-003,0.0,139.95,0.0,7557.3
942851-002,0.0,109.95,0.0,12072.51
AR5677-200,0.0,109.95,0.0,2374.92
CI9949-001,,,,
AJ6959-717,59.95,44.97,0.0,80.95
415445-102,0.0,52.95,0.0,8959.14
BQ5422-200,0.0,99.95,0.0,5397.3
AT7975-606,0.0,84.95,0.0,152.91
553558-125,0.0,89.95,0.0,5504.94
AQ0925-002,0.0,169.95,0.0,0.0
CD6404-800,79.95,47.97,0.0,0.0
AQ4176-049,0.0,219.95,0.0,1583.64
CT3632-001,0.0,79.95,0.0,0.0
CK2718-003,0.0,189.95,0.0,3419.1
AO2924-401,159.95,127.97,0.0,14281.45
AR4229-003,0.0,129.95,0.0,4210.38
AQ8306-407,99.95,79.97,0.0,3310.76
CD0881-104,0.0,99.95,0.0,1619.19
CT5342-007,0.0,189.95,0.0,3761.01
CI3705-600,139.95,111.97,0.0,0.0
AQ7878-003,0.0,79.95,0.0,143.91
AO0570-810,74.95,52.47,0.0,0.0
CT5528-001,149.95,89.97,0.0,0.0
CD7288-001,79.95,63.97,0.0,115.15
BQ5435-703,0.0,89.95,0.0,0.0
BV0612-001,0.0,99.95,0.0,719.64
CD2182-001,179.95,143.97,0.0,1036.58
133000-106,0.0,119.95,0.0,0.0
CJ0579-400,0.0,149.95,0.0,0.0
BV0417-401,129.95,77.97,0.0,1684.15
AQ2203-003,0.0,99.95,0.0,4137.93
BV5502-600,0.0,169.95,0.0,305.91
CD7005-001,0.0,159.95,0.0,287.91
CD2803-001,0.0,39.95,0.0,71.91
CJ6971-001,169.95,135.97,0.0,734.24
AJ7695-100,0.0,149.95,0.0,0.0
640744-016,169.95,101.97,0.0,1651.91
AQ2568-100,99.95,59.97,0.0,1403.3
CT2007-100,0.0,99.95,0.0,179.91
CI3866-100,0.0,129.95,0.0,0.0
CU8861-460,0.0,119.95,0.0,0.0
AT6107-606,0.0,44.95,0.0,0.0
CJ0219-400,0.0,109.95,0.0,395.82
BQ5615-002,159.95,111.97,0.0,201.55
BQ3448-400,0.0,89.95,0.0,323.82
BV6344-001,129.95,77.97,0.0,2666.57
CQ6639-001,0.0,159.95,0.0,0.0
AO2132-401,79.95,55.97,0.0,503.73
CD4363-103,0.0,109.95,0.0,989.55
CI3794-600,139.95,111.97,0.0,1007.73
CK4126-001,139.95,83.97,0.0,0.0
CQ3317-001,0.0,99.95,0.0,0.0
AA8030-108,0.0,149.95,0.0,3508.83
AO3622-006,0.0,19.95,0.0,0.0
AT7967-104,0.0,54.95,0.0,0.0
343881-412,0.0,24.95,0.0,538.92
AQ4312-107,89.95,53.97,0.0,2234.36
CD0188-101,0.0,79.95,0.0,0.0
AA7406-006,79.95,63.97,0.0,690.88
CD0917-300,119.95,71.97,0.0,647.73
CI2666-400,99.95,79.97,0.0,1583.41
AT5301-003,0.0,129.95,0.0,467.82
CD2153-001,0.0,109.95,0.0,197.91
AT7324-001,79.95,63.97,0.0,115.15
CJ0710-004,0.0,79.95,0.0,0.0
CK1069-001,0.0,54.95,0.0,0.0
CT3509-001,0.0,79.95,0.0,0.0
CD0191-009,0.0,64.95,0.0,0.0
AT3378-471,0.0,89.95,0.0,809.55
CD6105-007,0.0,104.95,0.0,0.0
CD4373-001,0.0,109.95,0.0,593.73
CD4173-606,0.0,59.95,0.0,0.0
AV1201-600,0.0,119.95,0.0,647.73
AV6337-003,0.0,94.95,0.0,683.64
CN6928-300,0.0,159.95,0.0,1151.64
CD4372-004,0.0,139.95,0.0,7305.39
AT5292-606,0.0,64.95,0.0,116.91
AQ2456-007,0.0,84.95,0.0,458.73
CJ0217-001,0.0,69.95,0.0,0.0
315122-001,0.0,72.95,0.0,10242.18
CK0980-002,0.0,59.95,0.0,0.0
AR4225-003,119.95,95.97,0.0,1036.48
CT3890-101,0.0,79.95,0.0,0.0
AT7999-414,49.95,34.97,0.0,0.0
CD4161-606,0.0,229.95,0.0,413.91
CD2189-002,99.95,69.97,0.0,251.89
CD6615-100,0.0,139.95,0.0,251.91
AO2605-600,0.0,149.95,0.0,0.0
864348-019,79.95,63.97,0.0,230.29
BQ5808-100,199.95,159.97,0.0,0.0
CN5501-046,0.0,139.95,0.0,0.0
BQ5102-400,109.95,65.97,0.0,237.49
CJ0588-001,0.0,149.95,0.0,0.0
BV7774-100,89.95,62.97,0.0,0.0
CI1694-300,139.95,111.97,0.0,201.55
631261-035,0.0,27.95,0.0,251.55
BQ4630-500,109.95,87.97,0.0,1583.46
AT6099-606,0.0,64.95,0.0,116.91
AT5269-606,0.0,74.95,0.0,0.0
CN7664-800,0.0,109.95,0.0,197.91
CD4962-001,0.0,99.95,0.0,179.91
AO4568-600,0.0,199.95,0.0,16195.95
705265-006,,,,
CJ0266-001,0.0,109.95,0.0,0.0
AA1636-406,99.95,69.97,0.0,1259.46
BQ5190-101,69.95,48.97,0.0,88.15
CT2692-002,0.0,139.95,0.0,3526.74
AO0577-717,49.95,34.97,0.0,0.0
CU3005-171,0.0,99.95,0.0,0.0
AA8018-101,0.0,119.95,0.0,2159.1
AV6243-400,0.0,139.95,0.0,503.82
CT2535-001,149.95,89.97,0.0,0.0
BQ5430-401,89.95,62.97,0.0,0.0
AQ0927-100,0.0,129.95,0.0,0.0
AQ4126-100,159.95,127.97,0.0,460.69
918194-003,69.95,55.97,0.0,604.48
AO0578-717,49.95,34.97,0.0,0.0
CK0986-002,29.95,20.97,0.0,0.0
BQ5469-703,0.0,249.95,0.0,449.91
CT5063-100,0.0,189.95,0.0,0.0
488161-602,0.0,15.95,0.0,143.55
528895-003,169.95,118.97,0.0,5353.65
CD4570-300,0.0,149.95,0.0,809.73
BQ3203-007,79.95,63.97,0.0,2072.63
CU3013-070,0.0,159.95,0.0,0.0
CD6720-808,0.0,219.95,0.0,0.0
CJ5472-900,0.0,159.95,0.0,287.91
315123-111,0.0,75.95,0.0,1777.23
849559-004,0.0,159.95,0.0,20441.61
AO3095-100,0.0,119.95,0.0,431.82
AR8836-009,0.0,49.95,0.0,0.0
CT5062-100,0.0,109.95,0.0,0.0
CN2408-001,0.0,169.95,0.0,917.73
414571-030,0.0,159.95,0.0,9788.94
CJ2586-100,79.95,47.97,0.0,777.11
BQ5240-200,129.95,90.97,0.0,654.98
CI1504-100,169.95,135.97,0.0,0.0
CK2630-700,129.95,90.97,0.0,2947.43
CD5029-001,0.0,109.95,0.0,197.91
CD0189-001,0.0,44.95,0.0,0.0
CK1195-101,0.0,129.95,0.0,233.91
CJ1292-401,74.95,52.47,0.0,0.0
BQ8928-011,129.95,103.97,0.0,13474.51
BV5841-800,0.0,159.95,0.0,287.91
CD4387-100,0.0,89.95,0.0,161.91
BV1712-001,169.95,118.97,0.0,0.0
BV7106-400,0.0,99.95,0.0,539.73
AQ2210-002,0.0,99.95,0.0,3418.29
AQ2222-200,0.0,89.95,0.0,971.46
BQ4430-400,159.95,111.97,0.0,806.18
CD2717-001,0.0,44.95,0.0,242.73
943806-602,,,,
CN2932-100,0.0,189.95,0.0,2735.28
CI9994-001,0.0,69.95,0.0,0.0
CN6916-100,0.0,69.95,0.0,755.46
CU2708-901,0.0,44.95,0.0,0.0
BQ6044-100,0.0,129.95,0.0,2339.1
CD4365-003,109.95,76.97,0.0,415.64
749571-154,0.0,65.95,0.0,593.55
CI3835-002,119.95,71.97,0.0,129.55
CJ1306-401,74.95,52.47,0.0,0.0
CW6565-900,0.0,119.95,0.0,0.0
AO1742-004,119.95,83.97,0.0,604.58
AT6109-606,0.0,44.95,0.0,0.0
CD4172-606,0.0,84.95,0.0,0.0
AR4561-200,0.0,159.95,0.0,12092.22
CD0132-001,0.0,159.95,0.0,0.0
BV1357-003,159.95,95.97,0.0,863.73
AT3381-008,79.95,63.97,0.0,575.73
AT7978-414,84.95,59.47,0.0,107.05
CJ6106-100,0.0,99.95,0.0,179.91
CK0089-100,139.95,97.97,0.0,0.0
CT7695-401,0.0,119.95,0.0,863.64
AO3258-080,84.95,59.47,0.0,535.23
BQ0129-106,0.0,64.95,0.0,233.82
AQ0114-101,0.0,199.95,0.0,2159.46
AO1023-005,0.0,159.95,0.0,2879.1
CW4409-100,0.0,199.95,0.0,359.91
BQ1896-002,179.95,125.97,0.0,2494.21
AO3116-004,89.95,53.97,0.0,680.02
CI3870-100,0.0,159.95,0.0,0.0
CI2668-004,139.95,111.97,0.0,3426.28
487471-003,179.95,143.97,0.0,3109.75
CT2584-100,0.0,119.95,0.0,0.0
AQ5708-201,109.95,65.97,0.0,1543.7
AR5676-401,0.0,109.95,0.0,1781.19
AT6110-004,44.95,31.47,0.0,56.65
AQ7491-008,0.0,54.95,0.0,791.28
CI1291-400,139.95,83.97,0.0,453.44
CN5455-160,0.0,119.95,0.0,431.82
CD5036-100,0.0,79.95,0.0,143.91
CQ6278-001,0.0,179.95,0.0,0.0
CU3459-200,0.0,159.95,0.0,287.91
BQ3610-100,109.95,76.97,0.0,0.0
AT5303-100,109.95,76.97,0.0,415.64
CK2531-001,169.95,135.97,0.0,1223.73
BQ3611-100,109.95,87.97,0.0,158.35
CV5515-001,0.0,59.95,0.0,0.0
AQ7487-201,0.0,69.95,0.0,755.46
AQ1289-003,79.95,55.97,0.0,2518.65
881105-800,99.95,79.97,0.0,287.89
CI7523-002,,,,
CT7698-600,0.0,119.95,0.0,431.82
BQ9665-301,0.0,109.95,0.0,989.55
BV7766-100,159.95,127.97,0.0,691.04
832655-001,0.0,15.95,0.0,0.0
CK2719-400,0.0,189.95,0.0,1709.55
554724-050,0.0,99.95,0.0,0.0
AO3189-600,189.95,132.97,0.0,1436.08
AQ2731-500,149.95,119.97,0.0,5614.6
AH1016-602,99.95,59.97,0.0,2806.6
AJ6844-007,159.95,111.97,0.0,0.0
CN3591-002,0.0,119.95,0.0,215.91
CI1214-004,99.95,79.97,0.0,143.95
343880-090,0.0,24.95,0.0,1482.03
CQ7731-900,129.95,103.97,0.0,935.73
CD4366-002,0.0,99.95,0.0,719.64
CI5646-200,119.95,95.97,0.0,863.73
CD4573-001,0.0,109.95,0.0,395.82
BQ5613-001,159.95,111.97,0.0,0.0
AT8241-002,0.0,139.95,0.0,3022.92
BQ4631-100,0.0,109.95,0.0,0.0
AQ2567-002,139.95,83.97,0.0,151.15
844127-108,0.0,44.95,0.0,80.91
AT7993-414,74.95,52.47,0.0,0.0
CK3309-001,159.95,111.97,0.0,403.09
749747-010,44.95,35.97,0.0,129.49
634835-108,0.0,89.95,0.0,10200.33
366731-100,78.95,63.17,0.0,454.82
CD3398-063,0.0,119.95,0.0,0.0
CT5064-001,0.0,139.95,0.0,0.0
BQ4424-700,109.95,76.97,0.0,138.55
AV4417-002,159.95,127.97,0.0,1382.08
AO0571-606,0.0,74.95,0.0,134.91
AT6174-004,129.95,77.97,0.0,4210.38
AR7718-001,0.0,69.95,0.0,629.55
AQ7488-004,59.95,41.97,0.0,0.0
AV4126-002,0.0,109.95,0.0,395.82
CK2085-002,,,,
CU0675-300,139.95,97.97,0.0,176.35
618919-031,29.95,23.97,0.0,345.17
BQ8927-102,129.95,103.97,0.0,8421.57
921826-016,169.95,118.97,0.0,3640.48
CK3314-400,0.0,99.95,0.0,179.91
BQ3378-002,89.95,71.97,0.0,129.55
BV7754-001,139.95,97.97,0.0,0.0
BV0415-300,129.95,77.97,0.0,2385.88
AR5149-005,169.95,135.97,0.0,0.0
CQ7619-700,0.0,99.95,0.0,0.0
AQ4174-049,0.0,229.95,0.0,3311.28
AJ1285-101,0.0,89.95,0.0,1457.19
AV6259-500,109.95,65.97,0.0,593.73
AT5292-004,64.95,45.47,0.0,81.85
812654-011,47.95,33.57,0.0,1510.65
CT5543-300,0.0,129.95,0.0,233.91
CU9174-600,0.0,139.95,0.0,251.91
CJ0509-001,0.0,79.95,0.0,0.0
CK3312-001,159.95,111.97,0.0,0.0
CT0624-100,0.0,29.95,0.0,0.0
CJ9712-001,179.95,125.97,0.0,906.98
CT1549-001,159.95,95.97,0.0,0.0
CD0683-600,0.0,159.95,0.0,287.91
BQ3212-600,0.0,36.95,0.0,399.06
807471-101,0.0,69.95,0.0,4280.94
AT6175-100,99.95,59.97,0.0,1727.14
AH6789-023,0.0,139.95,0.0,15870.33
AT7996-414,74.95,52.47,0.0,0.0
922474-001,0.0,139.95,0.0,3778.65
CI3898-200,0.0,89.95,0.0,485.73
CJ0882-001,0.0,64.95,0.0,0.0
BQ5467-101,119.95,83.97,0.0,302.29
AO3267-080,84.95,67.97,0.0,0.0
AQ7492-010,0.0,64.95,0.0,1402.92
CJ0220-400,0.0,109.95,0.0,395.82
CQ6566-700,0.0,129.95,0.0,701.73
AJ4115-060,0.0,159.95,0.0,5758.2
AQ1316-500,79.95,47.97,0.0,1122.5
BV5740-101,109.95,65.97,0.0,0.0
CJ9681-001,149.95,104.97,0.0,0.0
AT6817-300,,,,
CD0431-107,0.0,129.95,0.0,701.73
AV4052-116,0.0,104.95,0.0,188.91
CK4122-100,159.95,111.97,0.0,0.0
AQ7483-001,0.0,69.95,0.0,251.82
CD8526-446,0.0,99.95,0.0,1259.37
CJ1292-703,0.0,74.95,0.0,0.0
CI1396-004,0.0,79.95,0.0,143.91
807471-103,0.0,69.95,0.0,4280.94
CJ1794-600,0.0,119.95,0.0,431.82
CK6360-001,0.0,69.95,0.0,629.55
CQ6549-001,0.0,149.95,0.0,269.91
AR5339-002,0.0,89.95,0.0,5828.76
CD2053-105,0.0,109.95,0.0,395.82
CI7395-100,0.0,109.95,0.0,0.0
AT5673-700,0.0,365.0,0.0,0.0
BV7775-100,89.95,53.97,0.0,97.15
CI7815-602,0.0,79.95,0.0,287.82
CJ0818-146,0.0,119.95,0.0,0.0
CI1289-100,89.95,53.97,0.0,0.0
CD7287-003,79.95,47.97,0.0,0.0
AO2607-401,89.95,71.97,0.0,2461.37
AO3424-001,79.95,63.97,0.0,115.15
BQ5972-001,159.95,111.97,0.0,0.0
313358-006,159.95,111.97,0.0,806.18
CI1290-100,139.95,83.97,0.0,302.29
BV6484-002,159.95,111.97,0.0,0.0
885118-001,89.95,71.97,0.0,1554.55
BV7099-400,0.0,99.95,0.0,359.82
BV3387-400,0.0,139.95,0.0,0.0
849560-001,0.0,159.95,0.0,5182.38
AA7408-008,74.95,59.97,0.0,1619.19
BQ9138-601,44.95,31.47,0.0,56.65
AV5187-602,159.95,127.97,0.0,230.35
AA0287-002,84.95,67.97,0.0,611.73
BV7756-001,149.95,104.97,0.0,188.95
AR6632-603,159.95,95.97,0.0,1900.21
AA1640-002,0.0,99.95,0.0,2518.74
AA8027-109,0.0,149.95,0.0,809.73
AR4225-100,119.95,95.97,0.0,1036.48
CD6964-002,119.95,71.97,0.0,129.55
CN7383-300,0.0,159.95,0.0,0.0
CI7388-600,0.0,169.95,0.0,305.91
BV7782-001,119.95,71.97,0.0,0.0
CK2630-001,129.95,103.97,0.0,3368.63
CN6867-001,0.0,109.95,0.0,0.0
BQ7978-001,0.0,119.95,0.0,0.0
844896-002,39.95,31.97,0.0,0.0
BQ6046-010,0.0,129.95,0.0,701.73
CT5770-300,0.0,149.95,0.0,269.91
CU3004-176,0.0,99.95,0.0,0.0
CI3899-200,0.0,129.95,0.0,1403.46
BV0389-001,169.95,101.97,0.0,0.0
CQ0989-002,0.0,59.95,0.0,107.91
CI7379-400,0.0,159.95,0.0,0.0
CN6881-300,0.0,79.95,0.0,0.0
CI3869-500,0.0,159.95,0.0,0.0
AV9370-001,69.95,55.97,0.0,201.49
BV1134-001,159.95,95.97,0.0,863.73
CT1531-001,0.0,159.95,0.0,0.0
AR7410-603,99.95,59.97,0.0,2158.92
BQ5435-401,0.0,89.95,0.0,0.0
812655-011,49.95,39.97,0.0,3813.14
325213-139,94.95,75.97,0.0,683.73
AO9820-001,119.95,95.97,0.0,1381.97
AA1626-602,0.0,87.95,0.0,3007.89
AQ8228-102,0.0,79.95,0.0,1439.1
AH7858-010,119.95,95.97,0.0,1900.21
CI1246-302,169.95,101.97,0.0,550.64
AO7353-105,0.0,79.95,0.0,287.82
CI3709-001,0.0,169.95,0.0,305.91
AA8022-107,0.0,119.95,0.0,863.64
CK3321-100,129.95,90.97,0.0,0.0
AO3108-018,0.0,89.95,0.0,2104.83
CQ2503-900,109.95,76.97,0.0,415.64
AR9293-603,159.95,95.97,0.0,3109.43
BV0614-005,99.95,79.97,0.0,575.78
CQ7620-001,0.0,99.95,0.0,0.0
BV1021-007,79.95,55.97,0.0,1007.46
CJ0842-600,0.0,64.95,0.0,0.0
AV9373-002,69.95,55.97,0.0,0.0
807443-503,169.95,135.97,0.0,734.24
AO3166-300,0.0,74.95,0.0,404.73
CI3446-001,0.0,79.95,0.0,143.91
AR4347-600,169.95,135.97,0.0,244.75
CI3867-001,0.0,99.95,0.0,0.0
CQ0278-200,89.95,71.97,0.0,0.0
AT7968-606,0.0,49.95,0.0,0.0
BV7757-500,159.95,127.97,0.0,230.35
CD2722-001,0.0,159.95,0.0,863.73
AT6100-606,0.0,64.95,0.0,0.0
CT9155-063,0.0,139.95,0.0,251.91
CI1236-100,159.95,127.97,0.0,230.35
AH6799-300,0.0,169.95,0.0,1223.64
CJ9585-600,89.95,62.97,0.0,0.0
