product_id,rating,reviews
AH2430,,
G27341,3.3,24.0
CM0081,2.6,37.0
B44832,4.1,35.0
D98205,3.5,72.0
B75586,1.0,45.0
CG4051,4.4,2.0
CM0080,2.8,7.0
B75990,4.5,16.0
EE5761,4.0,39.0
EE4553,2.7,36.0
EF9315,4.2,35.0
F35281,2.6,97.0
EF9220,3.1,62.0
EG0000,3.2,16.0
B44889,3.1,69.0
CL7417,1.0,16.0
CL7408,3.1,8.0
B43601,2.7,62.0
EE8245,3.8,67.0
EE8042,5.0,30.0
CL7429,3.7,43.0
CL7370,3.9,13.0
EE9946,4.4,81.0
CK9741,3.6,70.0
CL7363,2.7,46.0
CL7372,3.2,63.0
CL7430,4.9,95.0
F34485,5.0,15.0
CL7365,3.6,34.0
CL7373,2.2,86.0
CL7364,3.9,3.0
CL7374,3.4,67.0
EE8167,3.3,5.0
CL7410,4.8,85.0
CL7401,3.6,4.0
EE8219,4.1,35.0
CL7402,3.6,13.0
EE9929,2.5,20.0
EE8221,2.7,41.0
EE8224,2.5,72.0
EE9941,1.5,32.0
EE8522,2.6,84.0
EE9932,5.0,75.0
EE8375,4.5,4.0
EE9798,3.9,48.0
EE8502,3.2,12.0
EF0450,3.9,83.0
CL7375,2.0,11.0
EF0446,1.0,42.0
EF0529,3.3,69.0
EE9940,4.1,33.0
EE4954,4.4,35.0
G27996,,
CL4156,3.5,89.0
EE4893,4.0,47.0
EE9937,4.8,94.0
G27649,4.5,35.0
EE9797,4.7,39.0
CI9914,3.8,98.0
EE8252,1.5,6.0
CK9664,0.0,17.0
EE8501,4.8,77.0
CL7602,4.4,17.0
CL7494,3.0,28.0
EE7923,3.9,88.0
EE5566,4.0,23.0
CI1821,4.3,8.0
CJ0082,4.3,64.0
CJ8062,3.7,52.0
EE6038,4.3,70.0
CM0068,1.5,59.0
CK9830,2.8,14.0
CJ0080,5.0,2.0
EG4957,4.9,38.0
BD7438,4.0,85.0
B75579,4.3,6.0
CM0057,2.2,46.0
CL0206,3.7,9.0
CJ8058,2.7,87.0
BZ0086,2.0,28.0
CJ8117,4.0,87.0
CJ8073,2.5,66.0
CL7551,5.0,54.0
AC8122,4.2,66.0
CM8453,3.5,1.0
EE3625,0.0,94.0
CM0031,0.0,49.0
EE7697,3.5,6.0
F36159,2.4,99.0
F35028,0.0,67.0
AC7042,3.1,49.0
CJ8053,4.4,42.0
BC0836,3.4,90.0
F35275,3.8,88.0
CJ8115,3.0,44.0
CJ8089,3.5,74.0
EE6128,4.3,19.0
CJ8118,2.2,54.0
CL7328,3.5,79.0
CL7470,4.0,5.0
CL7541,3.8,96.0
CL9928,2.4,41.0
CM0045,3.8,8.0
CL7599,4.3,80.0
CM0069,3.0,22.0
CL7511,,
CL7552,4.8,68.0
EE9816,4.4,3.0
CL7545,3.4,46.0
EE5060,3.5,50.0
F36718,3.0,75.0
CL9927,4.3,71.0
CL7285,1.0,48.0
CL7471,3.8,36.0
B96360,4.5,7.0
EE5778,2.6,69.0
EE4519,4.4,71.0
EE4504,2.0,65.0
EE4697,3.8,3.0
CM0044,4.7,74.0
EE6045,2.0,2.0
CG6091,3.7,84.0
G27834,3.6,34.0
CL7598,3.9,54.0
EE4709,2.8,49.0
EE4948,4.9,35.0
EE9671,2.4,48.0
EE7046,4.8,25.0
EF0451,4.6,51.0
EE4561,3.9,12.0
CL7601,3.7,51.0
CL7330,3.8,31.0
CM6625,4.8,41.0
FV3395,4.2,5.0
EF9317,3.7,78.0
EF4954,2.2,96.0
EE7104,3.9,26.0
FV4070,3.3,53.0
FV3918,4.3,78.0
EE5055,2.0,90.0
CM6626,4.8,96.0
CQ2030,4.7,82.0
EE5292,3.6,69.0
BD8041,2.8,21.0
B37719,2.7,88.0
EE4505,3.7,32.0
CM0072,3.2,20.0
EF0795,2.9,44.0
EE5875,1.5,69.0
EE4947,4.3,66.0
CM6627,3.4,65.0
CQ2039,5.0,56.0
CG6193,1.0,15.0
S82260,3.5,51.0
EE4945,3.4,84.0
EE7155,1.0,57.0
B44846,3.2,43.0
EE6044,4.0,83.0
EH0192,,
EE7045,2.5,62.0
CL7646,2.8,49.0
CL7346,2.7,37.0
EE5777,2.8,38.0
AQ1210,2.9,88.0
EF5925,4.3,98.0
EE7032,3.6,93.0
EE7708,4.1,18.0
AQ1119,3.7,23.0
F34311,3.6,59.0
CL7645,4.6,90.0
EE5089,3.7,37.0
CL7565,3.0,47.0
G27727,4.6,46.0
B44697,0.0,85.0
CL7400,4.1,68.0
CL7437,4.4,74.0
CL7563,3.7,1.0
CL7460,2.0,48.0
CL7507,4.8,0.0
CM0061,2.7,14.0
F34308,4.0,69.0
CL7506,4.7,83.0
CL7344,2.0,86.0
EE5318,3.5,90.0
CL7564,4.6,58.0
CL7439,4.8,73.0
CL7345,2.8,11.0
CL7644,4.6,32.0
CL7438,2.7,78.0
CK9843,1.5,47.0
EE8738,4.4,81.0
CL7576,4.0,15.0
CL7482,4.2,98.0
EE6129,4.0,1.0
EG3290,2.9,51.0
CL7467,4.7,57.0
EF1426,3.2,50.0
CL7264,2.7,80.0
CL7472,4.5,75.0
CL7560,3.8,90.0
EE4574,4.0,68.0
CL7445,4.6,15.0
CL7404,3.8,64.0
CL7515,3.3,79.0
EE4763,4.1,70.0
CL7616,1.0,68.0
CL7591,4.4,23.0
CK9831,3.3,70.0
EF2508,4.9,42.0
CL7495,3.8,77.0
EE5592,4.1,52.0
EE5398,,
EE5304,4.5,29.0
EE7242,4.5,93.0
CM0064,2.6,24.0
EE7885,2.2,1.0
CM0049,2.4,83.0
CL7548,3.9,68.0
CK1088,3.5,73.0
CL7263,3.6,50.0
CL7483,5.0,61.0
F34340,2.2,35.0
CL7590,4.4,98.0
CM0030,4.0,49.0
CL7468,1.5,50.0
EE8076,2.9,52.0
CM5955,3.4,91.0
B44870,4.7,51.0
CL7265,2.5,81.0
CL7484,3.7,48.0
CL7537,3.6,98.0
EE8088,4.2,9.0
CL7577,1.5,35.0
CM0058,4.3,78.0
EE7698,1.0,90.0
CM0009,4.8,15.0
EE7884,2.5,2.0
F36922,2.7,78.0
DB3114,1.5,47.0
F36217,4.7,24.0
EE8272,4.6,35.0
CL7538,3.1,73.0
EF0695,3.8,43.0
DB3599,4.4,35.0
CL7321,4.7,53.0
DB2117,4.9,83.0
EE4698,2.8,45.0
B28166,4.3,66.0
DB3259,4.9,75.0
EE5534,2.0,94.0
EF0811,3.3,6.0
CK9723,1.0,65.0
CL7322,4.5,36.0
CG6021,2.8,25.0
CG6188,3.3,8.0
BD7685,3.2,75.0
BD7475,4.3,94.0
EF9226,3.7,57.0
F34668,1.0,77.0
EE8257,3.2,26.0
B37973,4.1,37.0
EE7068,0.0,24.0
EH1363,2.4,6.0
EE5772,1.5,84.0
CG6104,,
EF2437,2.2,25.0
CM0070,5.0,99.0
D96760,3.4,9.0
CM0077,3.5,35.0
CM0091,3.0,25.0
CL7550,1.0,13.0
F36675,4.7,45.0
EF1065,3.4,34.0
EH1361,2.2,13.0
CL0243,5.0,60.0
CG6177,3.9,91.0
FV3288,2.4,33.0
EE4949,2.0,39.0
BB2344,3.9,34.0
EE6080,1.0,67.0
EE6047,3.6,83.0
EF0078,2.2,49.0
EE5565,3.2,64.0
EF4965,4.0,18.0
EE4946,0.0,74.0
B37090,4.2,81.0
F36516,3.5,30.0
DB3112,3.4,64.0
EH1366,4.8,72.0
CG6164,3.3,87.0
EE4959,2.7,43.0
EF2438,3.7,15.0
F35567,2.8,81.0
EE8165,2.9,54.0
EE5846,5.0,15.0
F34846,0.0,17.0
B41663,3.2,30.0
CK9690,3.2,73.0
EE7927,2.2,27.0
CK9688,3.2,43.0
CK9424,3.0,49.0
CK9430,2.6,80.0
CG6228,3.1,65.0
DB3600,2.7,87.0
EE9892,3.5,43.0
CL7461,2.9,58.0
CK9678,1.5,0.0
CK9696,4.1,94.0
CK9695,2.0,52.0
CK9683,4.6,39.0
CK9692,3.8,21.0
EE7919,4.3,87.0
CL7517,2.7,42.0
CK9698,4.7,8.0
CK9418,2.7,74.0
EF0322,2.5,23.0
CK9427,5.0,59.0
EF0437,,
EF0435,2.4,99.0
CJ8090,3.6,28.0
CL7542,2.7,97.0
CL7311,2.5,22.0
EE8028,3.6,15.0
CL7398,4.9,28.0
CL7306,4.1,70.0
CK9697,3.9,43.0
CI9915,3.4,65.0
CK9590,1.0,51.0
CL7458,4.1,89.0
CI9913,3.5,96.0
CL7459,4.3,74.0
CI9991,2.4,58.0
F36996,3.3,2.0
CJ7974,4.7,53.0
CL7588,3.4,8.0
CL7407,4.8,91.0
CL7406,0.0,85.0
CK9420,4.6,2.0
CL7389,3.5,40.0
CL7516,4.8,28.0
CI9989,2.2,18.0
CL7405,3.8,49.0
CL7473,3.5,3.0
CJ8110,2.5,7.0
CJ8019,4.6,53.0
CK9604,3.9,26.0
CK9431,1.5,49.0
EE7289,3.7,58.0
B75580,4.3,79.0
CK9432,2.5,17.0
EE4925,2.8,93.0
EE4953,2.0,32.0
CL7469,2.0,97.0
EF8858,1.0,29.0
EF9219,4.5,89.0
CL7513,2.7,62.0
EE7098,3.9,22.0
CL7425,4.9,85.0
CL7508,4.0,47.0
EE7292,4.2,38.0
CL7589,3.0,40.0
CJ8061,3.7,92.0
EE5847,4.7,20.0
CK9686,4.1,43.0
EE4567,4.4,85.0
EE5585,3.8,37.0
B96519,5.0,31.0
B96563,2.8,16.0
CL7547,4.7,42.0
EE4563,4.2,82.0
CK9714,,
F36475,4.6,84.0
FV8794,5.0,44.0
EE5177,3.0,76.0
CL7582,3.8,12.0
F36339,4.1,39.0
EF1963,2.2,12.0
F34442,4.1,26.0
EE9933,4.2,89.0
EE6090,2.4,16.0
B75583,4.5,76.0
EE7922,4.6,93.0
EE5081,2.9,51.0
EE4678,4.1,34.0
CM0076,4.4,39.0
B28156,4.9,54.0
EF0527,4.1,81.0
EE4566,3.3,60.0
EE8302,4.2,19.0
CM0075,3.4,57.0
EF0152,2.2,16.0
CM0093,3.7,2.0
F36218,4.5,39.0
CM0083,4.0,58.0
CM0078,3.0,38.0
CM0079,2.9,64.0
CM0074,4.2,22.0
CM0073,4.4,93.0
CM0092,2.6,54.0
EG8672,0.0,27.0
EG8480,4.4,80.0
EG3148,4.0,9.0
CM0082,3.6,29.0
EG3185,4.7,31.0
EG4006,3.9,1.0
EG4007,3.2,94.0
EH1178,4.3,65.0
EG4316,3.4,6.0
EG3253,2.5,67.0
EG4314,3.8,36.0
EH1379,4.9,45.0
EH2586,0.0,4.0
EG3698,2.7,11.0
EH0165,2.8,35.0
EH1211,3.2,85.0
CK9665,4.9,72.0
CK9663,1.5,74.0
EG3953,2.9,77.0
EG4176,3.9,14.0
CI9916,0.0,84.0
EG4175,3.0,94.0
EG4004,2.5,17.0
CJ8068,2.6,60.0
CK9681,,
EE9731,2.9,99.0
CK9591,2.4,35.0
CK9648,4.6,36.0
CK9602,2.9,37.0
F34491,3.0,59.0
CK9693,4.6,88.0
CJ8013,4.0,77.0
CL7567,3.8,31.0
CK9694,4.5,63.0
CL7604,2.8,34.0
CL7488,4.9,73.0
CK9436,1.0,41.0
CK9592,1.5,2.0
CL7366,4.2,84.0
CK9661,2.6,70.0
CK9650,2.6,47.0
CL7415,4.3,94.0
CL7626,3.7,48.0
CJ7990,4.6,30.0
CL7534,4.5,98.0
CL7413,3.8,4.0
CK9500,5.0,31.0
CL7369,4.1,79.0
EE8156,4.1,96.0
CL7607,3.2,21.0
CL7385,4.5,16.0
EE9856,4.3,81.0
EE8260,4.4,36.0
EE8448,2.8,95.0
EE8181,3.2,28.0
CK9682,3.3,22.0
CL7377,4.5,82.0
CL7605,2.5,7.0
EE9734,4.7,32.0
EF1053,4.2,70.0
EE7925,2.4,22.0
CL7614,2.8,46.0
EE9847,3.5,21.0
EG3289,2.8,34.0
CL7615,4.7,86.0
CL7276,4.9,1.0
CL7453,4.0,20.0
CL7329,4.2,1.0
CL7387,4.4,25.0
CM4762,2.4,37.0
CM4984,3.7,95.0
CM4691,3.4,53.0
CM4826,4.1,49.0
CM0015,4.1,79.0
EE8603,2.9,90.0
CL7496,4.2,84.0
EE8444,3.3,19.0
CM4827,,
CM0014,4.5,0.0
CM4737,2.5,4.0
EF0440,3.7,63.0
EE9748,3.9,43.0
EG4223,3.1,21.0
CM0013,3.9,35.0
B44880,2.7,23.0
F34876,1.0,40.0
EE8836,0.0,14.0
EF0523,2.0,95.0
EH1858,3.6,20.0
EG3821,3.5,21.0
EF4458,3.2,88.0
EG3291,4.3,82.0
EF5928,2.2,99.0
EH1859,4.1,53.0
CM4828,4.7,15.0
EG3295,3.4,35.0
CM4985,2.8,57.0
CM4964,2.8,8.0
CM4690,4.9,26.0
EF4970,3.1,24.0
CM0010,5.0,75.0
EF6877,2.4,17.0
FW6635,3.2,34.0
CM4760,4.8,62.0
DB3258,3.5,38.0
EF4375,2.5,17.0
EE7159,4.4,33.0
CM4983,4.2,80.0
EE8925,4.1,45.0
G27722,3.1,72.0
EG2012,4.2,13.0
EG9825,0.0,48.0
EF4966,4.6,71.0
EH1389,3.1,46.0
EG9824,3.2,86.0
EF6058,3.5,89.0
EF6508,4.9,34.0
EG5475,1.0,93.0
EF5320,2.8,88.0
EF5642,4.8,7.0
EE7160,4.5,90.0
EF5547,2.9,88.0
EG7753,2.7,16.0
EF5549,5.0,79.0
EF5314,4.1,10.0
EF4933,2.9,24.0
EG9829,4.3,12.0
EG7876,4.7,94.0
EF4935,4.4,84.0
EF4983,4.8,13.0
EG9053,,
EF4374,4.2,93.0
EH3522,5.0,43.0
EG0576,2.0,67.0
EF6507,4.9,3.0
EF5386,5.0,73.0
CL7520,2.8,91.0
EG0578,2.9,53.0
EG6920,4.7,29.0
EG6846,4.1,28.0
EE9854,2.2,60.0
CL7456,4.6,36.0
EE9733,1.5,41.0
CL7333,4.3,70.0
EE9729,4.9,88.0
EG6845,4.8,77.0
EE8202,4.7,95.0
CL7361,5.0,18.0
EE8265,2.0,25.0
EE8604,3.2,77.0
EF1052,4.7,68.0
EF1051,2.2,53.0
EE9732,3.6,63.0
EF0433,4.3,34.0
EE9895,4.9,87.0
EE8128,4.5,42.0
EE7928,1.0,78.0
EE9266,4.8,8.0
CL9915,4.6,23.0
CL7533,3.1,85.0
CM0012,2.4,99.0
CM0032,2.7,72.0
EE8200,4.4,69.0
CL7332,1.5,85.0
F37008,5.0,30.0
EE9728,3.7,0.0
B75581,2.6,88.0
F34851,2.0,74.0
EF0434,4.9,24.0
CM0008,3.5,95.0
CL7487,2.7,39.0
EE8212,4.5,28.0
CL7465,3.4,11.0
EE9758,3.5,34.0
CL7334,3.6,91.0
EE9735,3.1,42.0
CL9925,2.5,81.0
F34820,3.8,59.0
CM0023,1.0,27.0
EF0584,3.5,6.0
CL7307,2.6,47.0
BB7066,2.9,38.0
CM0033,2.5,83.0
CL7443,,
CL9962,3.1,98.0
CK9685,3.5,56.0
CJ7959,3.8,62.0
CL7546,4.4,15.0
CL7286,3.5,72.0
CJ8018,4.6,7.0
CK9447,4.9,35.0
B96555,4.3,21.0
G28939,3.1,48.0
FV3428,4.4,40.0
FV3289,4.8,24.0
CK9528,5.0,65.0
CK9603,1.0,44.0
CL7566,2.9,75.0
FV3671,4.9,87.0
FV3335,3.3,11.0
FV3675,3.7,2.0
EG8690,4.2,64.0
F36642,3.0,56.0
CG4045,2.6,57.0
CL7633,4.4,3.0
FV3334,2.9,74.0
FV3361,3.8,86.0
EG5345,4.9,58.0
FV3353,4.2,54.0
FV3187,3.5,28.0
FV3631,1.5,14.0
FU7134,2.8,69.0
FV3374,4.1,78.0
FV3336,3.4,37.0
FU9352,2.7,80.0
FV3327,3.4,28.0
FU9350,3.2,1.0
FW1646,2.2,75.0
FV3186,0.0,76.0
FV3294,4.0,39.0
FW9618,4.3,80.0
FV3352,4.1,82.0
FW1647,1.0,53.0
FW8423,3.7,69.0
EE6822,4.6,58.0
FV3290,4.1,91.0
FV3305,1.0,75.0
EE8081,3.2,97.0
B37680,4.0,14.0
CG6270,3.2,31.0
CQ2031,2.7,11.0
CG6037,4.8,17.0
EF3539,2.5,29.0
EE4919,4.2,38.0
FU9349,4.0,48.0
CL9960,3.3,25.0
EF0091,,
CL9968,4.9,0.0
F33805,2.9,5.0
EE6031,2.2,6.0
BC0033,4.9,30.0
EE7030,4.5,28.0
EE4923,4.7,40.0
EE6089,4.1,25.0
EE6108,4.8,65.0
CQ2460,3.5,91.0
B37681,3.0,87.0
CQ2035,4.9,39.0
CG6618,2.7,41.0
FV3667,0.0,39.0
CQ2044,2.9,80.0
FW9617,2.8,12.0
CM4692,4.0,0.0
B44619,4.2,56.0
CP9514,2.4,87.0
FV6058,4.2,65.0
G27720,4.2,25.0
CQ2333,3.6,27.0
FV6057,3.9,98.0
FV6056,4.3,66.0
EE5521,0.0,41.0
B37974,4.0,83.0
BD7575,2.0,86.0
EE7026,3.2,50.0
EE6256,4.6,69.0
CM4548,2.4,51.0
G54050,4.3,67.0
CI1741,2.9,99.0
EE6660,2.6,14.0
EE7243,1.0,10.0
EE6668,2.9,4.0
EE5086,4.4,82.0
CM0027,4.9,7.0
EF8973,0.0,57.0
G28940,3.6,70.0
CJ8059,4.0,57.0
CI9941,2.8,58.0
CL4158,2.0,76.0
BB3293,4.6,82.0
EE5640,4.1,10.0
CM0063,3.6,52.0
CL9946,0.0,33.0
CM0071,4.5,65.0
CM0051,5.0,1.0
CM0087,2.0,30.0
CM0048,4.8,95.0
CM0062,3.7,30.0
G28449,4.2,47.0
CM0086,2.4,72.0
CL7643,,
CM0067,2.8,17.0
CL7559,4.6,66.0
CJ7994,2.0,62.0
CM0059,4.1,6.0
CL7462,2.4,57.0
CK9680,2.5,68.0
CM0024,3.7,61.0
CL9924,4.3,91.0
F34564,4.3,59.0
CJ7972,3.6,70.0
CL7283,3.2,82.0
CK9465,3.6,47.0
EE9514,1.5,83.0
CM0047,4.9,45.0
G27026,2.4,31.0
F36338,3.7,71.0
CJ8077,3.9,49.0
CM0028,1.5,44.0
CL9939,4.3,28.0
CM0056,2.6,31.0
CL9916,5.0,71.0
CL9950,1.0,16.0
EE9973,4.7,81.0
CL7359,4.9,24.0
BB7614,4.2,34.0
CL9965,2.9,2.0
CQ1176,4.5,81.0
CL9913,4.4,59.0
EE8115,2.5,12.0
EE7497,5.0,67.0
F97209,2.4,82.0
EE8114,3.9,1.0
CM0046,2.2,84.0
EF0133,4.6,99.0
EE9969,2.8,74.0
EG8062,1.0,45.0
EE9867,1.0,14.0
EE6187,4.0,6.0
EF1037,4.7,24.0
EE9833,2.8,69.0
EE9835,2.5,1.0
B96508,5.0,92.0
AQ1136,3.4,65.0
CQ2029,2.8,53.0
EE9862,0.0,30.0
EE8325,2.8,47.0
BY2976,4.1,26.0
EE9970,5.0,3.0
EE9840,4.6,33.0
EF0130,2.7,64.0
F34882,3.9,40.0
CQ2042,4.4,53.0
B37538,,
EF0135,4.5,12.0
AQ1141,2.8,68.0
BD8017,3.8,2.0
EF1036,4.6,87.0
FV3914,2.4,84.0
B28041,4.9,51.0
B37534,4.9,81.0
EF1899,3.5,54.0
EE5615,3.6,85.0
CQ2034,3.9,15.0
EF4457,3.9,52.0
CQ2530,0.0,54.0
EE8220,3.7,53.0
EE5182,2.2,57.0
AW4212,3.1,48.0
CG6025,0.0,85.0
EE5175,4.0,69.0
CG6142,4.2,45.0
EE5917,1.0,79.0
EE5567,3.8,81.0
DA8966,4.1,22.0
EE4679,2.9,17.0
F34751,3.7,67.0
EE4682,4.4,91.0
F36389,2.5,14.0
CK9720,4.6,61.0
CG3527,4.3,19.0
EF3533,3.1,23.0
CK9728,1.0,85.0
BB7218,3.7,93.0
BB2270,2.2,78.0
BB7235,2.4,51.0
BB7231,3.3,15.0
BB7219,4.7,54.0
CL4155,4.2,10.0
EE5876,3.9,4.0
EE5303,3.4,27.0
EE4938,2.5,91.0
EE5179,4.8,83.0
BZ0632,4.5,76.0
CM4550,2.6,3.0
CL9934,2.6,43.0
CL7379,0.0,84.0
CL9919,3.0,88.0
G27860,4.1,95.0
CJ3412,3.9,10.0
CL7631,4.2,92.0
CL7273,3.8,3.0
CL7630,3.0,44.0
EE9848,4.1,10.0
CL7617,3.5,42.0
BB9775,4.6,1.0
CL7536,,
B37343,2.4,52.0
G28225,4.0,19.0
DB3539,3.7,88.0
G26777,2.4,26.0
CJ0081,4.1,11.0
EE8333,2.9,61.0
CQ1175,4.6,33.0
DA9306,1.0,42.0
F36163,4.2,32.0
CL7411,2.8,55.0
CL7444,3.7,20.0
EE7879,2.0,16.0
EE9676,4.5,55.0
EE7600,2.4,42.0
EF0128,4.5,74.0
EG3489,4.0,46.0
CM4733,4.8,57.0
CM0025,2.6,69.0
CM4734,2.2,33.0
CM4736,4.3,31.0
CM4865,2.8,78.0
CM4909,4.3,21.0
CM4664,4.1,22.0
CM4798,4.1,95.0
CM4972,4.9,62.0
EG8063,2.7,25.0
CM4799,3.3,40.0
CM4665,2.6,5.0
CM4908,4.9,98.0
CM4666,4.4,5.0
CM4973,3.8,44.0
CM4632,2.0,40.0
CM4647,2.2,72.0
CM4868,2.4,30.0
CM4646,2.4,58.0
CM4718,4.6,85.0
CM4693,4.2,40.0
CM4904,2.4,90.0
CM4774,2.6,34.0
CM4617,3.4,53.0
CM4935,3.5,21.0
CM4755,3.7,86.0
EF1224,2.6,55.0
D96450,3.3,21.0
CM4618,0.0,59.0
AQ0886,2.7,41.0
B28068,5.0,61.0
CQ2618,5.0,47.0
CM4694,4.4,89.0
FV4049,4.7,93.0
G27721,4.6,66.0
BD7791,2.0,68.0
AQ1220,,
FV4329,4.4,29.0
FV4057,4.7,67.0
FV4044,3.4,93.0
FV4325,4.7,70.0
FV4331,1.0,27.0
FV4359,4.8,17.0
FV4319,2.2,5.0
FV3700,3.1,84.0
FV4318,3.3,74.0
CG6130,3.3,1.0
CG4050,0.0,37.0
FV4330,3.0,10.0
FV4317,4.8,52.0
DB0444,4.8,75.0
F36255,3.7,66.0
B96474,5.0,27.0
B37530,3.7,96.0
B37528,3.9,95.0
FV4350,4.4,40.0
B44830,4.7,87.0
B37942,4.9,7.0
B96551,3.6,87.0
B43884,3.2,2.0
B75587,4.2,20.0
F36513,3.8,55.0
F34341,3.8,28.0
D96552,1.0,78.0
D98204,2.6,55.0
G26782,3.9,30.0
EE4950,1.0,95.0
EE5018,3.3,74.0
EE5907,3.9,58.0
BY9250,4.4,2.0
BB2042,2.7,68.0
EF0321,3.8,91.0
BB2278,3.0,61.0
EE4926,4.6,24.0
EE4918,4.7,73.0
EE4928,3.8,98.0
EE8218,3.0,67.0
EE5150,2.7,34.0
B22706,4.0,81.0
CQ2740,4.7,3.0
CQ2105,3.8,89.0
CQ2106,1.0,60.0
EF3534,4.7,78.0
CQ3012,2.2,92.0
DB3277,4.2,78.0
CQ2032,2.9,73.0
BB6708,2.6,9.0
CM4937,2.5,68.0
CM4756,3.2,62.0
CM4619,,
CG6048,2.0,53.0
CG5673,3.9,13.0
EE9726,2.5,6.0
EF1421,4.4,13.0
EF0786,1.5,78.0
EE9722,4.3,77.0
EF1424,2.9,73.0
G27273,2.8,38.0
EF0812,2.8,14.0
G28062,3.4,62.0
EF0789,3.5,9.0
EF0787,5.0,33.0
G26994,2.8,83.0
F34099,5.0,20.0
EF1581,1.0,77.0
G28058,4.8,21.0
G27403,4.9,51.0
G26939,3.1,15.0
G28202,3.1,4.0
EF1164,2.4,18.0
EF8904,4.7,50.0
G28450,2.6,98.0
CM4759,3.6,71.0
EF8903,3.3,27.0
F35445,3.1,64.0
B75807,2.6,19.0
CJ0079,3.1,17.0
CM0084,2.4,64.0
EE5358,3.1,65.0
B96556,4.3,26.0
CM0035,2.4,72.0
EE4572,4.1,0.0
CL7309,2.4,96.0
CL7610,4.8,64.0
B37616,2.9,46.0
FV3032,3.6,47.0
BD7597,2.4,58.0
BZ0085,3.8,83.0
EE5083,4.9,22.0
CL7561,3.0,66.0
F97208,4.7,72.0
EE5404,2.9,94.0
CL9998,3.2,51.0
EE8373,5.0,40.0
F36418,2.9,45.0
CL9921,3.0,59.0
F35499,3.8,68.0
EE5641,4.4,34.0
F34983,3.3,69.0
F36985,5.0,15.0
B79771,5.0,65.0
CJ7956,3.7,72.0
B44882,,
CJ7995,4.1,83.0
F36467,4.5,83.0
CG4048,2.6,53.0
F34437,4.1,13.0
CG6205,4.2,25.0
EG8695,4.5,44.0
B41939,4.9,85.0
CG6199,2.0,83.0
B37720,3.8,24.0
AQ1087,1.0,70.0
B37759,1.0,30.0
AQ1027,3.2,17.0
B37990,3.8,29.0
B37651,3.8,51.0
B28164,4.9,92.0
B28163,2.7,34.0
B37983,4.9,77.0
DB2689,4.3,50.0
CG6056,4.4,20.0
CG6460,2.5,2.0
CG6108,4.8,19.0
BD8024,2.2,98.0
D96444,2.6,10.0
BD8007,2.6,4.0
CG6065,2.5,74.0
G27719,2.2,90.0
CG6187,4.1,55.0
G27648,5.0,14.0
EE8279,2.4,39.0
EE8247,4.9,34.0
EE8612,3.6,37.0
CQ1068,4.8,63.0
B37635,3.4,71.0
DB3065,3.2,48.0
CQ1092,4.8,24.0
DB3083,2.5,82.0
CG6222,0.0,64.0
DB3078,4.0,7.0
DB2707,3.9,52.0
D96553,3.5,0.0
EF0580,3.2,73.0
EF0581,3.5,46.0
G25848,4.2,86.0
EE9745,2.6,85.0
EE7899,2.5,43.0
G28386,2.7,83.0
EE6784,1.5,18.0
DB3349,4.8,93.0
EE6816,3.4,23.0
DB3401,2.8,8.0
EG1865,3.4,20.0
EG2037,2.2,48.0
EE6818,,
CM6057,3.9,37.0
EG2035,4.8,9.0
EE5614,2.6,20.0
EF9225,3.3,60.0
EE5174,3.8,95.0
CM6058,0.0,8.0
EE5915,4.4,87.0
BY2949,3.6,63.0
EE5933,4.9,90.0
F34865,2.6,35.0
S80662,2.0,28.0
CM6059,4.6,17.0
CJ8016,4.2,33.0
CL7428,4.6,51.0
EE4843,2.4,2.0
CK9670,3.1,48.0
EE7740,4.8,38.0
EE8969,3.3,38.0
BZ0087,2.0,62.0
F36256,2.2,80.0
EE5362,3.9,83.0
F35762,2.4,92.0
EE5837,3.6,83.0
EE4576,0.0,52.0
EE6991,4.4,47.0
EE6012,4.7,5.0
EE4470,3.0,79.0
EE6327,4.0,75.0
AQ8530,3.3,71.0
CI9990,3.5,62.0
EE7064,3.1,28.0
F36417,5.0,96.0
EE4808,3.8,8.0
F36431,3.2,38.0
B44669,2.9,1.0
B43745,4.8,36.0
CJ8021,2.8,74.0
CM4549,4.6,37.0
EE8374,4.0,22.0
CL4154,2.0,26.0
CL7609,4.5,20.0
CK9456,5.0,89.0
EG4372,4.0,57.0
CJ8987,4.5,32.0
EG4303,3.5,32.0
BB7616,5.0,24.0
EE5603,2.4,85.0
EE8970,3.8,8.0
CJ8113,5.0,26.0
CL7463,4.9,77.0
F97210,4.4,2.0
B44732,3.4,86.0
F34411,,
EE6807,2.6,29.0
F35515,3.1,34.0
F35615,3.8,39.0
CK9466,2.8,16.0
F36650,3.3,18.0
BC1040,3.4,64.0
EF0810,3.4,53.0
CL9963,4.9,40.0
BB6917,4.3,81.0
CL9938,1.5,64.0
CL9997,4.8,91.0
CL7642,3.9,40.0
F35040,4.1,99.0
CJ8017,4.3,19.0
EE9727,3.5,4.0
CJ8012,0.0,59.0
CL7632,4.7,67.0
CL7486,2.7,91.0
BZ0631,2.0,30.0
D98056,3.7,86.0
CM4824,3.0,71.0
CM4825,4.6,9.0
B43753,4.7,64.0
FV4349,2.8,39.0
F36517,2.6,20.0
EE8131,2.0,11.0
EE9737,4.2,10.0
EF1060,4.9,23.0
EE9938,4.6,76.0
EE8353,2.5,8.0
EF0452,3.8,72.0
EE5170,4.1,31.0
EE5153,4.0,54.0
EE4842,3.1,57.0
EE4958,4.1,85.0
EE4922,2.9,8.0
EE6046,4.7,77.0
EE6130,3.6,1.0
EF3523,2.6,13.0
EF3535,4.5,48.0
FW2818,1.0,17.0
EE5535,0.0,19.0
EF3531,4.3,67.0
B22713,4.5,89.0
FW2803,2.6,6.0
FW2848,4.7,42.0
EG8544,2.6,69.0
EF4393,4.8,36.0
EG4588,5.0,17.0
EF4398,4.8,37.0
AC8765,3.1,19.0
B37361,0.0,4.0
CQ2028,,
B41727,3.5,65.0
B96511,3.3,37.0
B37657,2.9,14.0
AQ1138,4.4,67.0
B37068,5.0,17.0
DB2680,4.7,97.0
B28123,3.2,57.0
AQ1134,3.6,0.0
EE5562,3.9,15.0
EE5934,3.1,57.0
EE5104,3.0,46.0
BB1702,4.8,62.0
EE7031,4.2,2.0
DB2119,3.4,65.0
F36599,2.5,6.0
EE5171,4.1,96.0
DA9604,2.0,37.0
BB6709,4.2,86.0
B96517,2.4,28.0
CQ1971,2.0,89.0
B96520,2.2,99.0
DB1763,4.2,6.0
B96554,2.4,88.0
AQ1111,3.3,4.0
CK9475,2.9,61.0
F36166,5.0,40.0
CG7112,4.2,49.0
CL7427,3.2,64.0
CQ1968,3.7,59.0
B37600,2.6,52.0
CL7335,2.8,35.0
F34094,5.0,59.0
EF0785,2.4,50.0
CK9572,4.4,83.0
EF0788,3.0,73.0
EE6331,4.0,99.0
EE7245,4.5,15.0
EE4771,1.5,53.0
F34098,2.8,32.0
CL9956,3.5,71.0
G28059,4.1,41.0
CL9942,3.1,22.0
F33908,4.0,20.0
G28060,3.6,85.0
DB3144,3.2,54.0
CI9935,5.0,1.0
F36664,4.1,56.0
DB1755,3.8,3.0
F36173,4.0,61.0
EE8134,1.5,43.0
F35613,4.6,44.0
CK9557,4.5,45.0
CK9464,,
CK9476,2.5,78.0
CK9649,4.3,50.0
DA8929,4.8,18.0
CK9483,2.7,25.0
CL9926,1.5,98.0
FV8786,4.0,53.0
CL9943,2.9,55.0
BB9774,4.0,45.0
EE8007,4.1,19.0
F36201,4.2,52.0
FV8790,1.0,13.0
F36331,3.6,55.0
AQ0919,3.7,28.0
CJ8146,3.4,13.0
B43732,2.0,54.0
B44849,3.2,45.0
B37783,4.9,76.0
B96578,0.0,73.0
F37006,2.5,47.0
CJ8041,2.7,93.0
CG6131,1.5,69.0
CG6113,2.9,65.0
G28971,4.0,38.0
B37469,3.7,62.0
CG6112,2.8,6.0
F34625,0.0,89.0
EE9844,4.7,6.0
EE8269,4.5,10.0
EE9843,4.7,9.0
EE9852,4.3,8.0
CG6066,3.6,66.0
EE8136,3.8,32.0
G27645,4.7,16.0
CL9961,3.2,49.0
FV3699,5.0,64.0
CI2606,2.9,0.0
EE7359,2.5,46.0
CK9658,4.4,88.0
EF0417,3.2,52.0
EF0436,4.5,46.0
EG3102,3.5,93.0
EE4951,3.5,4.0
FW2846,4.3,24.0
FW2895,4.1,74.0
EE4562,3.2,72.0
EE5540,2.7,62.0
EG8688,4.8,97.0
EG8685,2.8,56.0
EE7033,3.1,36.0
DB3109,2.8,44.0
DB3244,3.1,10.0
DB0126,2.7,48.0
EE4552,,
CG4708,3.2,83.0
DB3241,4.9,15.0
F36476,4.5,69.0
F36225,2.4,17.0
F37047,4.9,23.0
B44728,3.3,30.0
BB7317,2.9,12.0
F35036,4.0,84.0
AQ0055,1.0,42.0
F34440,4.2,76.0
B96561,4.6,72.0
B96339,3.1,89.0
D97112,2.8,53.0
F36651,1.5,66.0
F36308,4.7,24.0
F35050,5.0,10.0
EE7482,2.8,1.0
EE7502,4.0,60.0
F36669,4.5,47.0
F37079,2.7,98.0
EE8133,3.8,35.0
G28914,3.5,50.0
EE8197,2.4,47.0
EE7511,4.1,67.0
EG4103,3.5,59.0
EH2549,2.7,54.0
EG5006,3.8,25.0
EH2201,4.4,92.0
EH2531,3.1,53.0
EG4273,4.1,57.0
EG5005,4.1,22.0
EG4275,3.8,22.0
EE5906,1.0,76.0
EE5106,1.5,85.0
EE5181,4.7,60.0
EG3238,4.0,61.0
EE5864,2.6,68.0
EG1902,3.0,63.0
EH2552,3.0,34.0
EG8587,5.0,58.0
EG3705,4.5,61.0
EG3173,3.3,57.0
EG3693,3.9,41.0
EG3691,3.2,82.0
CL0244,4.2,84.0
CJ0874,3.8,75.0
F35030,4.4,83.0
EG3666,2.9,12.0
EH1856,3.7,8.0
CL0211,4.2,69.0
EG3491,2.2,61.0
B23738,4.8,31.0
B28128,,
EG3282,2.5,73.0
EH1855,3.1,99.0
B22705,0.0,26.0
EE6743,3.0,63.0
EE6122,3.9,5.0
EE6121,2.8,1.0
CM4981,3.0,24.0
CM4658,4.4,47.0
EG3283,3.4,33.0
CM4659,2.6,61.0
F36671,4.4,0.0
AW4209,4.0,50.0
G25877,3.9,20.0
CM4855,4.3,70.0
EE8452,4.9,98.0
CM4813,4.7,88.0
EE8351,4.2,51.0
G28329,2.0,69.0
CM4857,3.6,39.0
CM4900,3.1,16.0
CM4899,4.6,94.0
CM4901,4.1,80.0
CM4830,4.6,26.0
EF0778,2.0,62.0
EF0780,2.7,91.0
G27270,4.4,93.0
EF1233,4.2,92.0
CM4878,3.0,7.0
CM4877,4.1,88.0
G27272,3.2,32.0
CM4862,4.5,28.0
CM4979,2.8,59.0
EF1416,4.9,21.0
EE7897,3.0,67.0
CM4884,2.9,9.0
G28373,3.5,22.0
CM4842,2.5,0.0
EF0822,4.6,26.0
CM4860,4.9,13.0
CM4929,0.0,93.0
G28560,2.2,72.0
AQ8528,3.0,75.0
G28208,2.9,67.0
BB5476,4.8,67.0
CQ2405,2.7,31.0
G28209,3.0,65.0
CL7580,1.5,79.0
B43687,3.5,23.0
B41645,3.3,58.0
BY2120,4.1,91.0
B24105,2.2,97.0
B96568,4.2,22.0
FW2847,,
FV7826,2.4,86.0
F35580,4.6,17.0
FV7825,0.0,7.0
G27707,3.0,48.0
EE8498,2.7,73.0
FV4631,3.0,25.0
EE4465,2.9,98.0
EE8138,3.0,15.0
FV4419,3.1,37.0
G28116,2.4,74.0
B42315,3.0,10.0
EE9574,4.3,5.0
EG4960,3.2,96.0
EE6803,2.5,90.0
EF5506,3.2,91.0
G28428,3.6,55.0
EF5440,2.0,54.0
FV4190,4.7,97.0
EH0025,3.7,87.0
G28331,2.0,38.0
G25878,4.2,41.0
EE6802,2.5,83.0
B42314,2.4,37.0
CL9955,3.5,32.0
G28336,5.0,24.0
G54014,4.7,91.0
FV2806,4.4,42.0
FV3021,1.0,10.0
FV3743,3.8,51.0
FV5359,3.9,79.0
G54015,4.1,53.0
BD7929,1.0,74.0
G26993,3.7,57.0
EF1625,3.8,76.0
G27479,3.9,78.0
EE7911,4.1,96.0
F35008,3.6,27.0
G27492,4.8,53.0
G28885,4.7,29.0
EF1163,1.5,81.0
EF8847,4.2,34.0
B96566,4.9,5.0
EG4159,3.4,2.0
G27484,4.8,35.0
F34327,3.5,30.0
CL7477,2.4,83.0
G27495,3.6,30.0
B28129,3.7,74.0
EF1229,3.8,9.0
EF4920,2.4,50.0
EE6893,2.2,24.0
EF2335,2.7,75.0
EE4896,,
EF4372,2.9,43.0
FW9328,3.3,70.0
B27797,3.9,84.0
EG7737,3.0,9.0
DB3105,3.4,97.0
CG6477,1.0,64.0
CG3552,3.7,99.0
EG8778,3.3,89.0
BB3627,1.0,14.0
EE4851,4.2,3.0
EF4373,2.5,86.0
BW0418,2.6,19.0
G27728,0.0,2.0
BB3628,4.4,25.0
BB3645,2.4,78.0
F37427,4.4,92.0
DB3541,2.8,81.0
EE7346,3.0,44.0
EG1866,4.8,66.0
EE4895,3.2,93.0
D96635,4.8,27.0
FV6404,2.2,57.0
CG6040,4.6,47.0
EE6074,2.0,79.0
CG4743,1.5,89.0
EG2738,2.2,86.0
F35493,2.6,56.0
F35597,4.1,89.0
F35495,2.5,84.0
F35494,2.5,47.0
DB1370,4.7,62.0
F35498,3.8,10.0
DB1372,3.5,79.0
F36991,0.0,43.0
B96223,2.4,14.0
F35497,2.2,83.0
F36501,0.0,80.0
EE6821,0.0,10.0
EE7745,4.3,95.0
EE6135,1.0,5.0
AQ0334,2.5,29.0
B96218,3.3,33.0
CG5537,4.0,32.0
AQ0538,3.1,74.0
EE7777,4.5,82.0
EF5885,4.7,64.0
EE8378,0.0,41.0
EF5870,3.2,43.0
CG5580,1.5,53.0
BB7566,5.0,77.0
AQ0054,2.4,67.0
B75665,4.1,80.0
EG1727,,
AQ0539,2.6,20.0
EG2646,4.7,97.0
EH0181,4.4,69.0
EF5902,4.7,46.0
FU6910,0.0,32.0
AC7104,3.6,67.0
EF9625,2.8,32.0
D97946,5.0,17.0
B75667,3.6,37.0
BD7080,2.7,79.0
CL9914,2.0,71.0
BB6602,2.6,66.0
EF5435,4.5,76.0
BC1050,4.8,58.0
EF5507,3.3,5.0
D97319,3.7,29.0
EF5985,2.6,61.0
EF5441,1.5,84.0
F35769,4.4,57.0
EG8776,2.0,27.0
D97429,2.0,6.0
EF0820,2.9,17.0
EF4027,3.1,69.0
CG6732,1.0,56.0
EH2180,4.0,54.0
EF6050,3.0,15.0
EF6048,4.9,40.0
EE7290,3.9,88.0
EE7449,1.0,52.0
EE7968,3.1,56.0
F36481,2.0,68.0
EG1900,5.0,55.0
EF6049,2.5,34.0
EF7141,3.3,31.0
EF7140,1.0,85.0
CQ1091,2.4,61.0
EF7134,2.4,45.0
EH1097,2.6,73.0
FV4656,3.7,33.0
G26947,4.8,26.0
F34060,2.5,11.0
G26944,3.8,97.0
EG5185,3.9,94.0
EG5188,2.7,44.0
FV3029,5.0,90.0
FV4658,2.7,46.0
CM4831,3.4,22.0
EF6270,3.0,81.0
CM4705,1.5,96.0
FV3031,3.9,6.0
FV5358,2.7,24.0
DB0594,2.9,13.0
DA8839,,
G27461,4.3,72.0
CM4708,4.9,15.0
DA9868,5.0,33.0
EE9540,3.5,95.0
DB3483,3.4,9.0
EE3912,3.9,21.0
CJ0183,4.3,88.0
AQ0534,3.2,52.0
CK9502,3.8,52.0
BC1041,3.9,21.0
CM0065,4.1,38.0
EG3013,3.5,12.0
EE4966,5.0,70.0
B75806,3.3,96.0
CK9434,4.9,83.0
EH0833,4.4,72.0
G27637,3.5,27.0
CL7579,2.7,87.0
CK9631,4.2,44.0
EE6091,4.0,80.0
CL9945,4.1,33.0
FV4189,2.2,37.0
F34477,3.1,14.0
F34683,2.5,27.0
CP8827,4.3,18.0
F36998,2.7,84.0
F36457,1.5,1.0
EE8008,4.4,51.0
EE5511,3.9,78.0
EE5602,2.4,46.0
EE6329,2.8,44.0
EE5506,4.7,37.0
F36471,3.7,24.0
EF6551,4.8,14.0
EE6325,3.8,76.0
EE5678,4.5,5.0
EE4967,1.5,85.0
EF8907,4.4,92.0
EE8688,3.9,30.0
EE8972,4.3,36.0
EE7239,2.8,63.0
G26935,1.5,49.0
EE5394,3.0,58.0
EH0033,4.6,41.0
B75573,1.0,50.0
EE4883,3.4,45.0
DA8964,2.6,2.0
CJ8060,3.2,40.0
B75782,2.7,26.0
G27401,4.9,87.0
B75780,4.2,87.0
S80807,4.2,43.0
EE4791,,
S32279,4.9,65.0
AC7556,2.6,97.0
B22785,2.9,91.0
F35130,2.0,98.0
B43742,3.0,28.0
CK9814,1.0,95.0
CK9571,3.3,97.0
F34844,3.1,59.0
F35284,4.5,49.0
CQ1149,3.7,80.0
F34739,3.1,7.0
CK9866,4.5,4.0
EE5654,3.1,50.0
FV3013,3.9,10.0
F35282,4.6,80.0
EF9624,3.5,18.0
CK9865,2.8,5.0
F34073,4.2,4.0
D96551,4.5,27.0
CK9784,1.5,19.0
F36512,3.4,36.0
F35283,2.5,10.0
EG3096,4.1,2.0
EG3115,3.6,40.0
EF5550,2.4,18.0
EF9623,3.1,62.0
CJ3410,3.5,24.0
CQ1061,3.5,67.0
BB4014,4.7,96.0
AQ6095,2.2,49.0
EF7135,1.0,99.0
B44500,3.1,60.0
EF1629,2.8,60.0
B43600,3.3,70.0
EG8735,2.7,59.0
G28713,3.2,2.0
EF3538,2.5,57.0
CJ9005,1.0,7.0
AH2156,2.7,0.0
FV6447,4.4,85.0
CM7767,3.6,55.0
DB0646,2.0,6.0
CG6367,4.4,78.0
CM7741,3.5,47.0
CJ9006,4.7,21.0
AC7943,3.6,78.0
CG6364,4.4,50.0
BC0534,2.4,98.0
CK1081,2.9,89.0
F37022,3.4,29.0
EE3812,2.4,40.0
G26834,2.8,71.0
B75879,,
FV6794,4.1,81.0
G26790,3.1,65.0
EH1524,4.7,23.0
G26548,2.2,81.0
B42122,3.6,33.0
F99913,2.4,76.0
EG1073,3.8,76.0
EG7893,4.1,29.0
G28915,3.4,5.0
BB3484,5.0,46.0
EG1069,3.3,24.0
EG2015,2.0,66.0
FW3138,3.0,52.0
EF2212,5.0,47.0
EG1071,3.5,89.0
EG2045,3.1,33.0
EE4036,1.0,9.0
FW5423,2.4,26.0
EG1287,2.7,14.0
EG2663,1.0,96.0
EG2017,2.9,81.0
EG0719,4.5,38.0
EH1208,2.7,73.0
EG4901,4.9,19.0
EE4264,4.0,6.0
EG1096,3.6,22.0
EG1011,3.3,87.0
EG2052,4.4,38.0
EG0720,4.5,69.0
EF2696,4.0,21.0
EG0715,3.9,17.0
EE4614,5.0,35.0
EH1333,4.3,57.0
EF0524,4.4,98.0
EH1847,3.3,35.0
G27491,3.4,25.0
EF0708,3.5,44.0
EE4005,4.8,14.0
EG0761,2.8,98.0
EF2774,3.9,17.0
EE5147,4.0,20.0
EF1565,4.4,30.0
F35285,4.3,93.0
G27482,2.5,78.0
BC1031,1.5,27.0
F35539,4.6,19.0
CK9816,1.0,31.0
B96338,2.2,43.0
CM7531,4.8,55.0
EG1369,3.9,22.0
EG1837,2.2,96.0
FV6106,2.2,53.0
FU8929,,
FV4526,3.9,59.0
EG3729,4.8,97.0
FU8941,4.7,47.0
FU8932,3.5,37.0
CM6080,4.2,9.0
CM6051,4.9,9.0
CM6052,2.0,20.0
CM6081,2.9,62.0
CM6068,3.9,77.0
FV4418,3.6,4.0
CM6069,3.8,63.0
CM6073,4.8,92.0
FV4525,3.4,10.0
CM6044,2.6,61.0
FV2875,4.5,0.0
FW2152,1.0,78.0
FV2874,3.8,54.0
CJ8072,4.5,96.0
CJ8088,4.9,89.0
CK9657,3.3,48.0
AC7043,2.4,49.0
FW9783,4.6,88.0
F35607,4.3,68.0
CJ8111,2.6,66.0
CL7446,1.5,84.0
G26990,2.5,65.0
CJ0194,4.6,13.0
EH0021,2.5,44.0
B44861,2.8,61.0
EE7610,3.4,57.0
BD7439,0.0,11.0
F34604,3.4,69.0
CJ8107,3.1,45.0
B37550,2.8,13.0
CJ8069,2.6,91.0
CJ7992,1.5,51.0
CJ7987,3.5,74.0
F36162,4.4,33.0
G26776,4.7,9.0
CG6537,4.6,33.0
BB9420,3.0,7.0
CK9660,4.0,88.0
CJ8109,1.5,51.0
CJ0044,3.3,68.0
CJ8116,2.0,87.0
CK9445,2.8,36.0
EF0148,3.7,45.0
CG7123,3.0,96.0
EE5677,2.2,10.0
EE5819,1.0,85.0
EE5834,1.5,72.0
EE5361,3.5,90.0
EE5415,,
EE4924,4.2,82.0
CJ0180,4.9,32.0
F36645,3.9,84.0
AQ0907,3.7,78.0
CM4930,3.8,92.0
CM4547,4.3,2.0
EE6377,3.8,24.0
DB0271,4.9,64.0
G27402,2.8,20.0
EE7843,3.9,52.0
EG6864,3.8,37.0
EH0173,2.9,31.0
EH2181,2.8,63.0
FV4529,2.2,56.0
CM4863,1.0,55.0
EE6894,4.2,31.0
B41823,3.7,61.0
CI1871,2.2,80.0
B43829,3.1,17.0
F35514,2.2,79.0
B44820,1.5,88.0
B44736,4.2,81.0
CM4864,4.9,7.0
F34498,2.7,63.0
EE6011,1.0,60.0
CK9656,2.8,78.0
CL7360,4.5,28.0
CK9546,2.8,98.0
S75104,4.9,70.0
CK9507,3.5,95.0
F35598,2.0,55.0
CL0207,3.4,57.0
CI9700,1.0,2.0
CI1704,4.7,71.0
EE5730,3.6,53.0
EE6029,2.9,97.0
CQ2406,4.2,96.0
EF6552,1.0,6.0
F36717,3.1,70.0
CL7284,0.0,47.0
F36424,4.9,18.0
BD7497,4.6,16.0
EE7901,3.0,16.0
EE7905,4.3,52.0
EE7907,3.1,18.0
EE7690,2.5,12.0
EE7696,3.4,16.0
EE7382,3.0,58.0
EE7693,2.4,82.0
EE7422,4.5,4.0
EE7900,2.8,80.0
EE6151,3.0,3.0
EE5520,,
EE5399,1.0,1.0
EE8153,3.9,52.0
EE6110,5.0,15.0
EE7881,3.4,43.0
EE6077,3.9,38.0
EE7360,3.0,13.0
EE7880,4.2,64.0
CM5956,4.2,91.0
EE9648,3.1,9.0
FV3020,4.7,9.0
CM5971,4.7,11.0
CM5963,4.5,41.0
CM5978,3.5,92.0
CM5962,2.7,4.0
CM5975,1.5,44.0
CM5961,4.9,28.0
CM5974,1.5,44.0
CM5990,3.7,19.0
CM5979,3.0,18.0
AQ0863,3.9,17.0
CJ8104,2.7,51.0
CM5965,4.7,78.0
CL7519,3.2,82.0
EE5108,4.4,43.0
CL9930,2.2,11.0
EF0815,3.8,60.0
CL9935,4.0,71.0
CM4795,3.1,41.0
F35061,5.0,12.0
CM4978,2.4,70.0
EG1686,3.5,82.0
FV2838,3.3,82.0
EF4344,2.0,43.0
EH0188,3.7,13.0
EE6037,4.2,16.0
CM0039,4.5,58.0
G27636,2.9,4.0
F34392,3.1,52.0
EG1728,4.0,27.0
DB1758,4.8,4.0
CI1822,5.0,50.0
CI9830,4.5,31.0
DB1459,3.6,23.0
EG5947,2.9,31.0
B44809,4.4,90.0
CG4044,2.4,80.0
CI9931,3.2,93.0
F35025,4.9,3.0
B96344,2.6,54.0
CL7543,3.1,52.0
F35560,5.0,99.0
CL7399,4.5,42.0
CL7303,,
CL7509,2.6,78.0
EF3500,4.0,10.0
EE8024,1.0,3.0
EE3655,2.0,35.0
EE8447,2.0,94.0
CL7426,3.6,33.0
EF9182,2.0,62.0
EE6317,2.4,57.0
EF3836,3.0,51.0
FW5351,3.6,53.0
DB0958,2.0,9.0
CI9939,4.8,29.0
BD7577,4.2,8.0
BB7828,3.1,28.0
DB3530,2.6,91.0
F34864,4.3,73.0
CJ8087,3.9,1.0
F34568,2.9,28.0
B41812,3.5,63.0
CL7310,3.3,21.0
CL7397,3.1,85.0
CL7624,4.6,7.0
CL7573,4.1,71.0
BB7716,4.7,77.0
EE6318,4.8,7.0
BC0020,4.4,73.0
CI9699,4.5,54.0
CJ8027,3.3,75.0
B37736,4.1,63.0
D97080,3.4,65.0
CL7308,2.4,1.0
G27464,3.1,25.0
CL9966,2.8,57.0
BD7480,0.0,34.0
CI1823,0.0,86.0
DB0961,0.0,67.0
CQ2896,1.5,64.0
B41649,3.1,90.0
CQ1711,3.3,27.0
CI9992,4.7,29.0
B37725,3.8,25.0
CI9831,4.4,52.0
BB7613,4.9,75.0
CK1229,3.6,77.0
BB7829,4.4,56.0
B44821,3.2,62.0
CJ7975,5.0,97.0
B43651,4.8,35.0
F35012,1.0,59.0
CJ8106,2.2,6.0
EF8729,1.5,86.0
BD7932,2.0,28.0
BD7914,,
CL7606,2.9,18.0
FV6448,4.0,13.0
G27639,2.8,95.0
CK9569,2.6,43.0
EE3649,3.8,31.0
CK9829,4.2,19.0
CG5801,3.0,61.0
CJ0027,3.5,8.0
CJ0070,3.6,93.0
CJ8989,4.4,10.0
BB7067,3.4,19.0
B41810,2.0,61.0
G26778,1.5,81.0
CJ8103,5.0,48.0
EE6876,4.4,75.0
EE7246,1.0,10.0
CK9805,2.2,71.0
EE5883,4.0,68.0
CK9785,4.4,76.0
CK9802,4.0,82.0
CK9860,4.4,62.0
EF1413,4.3,6.0
G27309,2.5,83.0
EE6436,2.6,34.0
EG8300,3.6,34.0
CM5922,3.5,54.0
CM4854,2.4,26.0
B43814,3.1,96.0
AC7045,0.0,47.0
D96746,2.2,98.0
EE3654,4.0,69.0
G26806,2.5,46.0
CQ1179,2.5,36.0
EE7840,3.3,85.0
EE4277,2.6,56.0
F35377,0.0,50.0
B37919,4.4,48.0
EG2363,3.9,76.0
CG3820,2.7,35.0
DB1560,4.2,23.0
F34428,3.8,58.0
F36994,2.5,95.0
B41648,2.0,0.0
B37959,1.5,65.0
BB6744,2.2,2.0
DB3588,2.4,83.0
F34563,3.1,28.0
F36208,2.2,61.0
CL7342,1.0,40.0
EE9721,3.5,67.0
FV2480,3.8,0.0
EE5590,2.0,84.0
CG2925,,
BB6918,4.2,95.0
EE9513,2.5,45.0
CP8828,3.9,31.0
CP9344,2.0,87.0
F36171,2.4,2.0
CI9976,2.8,92.0
CI9701,4.2,12.0
B44806,4.2,78.0
EE4577,3.9,60.0
BZ0109,2.7,44.0
F34571,3.0,88.0
CJ8014,3.8,73.0
CP8822,2.9,1.0
F36242,2.5,33.0
CJ8074,3.5,49.0
CJ8015,2.0,39.0
CJ8114,3.2,50.0
CJ8075,4.2,85.0
F35444,1.0,45.0
EE5508,4.6,95.0
CJ7991,4.4,95.0
CL7312,4.0,10.0
CL7611,4.3,9.0
CK9605,3.1,65.0
CK9481,2.2,27.0
CK9505,3.2,46.0
CK9485,4.9,65.0
CL7489,3.6,5.0
CL9947,2.4,95.0
EE5668,1.5,24.0
CK9539,2.4,24.0
CI1702,4.0,29.0
CI1812,2.8,3.0
FV4298,4.8,25.0
CI1739,4.7,39.0
CI1935,1.0,0.0
B37266,1.0,18.0
B37955,3.8,12.0
BD7842,4.8,73.0
BD7528,4.6,11.0
BD7840,4.5,96.0
CI1738,3.0,85.0
AQ0535,4.1,50.0
FV2484,3.1,14.0
EE8137,4.3,65.0
CL7455,4.8,85.0
EE9267,1.5,66.0
FW5365,3.3,82.0
CJ0177,2.9,44.0
EE8445,4.0,56.0
CJ0212,2.9,42.0
EE7917,4.0,20.0
CK1086,,
EF0586,3.2,91.0
EE7599,3.6,30.0
F34403,1.0,62.0
EF1157,4.1,13.0
F34407,4.2,0.0
G26942,3.4,43.0
F35379,4.8,61.0
F35382,3.5,13.0
F35378,2.2,3.0
F34400,3.4,48.0
EG4009,5.0,89.0
EE8489,4.5,9.0
BD7479,2.2,5.0
EE7763,3.0,24.0
BC0975,4.9,83.0
EF8730,2.6,37.0
EE7762,5.0,61.0
EE4937,4.5,13.0
EE8973,4.5,46.0
EE8331,4.7,16.0
EE4762,4.4,23.0
EE7163,2.8,23.0
EE6257,4.7,12.0
EE4445,2.4,66.0
EE4443,4.3,23.0
EF2102,3.9,68.0
CM0011,3.7,11.0
B22747,4.2,79.0
CM7988,4.9,3.0
BB9280,4.6,13.0
BC0973,4.8,23.0
CL7287,4.0,13.0
EE5790,3.6,49.0
CL0235,3.4,57.0
EF1344,4.9,68.0
G27506,4.2,99.0
F35373,0.0,18.0
F34394,3.4,27.0
DB3405,0.0,93.0
CK9474,3.6,86.0
EF8329,3.6,15.0
CL9983,4.9,45.0
EF0021,4.2,80.0
EF8348,4.0,30.0
CL9985,4.9,10.0
EF8211,0.0,4.0
CL9990,2.6,2.0
EF8208,3.8,83.0
EF1619,4.1,85.0
EG7224,4.4,88.0
CL9979,4.5,16.0
EF1958,3.4,28.0
EE9566,,
EF1806,3.7,74.0
EE9573,2.0,20.0
EF1957,4.7,42.0
EF1634,3.2,15.0
EE9577,3.9,20.0
G28550,5.0,61.0
G28551,3.5,78.0
EG7155,0.0,0.0
EF1809,2.6,26.0
EG0963,4.7,12.0
CM5919,4.4,16.0
EF1664,0.0,59.0
BZ0084,3.2,8.0
CM5920,4.9,92.0
CM5921,3.1,95.0
EF2778,3.6,36.0
F34053,3.5,65.0
B27788,2.6,43.0
B37945,5.0,79.0
B37846,4.9,99.0
B96323,4.0,27.0
DB3143,2.6,2.0
B41825,4.9,58.0
F36630,2.5,8.0
B37787,3.7,4.0
DB3329,2.4,29.0
G27808,3.4,46.0
DB2609,4.7,72.0
CJ9009,4.4,24.0
CL0233,3.1,36.0
CI1719,4.3,97.0
CM0106,5.0,1.0
CK9437,4.9,7.0
F34579,3.9,18.0
F34578,3.5,1.0
F36629,4.6,53.0
CQ2330,3.6,74.0
DA9854,4.7,22.0
CL9937,3.9,88.0
CQ2358,2.9,49.0
DB0959,2.8,85.0
DB1592,3.5,43.0
CQ2630,3.9,36.0
B41736,2.5,23.0
CQ2809,4.6,48.0
B41671,2.6,54.0
B41719,3.0,70.0
B37633,3.0,16.0
B75680,2.2,20.0
B37995,4.5,61.0
B41766,3.3,58.0
B38003,3.3,11.0
B37638,,
B27786,2.9,30.0
B37827,3.3,52.0
B37364,4.8,50.0
B42000,3.7,2.0
DB2736,2.4,50.0
BD7816,2.9,2.0
DB3276,3.4,3.0
BD7778,2.4,90.0
G27934,4.6,66.0
DB3565,4.0,47.0
F35627,2.4,63.0
F99866,3.4,46.0
F34038,2.0,56.0
DB1464,3.1,86.0
CJ3406,3.1,33.0
CI9718,3.0,0.0
DA9305,3.3,39.0
B44650,1.0,34.0
AC7044,3.7,78.0
CJ8055,3.6,10.0
B43642,1.5,2.0
CJ8100,3.1,56.0
CJ8028,4.0,30.0
CL7474,3.9,18.0
EF9181,2.9,83.0
CK9671,3.0,88.0
EE5855,2.9,98.0
EE5317,4.2,82.0
EE5621,4.8,26.0
EE4471,0.0,56.0
EE4446,4.9,12.0
EE4988,3.0,88.0
EE7741,2.5,52.0
EE7235,4.4,59.0
EE4962,2.8,0.0
EE4989,1.5,36.0
F36760,0.0,90.0
BD7316,4.2,20.0
EE7162,3.2,36.0
EE7238,3.0,62.0
CM6085,4.5,21.0
BC1037,3.1,90.0
CL7629,4.6,84.0
B41529,2.4,48.0
CL9920,4.8,32.0
B37727,3.6,40.0
AQ1022,2.6,10.0
D96745,4.7,21.0
BD7843,4.2,40.0
CL9922,4.7,51.0
CK9593,4.2,35.0
F34037,2.5,47.0
G28999,,
EE9812,1.0,18.0
F34608,4.4,37.0
F99253,3.3,26.0
F36204,1.0,89.0
B79773,2.2,19.0
B43743,1.0,9.0
B79774,1.0,4.0
CL0208,4.2,36.0
EE6664,1.5,78.0
CM7593,4.6,10.0
CM0037,1.0,21.0
EH1294,2.6,54.0
FV4300,0.0,68.0
B41677,2.4,35.0
CL7540,4.3,24.0
F34944,1.5,52.0
CL7625,3.7,10.0
CL7510,4.6,87.0
CL7512,4.1,83.0
EE9894,2.2,76.0
F35606,3.5,34.0
CK9842,3.2,3.0
CK9810,2.9,50.0
CK9787,4.8,23.0
CK9812,2.8,23.0
CL9975,3.8,58.0
G26170,3.8,1.0
F97258,3.2,43.0
CL9980,4.2,74.0
EG2066,4.2,98.0
CL9981,4.5,73.0
CM5995,2.4,16.0
AC8133,2.2,88.0
EE3656,2.6,31.0
G27274,2.8,41.0
G28372,1.5,2.0
EG1188,3.6,51.0
G27364,3.8,50.0
G28583,2.6,29.0
EF0582,1.5,34.0
CL7522,1.5,34.0
CM0040,3.0,10.0
CL9940,1.5,63.0
EE5107,4.9,69.0
DA9853,4.1,77.0
CG5675,4.5,99.0
EE5357,2.8,23.0
CL7641,3.0,82.0
EE5451,2.8,6.0
CK9458,4.1,12.0
EE4444,0.0,68.0
G28970,2.9,7.0
DB3021,,
EE6378,2.7,9.0
BB9890,4.1,75.0
EF2511,3.7,64.0
F36393,2.2,27.0
CL7275,3.3,97.0
EE7906,1.0,19.0
EE7908,3.6,73.0
EE7681,3.0,19.0
EE7680,2.2,34.0
EF5887,1.0,4.0
EE9675,4.9,50.0
EG8323,3.5,36.0
FV4417,2.2,1.0
EG3493,3.2,43.0
EE9717,0.0,80.0
CM4938,3.7,34.0
G27276,2.2,88.0
B37789,2.6,38.0
F36993,2.9,45.0
CM4773,4.9,80.0
BB1879,4.0,86.0
BB1878,2.6,97.0
BA9109,2.8,15.0
BB6079,2.4,56.0
BY2405,4.8,16.0
CJ8985,3.5,97.0
CL9949,4.4,7.0
CM0041,2.2,24.0
CK1083,2.7,0.0
CL0213,4.5,39.0
B43659,2.9,54.0
BC0516,3.9,62.0
BB9426,4.3,83.0
F34426,2.6,50.0
BD7810,2.5,18.0
B44699,3.6,54.0
EF8373,4.7,52.0
EG7971,4.8,76.0
EG7972,4.8,78.0
AQ0106,2.0,1.0
F34813,4.0,59.0
EE7379,3.7,85.0
EE9631,3.0,75.0
CK9819,2.5,16.0
EH1172,2.9,7.0
EE9635,4.1,34.0
EF9612,3.3,24.0
EH1851,3.8,79.0
EG1713,4.2,48.0
CM5923,2.2,72.0
CM5942,4.1,40.0
CM5932,2.5,82.0
CM5937,,
CM5933,3.0,18.0
CM5924,3.8,98.0
CM5938,3.3,91.0
EG4344,4.7,0.0
EG5839,4.6,94.0
EF8850,3.0,5.0
CL9957,2.0,66.0
B37704,4.6,50.0
CL9964,4.8,66.0
EF0804,3.2,79.0
EG1144,3.4,18.0
EG1146,4.7,78.0
EH1531,4.3,30.0
EE4316,3.1,35.0
EG1393,2.6,83.0
EG0978,2.7,25.0
EG0959,4.2,66.0
EE4185,4.1,25.0
EG0693,1.0,41.0
EF1043,2.0,13.0
EH1530,4.7,54.0
DB3145,4.4,4.0
CL7378,3.3,78.0
EG1391,3.2,98.0
FV4284,4.5,1.0
EG0695,4.0,40.0
EE5403,3.3,90.0
F35565,3.1,51.0
EE4935,2.4,15.0
F36392,4.7,72.0
EE5597,4.6,11.0
EG4370,3.2,14.0
EE7888,4.9,2.0
DB0156,3.9,48.0
EE7686,1.5,65.0
D96523,3.7,85.0
EG3278,4.2,5.0
EF6989,3.5,67.0
D96524,4.6,57.0
F35626,2.2,78.0
F35629,5.0,19.0
F35619,2.5,14.0
EF1162,5.0,52.0
G27244,1.0,64.0
CP9196,2.2,23.0
CP9028,4.1,88.0
CP8933,2.7,23.0
CP9029,3.2,18.0
BB9345,4.7,27.0
DB2064,5.0,34.0
DB2188,3.4,86.0
DB2125,4.2,65.0
DA9588,,
DB2080,3.6,24.0
DB2463,4.7,96.0
DB2166,4.9,86.0
BB9185,1.5,29.0
BC0552,3.0,12.0
BC0316,2.5,46.0
BB9375,2.2,51.0
D97992,2.8,47.0
BB8113,3.9,85.0
B43665,1.0,77.0
BB9188,2.0,20.0
EE7042,4.8,42.0
BB6280,4.9,8.0
CK9455,0.0,12.0
CG4019,3.5,72.0
F35784,2.5,84.0
BB6291,1.0,28.0
CQ3176,4.5,79.0
D97306,2.8,53.0
D97451,2.8,43.0
CK9859,3.1,7.0
G28832,2.4,43.0
EF5431,3.7,11.0
F34393,1.5,39.0
EF4258,2.0,85.0
CM5970,4.6,85.0
AQ0533,2.6,40.0
EG4958,3.3,92.0
280648,4.2,54.0
288022,3.3,95.0
CK9857,2.0,14.0
CL9944,4.5,3.0
FW0536,0.0,10.0
EF0709,2.7,58.0
BB6351,2.4,72.0
FU8299,3.7,32.0
CK9684,1.5,30.0
DB2071,3.1,90.0
BB9335,3.8,37.0
F36199,3.8,93.0
FV8788,4.3,4.0
EE6255,4.7,36.0
EE9845,2.0,95.0
EF0416,4.8,69.0
EF3830,4.2,20.0
EG3106,4.4,6.0
EG3667,4.8,91.0
FV3907,4.3,88.0
CM4815,2.5,5.0
FV4287,2.8,8.0
FV4291,1.0,6.0
BY9260,2.5,64.0
BB5478,,
CM4832,3.6,21.0
AQ8531,3.8,56.0
G27706,4.0,34.0
CK9655,0.0,24.0
EF4690,0.0,51.0
EF4689,4.6,93.0
EG4959,2.4,12.0
F35611,3.5,68.0
FV3017,0.0,21.0
FV2807,3.5,52.0
EG3284,3.0,62.0
F35383,3.5,30.0
F34412,2.2,87.0
EE9663,3.1,56.0
CQ2332,2.6,97.0
EE7744,3.8,25.0
EE7801,4.4,13.0
EF5945,3.5,43.0
FV4649,4.0,80.0
EF5891,2.8,20.0
EF5884,3.8,77.0
EH0169,4.4,44.0
EG7964,3.4,63.0
FV3023,4.7,40.0
EH0175,4.2,62.0
BB9347,4.9,75.0
FV2872,4.6,86.0
CP8971,2.6,15.0
F35341,5.0,64.0
FX4259,3.2,71.0
BB9367,4.5,54.0
CG6830,3.3,50.0
BB8090,3.2,3.0
EF8368,3.1,71.0
EE7695,3.2,67.0
EG6208,1.0,52.0
EE7678,3.9,83.0
EF1357,3.0,15.0
G27367,2.2,49.0
EF1240,4.3,43.0
EF8287,4.6,54.0
EF8292,3.7,22.0
EF2380,1.0,94.0
CM4816,4.7,9.0
CM4936,5.0,10.0
FW5354,3.2,9.0
FW8153,3.5,89.0
CM4881,2.5,82.0
F34408,2.7,0.0
CL7362,2.8,4.0
F35594,5.0,70.0
EF9237,4.4,46.0
CG6465,,
B43739,4.8,9.0
F35316,2.7,66.0
EE5803,1.0,88.0
EG3730,4.9,11.0
CM6084,2.6,6.0
EF4261,4.1,66.0
FW2154,2.0,35.0
CL7640,2.4,96.0
G26989,3.3,15.0
EE7720,4.7,34.0
B37698,2.7,57.0
CM6072,4.4,65.0
CK9795,3.5,87.0
FU8940,4.1,52.0
CL9923,3.6,91.0
BY4027,3.7,11.0
F35621,3.0,54.0
EE9554,2.0,6.0
B37697,2.0,22.0
FV7538,3.8,26.0
D97436,4.3,77.0
EE7692,3.4,23.0
EE9664,0.0,12.0
EE6036,4.8,53.0
FV7536,3.6,47.0
EH0151,2.4,80.0
CM5985,2.6,76.0
CM5951,2.7,81.0
CM5952,3.4,33.0
CM5964,4.1,75.0
EF1343,3.7,87.0
EF4343,2.0,15.0
B44142,1.5,43.0
EE4320,4.0,88.0
CL0252,3.8,22.0
EE7904,2.2,26.0
CM4885,4.7,7.0
BY4061,2.4,50.0
G26565,3.6,74.0
F36333,1.0,56.0
CL9986,3.3,46.0
EF8210,2.5,64.0
CL9976,3.0,61.0
EE4805,3.5,11.0
EF1814,3.3,97.0
EG0953,4.5,51.0
CM5915,4.2,57.0
G27504,4.4,49.0
BD7819,4.8,13.0
EF4260,3.8,50.0
EF4001,2.0,65.0
EF4262,4.7,3.0
EF5432,,
EF4028,5.0,50.0
EG8354,2.6,54.0
EG8355,3.6,80.0
CM4551,2.0,98.0
FV3018,4.8,87.0
EE4324,3.8,70.0
F34469,2.8,30.0
F35381,2.5,75.0
B96558,4.1,24.0
BA7376,3.4,63.0
B37435,4.3,49.0
F36334,4.1,52.0
CL7338,3.1,5.0
CQ1108,3.6,70.0
FV4083,3.4,61.0
CK1084,4.7,46.0
CQ1129,3.2,33.0
CQ1114,3.9,26.0
B22729,2.7,14.0
F36236,2.6,68.0
F36232,4.1,94.0
DB3555,2.2,16.0
B42259,4.0,33.0
B22728,3.8,48.0
B27818,2.8,16.0
B22721,2.5,75.0
B22726,4.3,47.0
B22762,1.0,13.0
B41486,2.0,49.0
B41686,3.6,44.0
B41776,4.3,76.0
F36221,3.1,41.0
B22790,0.0,41.0
BD7809,4.5,50.0
EG1212,2.8,94.0
EG1346,2.0,94.0
DB1347,3.0,2.0
F35595,2.7,67.0
B96569,2.9,24.0
F35593,4.8,46.0
EF2099,4.3,90.0
G27132,4.7,81.0
DB3389,0.0,40.0
EF1649,3.7,12.0
EF1698,1.5,52.0
EF2208,3.3,40.0
EG0964,2.0,0.0
EG7202,4.5,78.0
EG7130,4.4,70.0
FU8926,5.0,32.0
EF1707,3.8,26.0
G54739,4.7,26.0
B44705,,
DA8693,4.1,88.0
CM0105,2.7,87.0
F34611,4.3,77.0
EG5933,4.9,94.0
BB6574,4.5,96.0
BD7878,2.5,70.0
CK8040,2.8,53.0
CK8037,3.3,53.0
CK8039,3.9,56.0
EE6254,3.6,75.0
EE6081,0.0,94.0
EE7383,4.1,60.0
EE9665,4.2,16.0
EE6111,5.0,94.0
D97654,4.4,38.0
EE6112,4.5,23.0
CL9854,0.0,10.0
EE4284,3.5,39.0
EF0609,4.7,72.0
CM0060,3.5,86.0
G26566,1.0,19.0
EF0500,3.6,48.0
F34375,4.5,16.0
EG1851,2.8,2.0
BB7236,3.8,1.0
CP9392,2.0,58.0
F34573,4.8,62.0
CL9853,3.0,26.0
EF2378,4.1,5.0
F34390,4.6,41.0
CL9851,0.0,64.0
F36412,1.0,59.0
BB9425,2.5,91.0
S78048,4.1,13.0
G27463,3.5,4.0
B44869,4.8,88.0
CM0002,4.1,53.0
EH1837,3.9,56.0
EF2392,4.3,52.0
EH0433,2.8,87.0
EE4393,4.3,28.0
EE9642,4.7,40.0
EG0692,2.5,88.0
F34376,3.9,87.0
DA9997,3.9,76.0
G28527,2.5,43.0
CQ0443,4.9,22.0
EE9555,3.8,5.0
EE9027,4.9,81.0
G28523,3.2,94.0
DB3390,1.5,33.0
BB9440,3.4,17.0
CP8932,,
D97959,3.0,59.0
D97609,1.0,18.0
BB9187,1.0,80.0
AQ0407,3.1,74.0
FW5366,3.4,38.0
CJ8979,3.7,52.0
B42099,5.0,8.0
CM0042,3.5,48.0
EE6814,4.5,7.0
BD7927,2.4,37.0
FU8296,4.1,88.0
EE9576,3.9,83.0
CM5914,2.9,53.0
EF0893,2.6,94.0
EG0979,5.0,67.0
CK9797,3.5,69.0
B37706,4.6,16.0
CG6237,3.3,58.0
AW4591,3.5,99.0
DB3364,2.4,29.0
F35234,3.6,19.0
B37703,4.8,84.0
D97441,5.0,36.0
CM6023,4.9,44.0
CM6022,4.4,18.0
EH0166,2.4,29.0
EG0429,3.0,39.0
FU8298,1.5,48.0
FV0033,4.2,19.0
CL9987,2.4,21.0
FU8297,3.7,74.0
EF0573,3.1,34.0
EG0755,2.7,58.0
FW1970,3.6,1.0
BD7865,4.0,53.0
EG2211,2.8,31.0
D69234,3.7,31.0
EG2216,3.6,41.0
EG2007,4.8,37.0
CM6029,5.0,29.0
EF2479,2.7,64.0
EE9658,3.6,58.0
CM6028,2.2,45.0
EE7669,2.5,69.0
CM6027,2.2,15.0
EG2009,4.9,68.0
CM6007,1.5,5.0
CL9855,2.5,15.0
EF3504,5.0,22.0
EF0606,2.5,8.0
M20324,4.5,40.0
EG2659,5.0,78.0
FW5445,,
FW3136,3.7,47.0
EH1106,4.9,84.0
EH1943,2.7,50.0
EG0773,4.6,6.0
EG2799,3.8,98.0
EF9919,3.4,81.0
EE4599,3.4,39.0
EF9866,2.6,71.0
EF9908,3.4,62.0
CM6031,4.7,89.0
CM6012,5.0,35.0
EF9926,4.8,21.0
CM6013,4.7,7.0
D96931,3.4,58.0
BB3218,2.7,92.0
EH1875,4.8,55.0
CM6032,0.0,88.0
EG0691,4.4,26.0
G28220,3.9,42.0
FW0525,3.5,48.0
G26934,3.6,68.0
EF3509,1.0,43.0
EF3503,4.9,47.0
EF3505,4.4,30.0
CM6008,2.0,87.0
BC0980,4.6,6.0
EF9924,4.4,89.0
CJ1646-600,0.0,0.0
CT4328-101,0.0,0.0
CI3482-200,0.0,0.0
CD0479-200,0.0,0.0
CZ6156-101,0.0,0.0
CJ6314-146,0.0,0.0
CI0808-100,0.0,0.0
CJ0861-017,5.0,1.0
AT8242-009,2.7,14.0
CK2595-500,5.0,2.0
CD0490-104,5.0,9.0
315115-112,4.5,67.0
AV5186-101,0.0,0.0
CJ0860-668,0.0,0.0
AJ6910-009,4.4,48.0
BQ7043-668,4.4,34.0
CK2608-100,0.0,0.0
921733-104,4.3,16.0
CJ1379-001,0.0,0.0
CT1726-100,0.0,0.0
CT4525-001,0.0,0.0
923112-001,4.2,6.0
BQ3381-600,5.0,2.0
AO2982-076,4.4,22.0
CJ0277-002,0.0,0.0
AQ2730-009,,
CT1030-100,0.0,0.0
CK9671-001,4.0,1.0
BQ4632-602,4.3,4.0
CJ0280-001,0.0,0.0
AR6374-402,4.2,5.0
CU5646-001,5.0,1.0
AR4543-013,4.9,7.0
CI3707-100,0.0,0.0
CQ9500-100,0.0,0.0
CJ1642-002,0.0,0.0
CD0888-002,5.0,3.0
CI3868-001,0.0,0.0
CJ0636-100,1.0,1.0
852542-087,4.8,13.0
CK2351-601,4.9,7.0
BV0657-400,4.7,3.0
AT8000-104,0.0,0.0
554724-066,4.5,61.0
CJ0619-100,0.0,0.0
CJ0592-001,0.0,0.0
CT3867-001,0.0,0.0
CJ0267-001,0.0,0.0
AT7998-104,0.0,0.0
AT7898-104,0.0,0.0
CD5086-500,0.0,0.0
CJ0625-700,0.0,0.0
CT4352-104,0.0,0.0
CD3002-103,5.0,2.0
CD3460-010,4.5,31.0
CD3395-006,5.0,2.0
CQ6569-001,0.0,0.0
AT7997-606,0.0,0.0
CI3708-700,5.0,1.0
CT1104-700,0.0,0.0
CD5007-102,3.0,2.0
AT7995-104,0.0,0.0
BV9977-101,0.0,0.0
CD0200-003,5.0,1.0
BQ3177-100,4.5,47.0
DA4155-400,0.0,0.0
CJ0773-010,0.0,0.0
CQ0912-100,5.0,2.0
CT1099-093,0.0,0.0
CI1718-001,5.0,2.0
CD0490-101,5.0,9.0
AT7980-606,0.0,0.0
BQ3202-011,3.1,8.0
CD0113-400,5.0,1.0
CQ2344-100,0.0,0.0
AO4971-700,3.9,33.0
AV2605-101,3.7,27.0
AA1625-009,4.2,9.0
CK3022-005,,
AO7351-104,2.7,3.0
AJ9515-001,0.0,0.0
AO2434-101,0.0,0.0
CJ0861-010,5.0,1.0
AT1198-401,0.0,0.0
AT7996-606,0.0,0.0
CK2772-101,0.0,0.0
AQ7477-009,2.6,11.0
AQ5707-001,3.9,10.0
BV4584-001,5.0,2.0
CD6721-808,0.0,0.0
AO0566-606,2.8,5.0
AT5410-003,4.5,2.0
BV6348-300,2.6,20.0
CI3703-401,0.0,0.0
AT7946-414,5.0,2.0
BQ5401-001,2.9,12.0
BV7725-500,5.0,3.0
CU7623-002,3.5,2.0
CK5669-400,0.0,0.0
704939-103,4.3,8.0
CD5050-400,4.6,5.0
CK5836-100,5.0,1.0
CI1396-600,5.0,1.0
CD0916-001,5.0,1.0
BV1507-001,4.8,5.0
BQ6623-070,4.4,18.0
CD4156-606,0.0,0.0
CI3831-200,4.0,1.0
AO1741-003,3.7,3.0
AH8050-100,3.8,81.0
CD4159-606,0.0,0.0
CK4363-100,5.0,6.0
CN8490-100,5.0,3.0
CI9921-001,0.0,0.0
AO3269-717,4.0,3.0
CI9367-301,3.5,2.0
AT7960-104,0.0,0.0
AT8179-100,4.4,7.0
AV3866-001,5.0,1.0
AH1015-010,4.0,25.0
AT5293-004,3.1,7.0
AT7949-606,0.0,0.0
AT6395-002,4.0,6.0
CK6357-005,4.3,12.0
AV5555-001,4.3,9.0
310805-137,4.7,223.0
130690-017,4.5,24.0
CT1264-101,4.0,1.0
CK5668-600,0.0,0.0
BQ5427-401,0.0,0.0
AQ7497-300,5.0,3.0
CT4526-100,,
AH7378-801,0.0,0.0
CJ0404-001,0.0,0.0
CI3871-300,4.4,5.0
BQ2728-012,3.9,17.0
CT3110-400,0.0,0.0
CJ0270-601,0.0,0.0
CT8919-700,4.5,2.0
CT1020-001,0.0,0.0
CD5082-001,4.5,2.0
BV5739-500,4.7,3.0
CW4286-100,0.0,0.0
CD0887-201,5.0,3.0
CD5028-900,0.0,0.0
AJ6900-102,3.7,50.0
CI9842-500,5.0,2.0
CI0919-100,4.8,20.0
CK7200-800,0.0,0.0
487754-303,3.9,17.0
AH7249-118,3.0,1.0
CJ9684-001,5.0,2.0
AO0354-108,4.9,8.0
AT2863-100,3.1,54.0
832528-001,4.5,6.0
CD4371-001,4.6,68.0
AQ8830-016,4.1,17.0
AO9819-001,4.4,27.0
AR3863-101,0.0,0.0
CI3706-100,0.0,0.0
AT1369-103,0.0,0.0
AQ1189-009,3.7,31.0
CU5133-600,4.4,7.0
CK9670-100,0.0,0.0
CI5546-100,2.0,2.0
BQ6826-003,4.8,4.0
CU0814-102,4.0,1.0
AV4789-104,4.4,7.0
CJ3312-001,5.0,1.0
AR6631-004,3.8,24.0
BQ6166-003,3.7,31.0
CQ0492-001,4.5,2.0
918193-700,3.6,20.0
AQ0926-001,0.0,0.0
AQ7489-008,3.6,14.0
CD7070-009,4.6,15.0
AH7857-009,4.2,23.0
CT5229-001,0.0,0.0
CJ1300-401,0.0,0.0
880848-005,4.3,105.0
AT8240-003,4.0,30.0
942851-002,3.9,61.0
AR5677-200,4.6,12.0
CI9949-001,,
AJ6959-717,5.0,1.0
415445-102,4.1,94.0
BQ5422-200,4.2,30.0
AT7975-606,5.0,1.0
553558-125,4.6,34.0
AQ0925-002,0.0,0.0
CD6404-800,0.0,0.0
AQ4176-049,3.5,4.0
CT3632-001,0.0,0.0
CK2718-003,4.1,10.0
AO2924-401,4.2,62.0
AR4229-003,4.6,18.0
AQ8306-407,3.4,23.0
CD0881-104,4.7,9.0
CT5342-007,4.8,11.0
CI3705-600,0.0,0.0
AQ7878-003,1.0,1.0
AO0570-810,0.0,0.0
CT5528-001,0.0,0.0
CD7288-001,5.0,1.0
BQ5435-703,0.0,0.0
BV0612-001,3.0,4.0
CD2182-001,3.0,4.0
133000-106,0.0,0.0
CJ0579-400,0.0,0.0
BV0417-401,4.4,12.0
AQ2203-003,3.6,23.0
BV5502-600,5.0,1.0
CD7005-001,5.0,1.0
CD2803-001,4.0,1.0
CJ6971-001,3.7,3.0
AJ7695-100,0.0,0.0
640744-016,4.1,9.0
AQ2568-100,4.5,13.0
CT2007-100,5.0,1.0
CI3866-100,0.0,0.0
CU8861-460,0.0,0.0
AT6107-606,0.0,0.0
CJ0219-400,5.0,2.0
BQ5615-002,5.0,1.0
BQ3448-400,5.0,2.0
BV6344-001,3.7,19.0
CQ6639-001,0.0,0.0
AO2132-401,4.4,5.0
CD4363-103,4.8,5.0
CI3794-600,4.6,5.0
CK4126-001,0.0,0.0
CQ3317-001,0.0,0.0
AA8030-108,3.3,13.0
AO3622-006,0.0,0.0
AT7967-104,0.0,0.0
343881-412,4.3,12.0
AQ4312-107,4.6,23.0
CD0188-101,0.0,0.0
AA7406-006,3.0,6.0
CD0917-300,3.2,5.0
CI2666-400,3.7,11.0
AT5301-003,5.0,2.0
CD2153-001,5.0,1.0
AT7324-001,5.0,1.0
CJ0710-004,0.0,0.0
CK1069-001,0.0,0.0
CT3509-001,0.0,0.0
CD0191-009,0.0,0.0
AT3378-471,4.2,5.0
CD6105-007,0.0,0.0
CD4373-001,4.7,3.0
CD4173-606,0.0,0.0
AV1201-600,5.0,3.0
AV6337-003,4.5,4.0
CN6928-300,4.0,4.0
CD4372-004,4.2,29.0
AT5292-606,2.0,1.0
AQ2456-007,5.0,3.0
CJ0217-001,0.0,0.0
315122-001,4.5,78.0
CK0980-002,0.0,0.0
AR4225-003,4.2,6.0
CT3890-101,0.0,0.0
AT7999-414,0.0,0.0
CD4161-606,5.0,1.0
CD2189-002,4.5,2.0
CD6615-100,5.0,1.0
AO2605-600,0.0,0.0
864348-019,5.0,2.0
BQ5808-100,0.0,0.0
CN5501-046,0.0,0.0
BQ5102-400,4.5,2.0
CJ0588-001,0.0,0.0
BV7774-100,0.0,0.0
CI1694-300,5.0,1.0
631261-035,3.0,5.0
BQ4630-500,4.4,10.0
AT6099-606,5.0,1.0
AT5269-606,0.0,0.0
CN7664-800,5.0,1.0
CD4962-001,5.0,1.0
AO4568-600,4.7,45.0
705265-006,,
CJ0266-001,0.0,0.0
AA1636-406,3.6,10.0
BQ5190-101,5.0,1.0
CT2692-002,4.6,14.0
AO0577-717,0.0,0.0
CU3005-171,0.0,0.0
AA8018-101,4.3,10.0
AV6243-400,4.5,2.0
CT2535-001,0.0,0.0
BQ5430-401,0.0,0.0
AQ0927-100,0.0,0.0
AQ4126-100,4.5,2.0
918194-003,2.5,6.0
AO0578-717,0.0,0.0
CK0986-002,0.0,0.0
BQ5469-703,5.0,1.0
CT5063-100,0.0,0.0
488161-602,3.8,5.0
528895-003,4.4,25.0
CD4570-300,5.0,3.0
BQ3203-007,3.7,18.0
CU3013-070,0.0,0.0
CD6720-808,0.0,0.0
CJ5472-900,5.0,1.0
315123-111,4.5,13.0
849559-004,2.9,71.0
AO3095-100,5.0,2.0
AR8836-009,0.0,0.0
CT5062-100,0.0,0.0
CN2408-001,4.0,3.0
414571-030,3.9,34.0
CJ2586-100,4.4,9.0
BQ5240-200,4.8,4.0
CI1504-100,0.0,0.0
CK2630-700,4.1,18.0
CD5029-001,5.0,1.0
CD0189-001,0.0,0.0
CK1195-101,5.0,1.0
CJ1292-401,0.0,0.0
BQ8928-011,4.1,72.0
BV5841-800,4.0,1.0
CD4387-100,5.0,1.0
BV1712-001,0.0,0.0
BV7106-400,4.7,3.0
AQ2210-002,4.4,19.0
AQ2222-200,5.0,6.0
BQ4430-400,5.0,4.0
CD2717-001,4.3,3.0
943806-602,,
CN2932-100,4.6,8.0
CI9994-001,0.0,0.0
CN6916-100,4.0,6.0
CU2708-901,0.0,0.0
BQ6044-100,3.9,10.0
CD4365-003,4.3,3.0
749571-154,4.2,5.0
CI3835-002,5.0,1.0
CJ1306-401,0.0,0.0
CW6565-900,0.0,0.0
AO1742-004,5.0,4.0
AT6109-606,0.0,0.0
CD4172-606,0.0,0.0
AR4561-200,4.2,42.0
CD0132-001,0.0,0.0
BV1357-003,3.0,5.0
AT3381-008,2.4,5.0
AT7978-414,5.0,1.0
CJ6106-100,5.0,1.0
CK0089-100,0.0,0.0
CT7695-401,4.8,4.0
AO3258-080,4.0,5.0
BQ0129-106,3.5,2.0
AQ0114-101,4.8,6.0
AO1023-005,4.4,10.0
CW4409-100,5.0,1.0
BQ1896-002,4.1,11.0
AO3116-004,3.4,7.0
CI3870-100,0.0,0.0
CI2668-004,4.7,17.0
487471-003,4.2,12.0
CT2584-100,0.0,0.0
AQ5708-201,4.1,13.0
AR5676-401,4.2,9.0
AT6110-004,2.0,1.0
AQ7491-008,2.9,8.0
CI1291-400,5.0,3.0
CN5455-160,4.5,2.0
CD5036-100,5.0,1.0
CQ6278-001,0.0,0.0
CU3459-200,5.0,1.0
BQ3610-100,0.0,0.0
AT5303-100,2.7,3.0
CK2531-001,5.0,5.0
BQ3611-100,5.0,1.0
CV5515-001,0.0,0.0
AQ7487-201,3.8,6.0
AQ1289-003,3.9,25.0
881105-800,5.0,2.0
CI7523-002,,
CT7698-600,5.0,2.0
BQ9665-301,4.4,5.0
BV7766-100,2.7,3.0
832655-001,0.0,0.0
CK2719-400,2.2,5.0
554724-050,0.0,0.0
AO3189-600,3.5,6.0
AQ2731-500,4.4,26.0
AH1016-602,3.4,26.0
AJ6844-007,0.0,0.0
CN3591-002,5.0,1.0
CI1214-004,1.0,1.0
343880-090,4.1,33.0
CQ7731-900,4.6,5.0
CD4366-002,4.8,4.0
CI5646-200,4.8,5.0
CD4573-001,5.0,2.0
BQ5613-001,0.0,0.0
AT8241-002,4.8,12.0
BQ4631-100,0.0,0.0
AQ2567-002,5.0,1.0
844127-108,5.0,1.0
AT7993-414,0.0,0.0
CK3309-001,4.5,2.0
749747-010,1.5,2.0
634835-108,4.5,63.0
366731-100,3.8,4.0
CD3398-063,0.0,0.0
CT5064-001,0.0,0.0
BQ4424-700,5.0,1.0
AV4417-002,4.5,6.0
AO0571-606,5.0,1.0
AT6174-004,4.2,30.0
AR7718-001,3.4,5.0
AQ7488-004,0.0,0.0
AV4126-002,3.0,2.0
CK2085-002,,
CU0675-300,5.0,1.0
618919-031,4.1,8.0
BQ8927-102,4.2,45.0
921826-016,4.3,17.0
CK3314-400,5.0,1.0
BQ3378-002,3.0,1.0
BV7754-001,0.0,0.0
BV0415-300,4.9,17.0
AR5149-005,0.0,0.0
CQ7619-700,0.0,0.0
AQ4174-049,4.3,8.0
AJ1285-101,4.0,9.0
AV6259-500,5.0,5.0
AT5292-004,2.0,1.0
812654-011,4.2,25.0
CT5543-300,4.0,1.0
CU9174-600,5.0,1.0
CJ0509-001,0.0,0.0
CK3312-001,0.0,0.0
CT0624-100,0.0,0.0
CJ9712-001,4.5,4.0
CT1549-001,0.0,0.0
CD0683-600,3.0,1.0
BQ3212-600,4.5,6.0
807471-101,4.5,34.0
AT6175-100,4.6,16.0
AH6789-023,3.9,63.0
AT7996-414,0.0,0.0
922474-001,3.8,15.0
CI3898-200,5.0,3.0
CJ0882-001,0.0,0.0
BQ5467-101,4.0,2.0
AO3267-080,0.0,0.0
AQ7492-010,4.3,12.0
CJ0220-400,5.0,2.0
CQ6566-700,4.7,3.0
AJ4115-060,3.6,20.0
AQ1316-500,4.2,13.0
BV5740-101,0.0,0.0
CJ9681-001,0.0,0.0
AT6817-300,,
CD0431-107,4.7,3.0
AV4052-116,5.0,1.0
CK4122-100,0.0,0.0
AQ7483-001,4.5,2.0
CD8526-446,3.0,7.0
CJ1292-703,0.0,0.0
CI1396-004,5.0,1.0
807471-103,4.5,34.0
CJ1794-600,5.0,2.0
CK6360-001,4.8,5.0
CQ6549-001,5.0,1.0
AR5339-002,4.5,36.0
CD2053-105,5.0,2.0
CI7395-100,0.0,0.0
AT5673-700,0.0,0.0
BV7775-100,5.0,1.0
CI7815-602,5.0,2.0
CJ0818-146,0.0,0.0
CI1289-100,0.0,0.0
CD7287-003,0.0,0.0
AO2607-401,4.0,19.0
AO3424-001,1.0,1.0
BQ5972-001,0.0,0.0
313358-006,4.8,4.0
CI1290-100,5.0,2.0
BV6484-002,0.0,0.0
885118-001,4.6,12.0
BV7099-400,4.5,2.0
BV3387-400,0.0,0.0
849560-001,3.5,18.0
AA7408-008,3.2,15.0
BQ9138-601,5.0,1.0
AV5187-602,5.0,1.0
AA0287-002,3.6,5.0
BV7756-001,5.0,1.0
AR6632-603,3.5,11.0
AA1640-002,4.3,14.0
AA8027-109,4.0,3.0
AR4225-100,4.2,6.0
CD6964-002,4.0,1.0
CN7383-300,0.0,0.0
CI7388-600,5.0,1.0
BV7782-001,0.0,0.0
CK2630-001,4.1,18.0
CN6867-001,0.0,0.0
BQ7978-001,0.0,0.0
844896-002,0.0,0.0
BQ6046-010,3.7,3.0
CT5770-300,5.0,1.0
CU3004-176,0.0,0.0
CI3899-200,4.3,6.0
BV0389-001,0.0,0.0
CQ0989-002,4.0,1.0
CI7379-400,0.0,0.0
CN6881-300,0.0,0.0
CI3869-500,0.0,0.0
AV9370-001,5.0,2.0
BV1134-001,4.0,5.0
CT1531-001,0.0,0.0
AR7410-603,4.8,20.0
BQ5435-401,0.0,0.0
812655-011,4.0,53.0
325213-139,3.6,5.0
AO9820-001,4.1,8.0
AA1626-602,2.7,19.0
AQ8228-102,3.7,10.0
AH7858-010,2.8,11.0
CI1246-302,3.7,3.0
AO7353-105,4.5,2.0
CI3709-001,4.0,1.0
AA8022-107,3.8,4.0
CK3321-100,0.0,0.0
AO3108-018,4.0,13.0
CQ2503-900,4.3,3.0
AR9293-603,4.9,18.0
BV0614-005,3.0,4.0
CQ7620-001,0.0,0.0
BV1021-007,4.7,10.0
CJ0842-600,0.0,0.0
AV9373-002,0.0,0.0
807443-503,3.7,3.0
AO3166-300,5.0,3.0
CI3446-001,5.0,1.0
AR4347-600,1.0,1.0
CI3867-001,0.0,0.0
CQ0278-200,0.0,0.0
AT7968-606,0.0,0.0
BV7757-500,5.0,1.0
CD2722-001,3.3,3.0
AT6100-606,0.0,0.0
CT9155-063,3.0,1.0
CI1236-100,5.0,1.0
AH6799-300,4.0,4.0
CJ9585-600,0.0,0.0
