product_id,last_visited
AH2430,2018-05-19 15:13:00
G27341,2018-11-29 16:16:00
CM0081,2018-02-01 10:27:00
B44832,2018-09-07 20:06:00
D98205,2019-07-18 15:26:00
B75586,2019-01-30 12:09:00
CG4051,2019-03-22 16:36:00
CM0080,2019-03-10 01:46:00
B75990,2018-05-29 08:16:00
EE5761,2019-11-29 17:22:00
EE4553,2018-06-26 23:34:00
EF9315,2019-01-11 09:57:00
F35281,2019-03-06 14:49:00
EF9220,
EG0000,2019-07-14 04:47:00
B44889,
CL7417,2018-01-29 10:02:00
CL7408,2018-05-22 02:28:00
B43601,2019-12-11 20:21:00
EE8245,2018-12-17 04:17:00
EE8042,2019-11-15 13:40:00
CL7429,2020-02-10 13:54:00
CL7370,
EE9946,2019-12-06 00:47:00
CK9741,2019-06-02 17:23:00
CL7363,2018-11-18 02:27:00
CL7372,2018-05-22 14:19:00
CL7430,2019-10-15 17:42:00
F34485,2019-11-06 00:34:00
CL7365,2018-02-14 22:21:00
CL7373,2020-04-10 01:10:00
CL7364,2018-02-22 23:54:00
CL7374,2019-11-11 18:49:00
EE8167,2018-01-11 08:51:00
CL7410,2019-03-05 16:26:00
CL7401,2018-03-14 00:47:00
EE8219,2019-06-07 17:12:00
CL7402,2018-07-26 06:40:00
EE9929,2018-12-07 00:42:00
EE8221,
EE8224,2018-08-26 01:19:00
EE9941,2018-01-17 01:47:00
EE8522,2020-01-05 03:38:00
EE9932,2020-02-15 13:43:00
EE8375,
EE9798,2018-06-27 00:53:00
EE8502,2019-01-16 00:33:00
EF0450,2020-01-08 11:57:00
CL7375,2019-05-10 12:26:00
EF0446,2019-01-24 07:22:00
EF0529,2018-05-17 13:11:00
EE9940,2018-03-29 16:02:00
EE4954,2020-03-19 02:30:00
G27996,2019-08-10 08:32:00
CL4156,2020-04-12 07:09:00
EE4893,2018-06-27 20:38:00
EE9937,2019-11-20 21:23:00
G27649,2018-11-05 18:12:00
EE9797,2020-02-21 04:01:00
CI9914,2018-08-09 05:06:00
EE8252,2018-06-18 19:23:00
CK9664,
EE8501,2018-08-14 19:24:00
CL7602,2019-04-10 22:45:00
CL7494,2020-04-08 00:27:00
EE7923,2018-06-20 18:47:00
EE5566,2019-09-19 14:58:00
CI1821,
CJ0082,2019-05-05 13:56:00
CJ8062,2019-05-18 04:46:00
EE6038,2018-04-16 23:48:00
CM0068,2019-01-18 01:16:00
CK9830,2018-10-10 23:22:00
CJ0080,2019-09-24 18:44:00
EG4957,2020-01-18 08:57:00
BD7438,
B75579,2019-02-01 16:49:00
CM0057,2020-01-15 07:13:00
CL0206,
CJ8058,2019-10-21 15:54:00
BZ0086,2019-07-05 15:23:00
CJ8117,2020-04-08 05:43:00
CJ8073,
CL7551,2018-08-06 16:32:00
AC8122,2019-02-21 12:08:00
CM8453,2018-10-05 13:01:00
EE3625,2018-09-12 13:20:00
CM0031,2018-01-24 11:32:00
EE7697,2019-12-27 02:23:00
F36159,2019-08-05 04:46:00
F35028,2018-12-24 14:02:00
AC7042,
CJ8053,2019-02-02 21:47:00
BC0836,2018-10-02 11:17:00
F35275,
CJ8115,2019-11-07 08:10:00
CJ8089,2019-12-20 05:48:00
EE6128,2019-06-12 17:01:00
CJ8118,2018-07-05 09:01:00
CL7328,2019-02-05 03:46:00
CL7470,2018-10-23 12:53:00
CL7541,2019-10-02 00:32:00
CL9928,2019-01-20 01:59:00
CM0045,2019-03-21 23:29:00
CL7599,2018-09-24 09:44:00
CM0069,2018-05-24 12:24:00
CL7511,2020-01-03 01:36:00
CL7552,2019-12-22 22:19:00
EE9816,2019-09-23 05:52:00
CL7545,2019-10-17 14:28:00
EE5060,2018-07-25 21:27:00
F36718,2018-11-28 15:15:00
CL9927,2020-02-19 00:40:00
CL7285,
CL7471,2020-01-14 16:44:00
B96360,2019-01-02 15:17:00
EE5778,2018-05-07 12:14:00
EE4519,2019-01-24 00:47:00
EE4504,2018-10-13 23:47:00
EE4697,2020-01-26 17:05:00
CM0044,2018-08-19 08:41:00
EE6045,2018-12-06 14:10:00
CG6091,2018-04-26 03:41:00
G27834,2020-02-19 08:34:00
CL7598,2018-07-19 03:30:00
EE4709,2018-05-21 02:46:00
EE4948,2019-06-04 23:22:00
EE9671,2018-04-18 04:46:00
EE7046,2019-01-18 01:16:00
EF0451,2018-12-22 00:09:00
EE4561,2019-09-04 10:15:00
CL7601,
CL7330,2018-08-17 23:46:00
CM6625,2018-04-26 12:54:00
FV3395,
EF9317,
EF4954,2018-07-29 08:24:00
EE7104,
FV4070,2019-10-21 19:51:00
FV3918,2019-10-28 07:13:00
EE5055,2018-10-15 08:42:00
CM6626,2018-08-28 13:53:00
CQ2030,2018-01-22 08:11:00
EE5292,2018-02-28 11:34:00
BD8041,2019-06-01 00:34:00
B37719,2018-12-12 12:22:00
EE4505,2018-12-03 12:26:00
CM0072,2019-01-10 12:53:00
EF0795,2018-02-10 18:17:00
EE5875,2020-02-10 06:00:00
EE4947,2019-10-09 10:17:00
CM6627,2019-03-10 04:24:00
CQ2039,2018-04-07 22:33:00
CG6193,2018-02-07 19:11:00
S82260,2019-12-31 07:46:00
EE4945,2018-02-20 23:11:00
EE7155,2019-01-30 14:47:00
B44846,2019-10-13 07:46:00
EE6044,2018-07-02 20:27:00
EH0192,2019-12-31 18:18:00
EE7045,2019-10-27 12:47:00
CL7646,2018-05-18 10:15:00
CL7346,2020-03-06 18:15:00
EE5777,2019-12-09 09:06:00
AQ1210,2019-08-16 02:47:00
EF5925,2020-02-03 04:09:00
EE7032,2019-07-01 20:32:00
EE7708,2018-09-16 05:33:00
AQ1119,
F34311,2019-06-08 23:29:00
CL7645,2018-09-07 04:18:00
EE5089,2019-05-05 02:05:00
CL7565,2020-02-13 23:32:00
G27727,2018-11-16 10:57:00
B44697,2018-10-27 01:09:00
CL7400,2019-12-09 06:28:00
CL7437,2018-10-18 15:42:00
CL7563,2018-10-24 09:57:00
CL7460,2018-06-13 07:43:00
CL7507,2019-06-19 21:30:00
CM0061,2018-07-24 20:26:00
F34308,2018-07-06 11:21:00
CL7506,2019-04-06 05:31:00
CL7344,2018-10-20 08:31:00
EE5318,2018-01-02 12:52:00
CL7564,2018-04-29 18:35:00
CL7439,2020-03-27 10:38:00
CL7345,2018-07-16 20:12:00
CL7644,2019-09-29 01:26:00
CL7438,2019-12-12 21:22:00
CK9843,2019-02-06 04:47:00
EE8738,2019-07-31 06:16:00
CL7576,2018-12-26 13:26:00
CL7482,2018-08-30 23:49:00
EE6129,2019-12-06 04:44:00
EG3290,2019-03-19 04:20:00
CL7467,2019-02-22 05:15:00
EF1426,2019-04-05 11:05:00
CL7264,
CL7472,2019-01-22 19:49:00
CL7560,2019-03-04 06:12:00
EE4574,2018-03-17 06:28:00
CL7445,2019-05-30 06:26:00
CL7404,2020-01-14 06:12:00
CL7515,
EE4763,2019-02-07 00:32:00
CL7616,2019-08-17 16:58:00
CL7591,2018-08-03 02:57:00
CK9831,2020-03-21 17:42:00
EF2508,2019-12-20 13:42:00
CL7495,2019-10-26 23:37:00
EE5592,2019-03-26 12:46:00
EE5398,2019-05-09 14:03:00
EE5304,2019-05-27 17:52:00
EE7242,2018-11-24 07:14:00
CM0064,2018-06-03 23:53:00
EE7885,2019-10-24 17:38:00
CM0049,2018-03-17 15:41:00
CL7548,2019-06-01 03:12:00
CK1088,2018-04-27 07:20:00
CL7263,2020-03-09 01:33:00
CL7483,2020-03-24 06:16:00
F34340,2018-04-12 03:56:00
CL7590,2019-03-19 06:58:00
CM0030,2018-03-24 00:25:00
CL7468,2018-09-13 07:46:00
EE8076,2020-03-16 23:09:00
CM5955,2019-07-03 12:02:00
B44870,2020-02-15 18:59:00
CL7265,2019-01-20 13:50:00
CL7484,2019-11-24 17:33:00
CL7537,2019-01-27 23:35:00
EE8088,2019-01-10 15:31:00
CL7577,
CM0058,2019-08-23 03:19:00
EE7698,2020-03-08 18:58:00
CM0009,2019-08-26 06:22:00
EE7884,2020-01-07 12:15:00
F36922,2018-09-11 08:22:00
DB3114,2019-02-24 03:20:00
F36217,2020-02-05 16:43:00
EE8272,2019-06-18 03:22:00
CL7538,2018-07-04 02:44:00
EF0695,2019-10-13 03:49:00
DB3599,2018-11-18 03:46:00
CL7321,2019-05-28 22:50:00
DB2117,2018-03-23 09:56:00
EE4698,2019-12-18 20:53:00
B28166,2018-04-05 08:40:00
DB3259,2020-02-24 22:52:00
EE5534,2019-09-18 06:03:00
EF0811,2018-05-23 02:10:00
CK9723,2019-09-06 04:23:00
CL7322,2019-02-09 18:22:00
CG6021,2018-01-21 07:10:00
CG6188,2018-06-29 22:40:00
BD7685,2018-02-09 06:44:00
BD7475,2018-08-23 16:42:00
EF9226,2019-07-31 19:26:00
F34668,2018-11-26 23:45:00
EE8257,2019-03-07 15:50:00
B37973,2019-04-03 16:57:00
EE7068,2019-09-28 01:44:00
EH1363,2020-01-07 08:18:00
EE5772,2018-08-29 17:32:00
CG6104,2019-11-18 20:40:00
EF2437,2018-12-14 06:30:00
CM0070,2020-03-05 18:33:00
D96760,2019-01-26 22:34:00
CM0077,2019-01-27 07:47:00
CM0091,2019-05-14 23:05:00
CL7550,2019-10-17 10:31:00
F36675,
EF1065,2019-06-07 06:40:00
EH1361,2018-03-23 02:02:00
CL0243,2020-02-21 00:04:00
CG6177,2020-04-01 20:59:00
FV3288,2019-06-17 20:47:00
EE4949,2019-11-27 07:26:00
BB2344,2018-06-22 10:17:00
EE6080,2018-08-04 06:36:00
EE6047,2019-10-28 01:57:00
EF0078,2018-06-19 07:14:00
EE5565,2019-10-11 22:51:00
EF4965,2018-11-08 08:05:00
EE4946,2018-07-15 04:42:00
B37090,2020-02-02 00:30:00
F36516,2018-07-27 15:35:00
DB3112,2018-07-24 05:57:00
EH1366,2020-03-01 22:23:00
CG6164,2019-06-08 09:00:00
EE4959,2018-10-04 02:47:00
EF2438,2018-03-29 02:52:00
F35567,2019-10-09 10:17:00
EE8165,2018-02-01 10:27:00
EE5846,2019-02-11 03:17:00
F34846,2018-09-27 03:34:00
B41663,2019-02-20 12:26:00
CK9690,2018-10-13 10:37:00
EE7927,2020-01-25 12:07:00
CK9688,2019-05-19 21:35:00
CK9424,2018-02-23 17:01:00
CK9430,2018-08-12 23:57:00
CG6228,2019-11-22 10:15:00
DB3600,2018-04-07 14:39:00
EE9892,2018-02-28 15:31:00
CL7461,2019-07-18 12:48:00
CK9678,2018-02-13 00:16:00
CK9696,2019-03-12 06:26:00
CK9695,2020-01-10 07:24:00
CK9683,2019-07-31 01:00:00
CK9692,2018-08-16 10:54:00
EE7919,
CL7517,2019-07-29 16:05:00
CK9698,2019-11-16 05:28:00
CK9418,2020-03-30 18:57:00
EF0322,2019-09-17 14:15:00
CK9427,2018-03-04 14:19:00
EF0437,2018-01-24 04:57:00
EF0435,2019-03-15 17:23:00
CJ8090,2019-07-31 19:26:00
CL7542,2019-02-27 07:42:00
CL7311,2018-08-08 17:15:00
EE8028,2018-03-05 12:42:00
CL7398,
CL7306,2019-01-08 00:19:00
CK9697,2018-09-08 17:10:00
CI9915,2018-04-08 02:30:00
CK9590,2019-08-23 12:32:00
CL7458,2018-10-20 23:00:00
CI9913,
CL7459,2018-02-27 01:20:00
CI9991,2018-09-11 21:32:00
F36996,2018-05-27 15:27:00
CJ7974,2019-04-06 05:31:00
CL7588,2018-02-03 20:23:00
CL7407,2019-10-12 14:39:00
CL7406,2018-10-16 16:18:00
CK9420,2019-12-11 13:46:00
CL7389,2019-07-18 07:32:00
CL7516,2018-02-08 22:50:00
CI9989,2019-05-01 08:33:00
CL7405,2018-12-29 02:00:00
CL7473,2018-11-19 21:54:00
CJ8110,2018-07-16 10:59:00
CJ8019,2018-03-15 05:45:00
CK9604,2020-02-15 17:40:00
CK9431,2020-02-08 21:05:00
EE7289,2018-12-28 04:56:00
B75580,2019-09-29 15:55:00
CK9432,2018-04-06 09:41:00
EE4925,2019-10-25 09:26:00
EE4953,2020-01-14 20:41:00
CL7469,2018-08-24 05:52:00
EF8858,2019-09-07 21:12:00
EF9219,2020-01-26 18:24:00
CL7513,2019-05-02 21:25:00
EE7098,2018-01-04 00:25:00
CL7425,2020-04-07 09:58:00
CL7508,2018-08-29 07:00:00
EE7292,2018-12-04 18:43:00
CL7589,2019-01-18 17:04:00
CJ8061,2019-05-07 17:17:00
EE5847,2020-03-02 02:20:00
CK9686,2018-08-13 17:04:00
EE4567,2018-11-19 20:35:00
EE5585,2018-09-11 18:54:00
B96519,2019-03-14 16:22:00
B96563,2019-05-01 05:55:00
CL7547,2018-10-26 01:27:00
EE4563,2019-02-05 03:46:00
CK9714,2019-10-10 20:31:00
F36475,2018-01-06 23:31:00
FV8794,2018-09-14 03:31:00
EE5177,2019-03-07 11:53:00
CL7582,2019-01-12 16:14:00
F36339,2018-01-11 02:16:00
EF1963,2020-01-23 11:24:00
F34442,2020-02-27 08:48:00
EE9933,2019-11-04 01:10:00
EE6090,2019-11-17 06:29:00
B75583,2018-12-12 03:09:00
EE7922,2018-11-30 17:17:00
EE5081,2019-06-27 23:03:00
EE4678,
CM0076,2019-12-29 20:13:00
B28156,2018-10-12 01:42:00
EF0527,2019-01-15 00:51:00
EE4566,
EE8302,2019-09-17 23:28:00
CM0075,2019-02-16 00:28:00
EF0152,2019-07-07 21:22:00
CM0093,2018-10-08 00:16:00
F36218,2018-06-11 05:41:00
CM0083,2018-07-13 10:34:00
CM0078,2018-03-28 15:01:00
CM0079,2018-04-10 13:45:00
CM0074,
CM0073,2018-08-14 22:02:00
CM0092,2019-02-25 21:28:00
EG8672,2020-01-29 17:30:00
EG8480,2018-05-26 09:10:00
EG3148,2018-10-29 07:08:00
CM0082,2019-09-21 13:03:00
EG3185,2018-02-05 06:37:00
EG4006,2019-08-29 12:03:00
EG4007,2018-09-29 22:43:00
EH1178,2019-03-06 18:46:00
EG4316,2018-09-07 02:59:00
EG3253,2019-10-15 04:32:00
EG4314,2019-03-06 06:55:00
EH1379,2019-07-02 21:33:00
EH2586,2020-01-04 19:44:00
EG3698,2019-10-11 13:38:00
EH0165,2018-07-11 04:35:00
EH1211,2019-11-14 21:52:00
CK9665,2020-02-21 04:01:00
CK9663,2018-12-23 03:48:00
EG3953,2019-04-28 13:24:00
EG4176,2018-11-24 13:49:00
CI9916,2020-02-03 06:47:00
EG4175,2018-07-14 20:48:00
EG4004,2019-02-06 11:22:00
CJ8068,2018-10-09 03:55:00
CK9681,2019-04-12 23:28:00
EE9731,2019-07-12 08:01:00
CK9591,2019-04-22 17:50:00
CK9648,2019-09-03 23:43:00
CK9602,2019-06-26 16:46:00
F34491,2019-10-31 20:48:00
CK9693,2020-02-06 04:34:00
CJ8013,2019-08-12 02:40:00
CL7567,2018-05-16 10:51:00
CK9694,2019-10-23 00:49:00
CL7604,2018-04-14 20:27:00
CL7488,2020-02-06 08:31:00
CK9436,2018-10-31 22:20:00
CK9592,2019-02-12 14:50:00
CL7366,2019-07-08 03:57:00
CK9661,2019-04-18 09:49:00
CK9650,2019-08-26 20:51:00
CL7415,2020-01-20 08:21:00
CL7626,2018-09-28 03:16:00
CJ7990,2018-03-08 22:20:00
CL7534,2018-08-06 19:10:00
CL7413,2019-05-31 02:11:00
CK9500,2018-08-31 16:56:00
CL7369,2018-06-26 19:37:00
EE8156,2020-02-04 14:23:00
CL7607,2019-06-09 20:33:00
CL7385,2019-10-16 23:59:00
EE9856,2019-02-16 03:06:00
EE8260,2018-11-08 00:11:00
EE8448,2019-03-15 12:07:00
EE8181,2020-02-29 08:12:00
CK9682,2019-07-15 20:17:00
CL7377,2018-10-21 01:38:00
CL7605,
EE9734,2019-06-05 04:38:00
EF1053,2019-09-30 10:21:00
EE7925,2018-02-12 09:47:00
CL7614,2018-06-03 08:05:00
EE9847,2019-07-24 08:22:00
EG3289,2018-12-28 14:09:00
CL7615,2018-05-12 17:19:00
CL7276,2018-10-10 04:56:00
CL7453,2020-01-02 21:39:00
CL7329,2019-10-14 12:44:00
CL7387,2018-08-13 14:26:00
CM4762,2019-01-02 17:55:00
CM4984,2020-02-28 05:52:00
CM4691,2020-01-28 12:32:00
CM4826,2020-02-01 10:01:00
CM0015,2019-01-23 12:56:00
EE8603,2018-09-15 15:04:00
CL7496,2018-09-08 17:10:00
EE8444,2018-05-18 10:15:00
CM4827,2018-11-27 12:55:00
CM0014,2019-05-21 13:05:00
CM4737,2019-08-07 08:07:00
EF0440,2018-05-09 11:38:00
EE9748,
EG4223,2018-05-08 09:18:00
CM0013,2018-05-15 08:31:00
B44880,2018-07-08 21:17:00
F34876,2019-11-07 21:20:00
EE8836,2018-04-06 04:25:00
EF0523,
EH1858,2018-09-20 09:37:00
EG3821,2020-02-13 11:41:00
EF4458,2020-02-14 19:17:00
EG3291,2018-04-24 12:11:00
EF5928,2018-10-15 08:42:00
EH1859,2020-01-10 21:53:00
CM4828,2018-01-06 05:05:00
EG3295,2020-03-23 13:09:00
CM4985,2018-06-02 04:26:00
CM4964,
CM4690,2018-03-24 17:32:00
EF4970,2019-02-20 09:48:00
CM0010,2019-06-10 22:53:00
EF6877,
FW6635,2018-08-20 14:58:00
CM4760,2019-03-02 17:20:00
DB3258,2020-03-16 21:50:00
EF4375,2018-02-13 08:10:00
EE7159,2018-03-07 02:53:00
CM4983,2018-09-12 18:36:00
EE8925,2018-06-10 19:09:00
G27722,2019-05-24 01:39:00
EG2012,2019-12-18 20:53:00
EG9825,
EF4966,2019-02-02 20:28:00
EH1389,2019-05-12 10:31:00
EG9824,2019-04-10 00:22:00
EF6058,2018-12-29 03:19:00
EF6508,2019-03-11 18:35:00
EG5475,2018-04-21 17:02:00
EF5320,
EF5642,
EE7160,2019-10-30 19:47:00
EF5547,2018-12-29 19:07:00
EG7753,2019-12-15 00:43:00
EF5549,2019-02-03 12:16:00
EF5314,2018-05-12 23:54:00
EF4933,
EG9829,2018-04-24 05:36:00
EG7876,2018-12-02 15:22:00
EF4935,2019-08-08 05:11:00
EF4983,2018-03-27 12:41:00
EG9053,2019-08-16 09:22:00
EF4374,2019-03-02 13:23:00
EH3522,2019-09-16 17:11:00
EG0576,2018-02-05 07:56:00
EF6507,2018-05-06 04:38:00
EF5386,2018-12-31 19:50:00
CL7520,2018-10-14 06:22:00
EG0578,2019-09-18 19:13:00
EG6920,2019-01-06 21:59:00
EG6846,
EE9854,2018-06-13 22:12:00
CL7456,2019-10-18 10:13:00
EE9733,2018-10-01 14:13:00
CL7333,2019-11-07 09:29:00
EE9729,2019-09-22 02:13:00
EG6845,2018-08-04 22:24:00
EE8202,2019-10-20 04:21:00
CL7361,2019-01-09 17:08:00
EE8265,2018-12-05 22:22:00
EE8604,2019-02-04 23:49:00
EF1052,2020-02-01 03:26:00
EF1051,
EE9732,2018-07-02 03:20:00
EF0433,2018-05-24 12:24:00
EE9895,2018-05-11 11:02:00
EE8128,2019-01-14 06:25:00
EE7928,2019-08-12 05:18:00
EE9266,2019-10-02 12:23:00
CL9915,2019-03-10 07:02:00
CL7533,2018-05-15 00:37:00
CM0012,
CM0032,2018-03-17 17:00:00
EE8200,2019-04-28 06:49:00
CL7332,2019-04-18 19:02:00
F37008,2018-10-21 02:57:00
EE9728,
B75581,2020-03-27 09:19:00
F34851,2018-01-05 22:30:00
EF0434,2019-09-26 02:20:00
CM0008,2019-07-15 07:07:00
CL7487,2018-08-02 11:09:00
EE8212,2020-01-03 06:52:00
CL7465,2020-03-01 09:13:00
EE9758,2018-06-06 13:46:00
CL7334,2019-11-17 22:17:00
EE9735,2020-03-05 01:26:00
CL9925,2019-01-15 03:29:00
F34820,2019-10-10 20:31:00
CM0023,2019-09-24 10:50:00
EF0584,2018-04-21 07:49:00
CL7307,2018-03-07 10:47:00
BB7066,2019-03-06 13:30:00
CM0033,2018-05-08 17:12:00
CL7443,2018-10-22 06:36:00
CL9962,2018-09-01 08:44:00
CK9685,2018-10-05 05:07:00
CJ7959,2019-05-02 05:37:00
CL7546,2020-01-23 11:24:00
CL7286,2018-01-30 11:03:00
CJ8018,2018-01-14 22:26:00
CK9447,2020-03-18 22:33:00
B96555,2019-02-20 15:04:00
G28939,2019-02-01 15:30:00
FV3428,2020-01-03 06:52:00
FV3289,2019-07-15 20:17:00
CK9528,2018-02-02 18:03:00
CK9603,2019-02-10 02:16:00
CL7566,2018-02-19 09:00:00
FV3671,2018-01-01 19:45:00
FV3335,2019-05-20 02:51:00
FV3675,2019-09-04 23:25:00
EG8690,2018-08-12 16:03:00
F36642,2019-10-19 11:14:00
CG4045,2018-02-11 10:05:00
CL7633,2019-12-18 05:05:00
FV3334,2018-06-11 20:10:00
FV3361,
EG5345,2018-12-26 18:42:00
FV3353,2019-12-12 21:22:00
FV3187,2019-04-03 05:06:00
FV3631,2019-08-26 20:51:00
FU7134,2019-03-13 04:49:00
FV3374,2018-06-22 11:36:00
FV3336,2019-08-12 07:56:00
FU9352,2019-08-28 17:37:00
FV3327,2018-03-27 03:28:00
FU9350,2020-03-12 20:24:00
FW1646,2019-11-15 00:30:00
FV3186,2018-04-21 15:43:00
FV3294,2019-02-02 20:28:00
FW9618,2020-03-23 07:53:00
FV3352,2019-01-05 09:07:00
FW1647,2019-10-11 11:00:00
FW8423,2018-08-01 08:49:00
EE6822,2020-04-06 02:22:00
FV3290,2019-08-30 03:51:00
FV3305,
EE8081,2018-08-16 08:16:00
B37680,2019-01-08 16:07:00
CG6270,2018-11-15 23:06:00
CQ2031,
CG6037,2019-05-19 03:09:00
EF3539,2018-10-16 21:34:00
EE4919,2020-04-11 10:05:00
FU9349,2019-11-18 06:11:00
CL9960,2020-02-14 06:07:00
EF0091,2018-12-26 02:54:00
CL9968,
F33805,2020-01-08 09:19:00
EE6031,2019-03-12 19:36:00
BC0033,2018-06-21 23:45:00
EE7030,
EE4923,2019-06-13 18:02:00
EE6089,2019-10-07 01:40:00
EE6108,
CQ2460,2018-06-16 14:43:00
B37681,2018-03-06 17:40:00
CQ2035,2019-12-13 05:16:00
CG6618,2018-11-09 01:12:00
FV3667,2018-05-11 09:43:00
CQ2044,2018-04-13 23:23:00
FW9617,
CM4692,2019-09-09 19:17:00
B44619,2019-10-13 19:37:00
CP9514,2018-05-19 12:35:00
FV6058,2018-12-19 15:32:00
G27720,2018-01-09 04:11:00
CQ2333,
FV6057,2018-12-11 15:18:00
FV6056,2020-03-06 20:53:00
EE5521,2019-11-29 02:53:00
B37974,2019-09-23 20:21:00
BD7575,
EE7026,2018-12-09 13:16:00
EE6256,
CM4548,2018-10-28 03:29:00
G54050,2018-04-10 13:45:00
CI1741,2018-02-05 11:53:00
EE6660,2019-04-21 02:20:00
EE7243,2019-08-31 23:18:00
EE6668,2018-01-17 17:35:00
EE5086,2018-01-17 11:00:00
CM0027,2018-03-02 03:04:00
EF8973,2018-01-14 05:19:00
G28940,2018-06-30 14:28:00
CJ8059,2018-01-05 01:26:00
CI9941,2018-08-20 12:20:00
CL4158,2020-03-20 10:06:00
BB3293,2019-06-29 02:42:00
EE5640,2018-05-09 07:41:00
CM0063,2019-09-08 13:00:00
CL9946,2020-02-14 17:58:00
CM0071,2019-12-12 22:41:00
CM0051,2018-04-18 16:37:00
CM0087,2019-08-16 05:25:00
CM0048,2019-09-10 09:46:00
CM0062,2018-07-13 10:34:00
G28449,2018-06-21 00:03:00
CM0086,2019-02-16 04:25:00
CL7643,2019-05-17 06:23:00
CM0067,2018-07-21 01:35:00
CL7559,2019-05-17 05:04:00
CJ7994,2019-08-24 05:39:00
CM0059,2020-03-21 09:48:00
CL7462,2018-02-09 02:47:00
CK9680,2018-10-04 08:03:00
CM0024,2019-03-12 11:42:00
CL9924,2019-12-28 09:59:00
F34564,2018-11-21 14:43:00
CJ7972,2019-08-24 01:42:00
CL7283,2018-06-29 06:52:00
CK9465,2020-03-19 07:46:00
EE9514,2018-06-30 13:09:00
CM0047,2018-04-24 14:49:00
G27026,2019-11-10 17:48:00
F36338,2019-12-12 05:34:00
CJ8077,2019-09-14 15:09:00
CM0028,2020-02-16 13:25:00
CL9939,2019-10-26 22:18:00
CM0056,2018-05-07 09:36:00
CL9916,2019-08-12 06:37:00
CL9950,2019-03-06 04:17:00
EE9973,2020-01-14 02:15:00
CL7359,2020-03-11 15:26:00
BB7614,2018-05-02 15:03:00
CL9965,2018-06-14 21:54:00
CQ1176,2019-06-16 05:17:00
CL9913,2018-06-29 13:27:00
EE8115,
EE7497,2019-11-18 23:18:00
F97209,
EE8114,2018-12-19 02:22:00
CM0046,2019-08-16 06:44:00
EF0133,2018-07-17 10:41:00
EE9969,2019-09-07 01:27:00
EG8062,2020-03-08 12:23:00
EE9867,2018-12-27 17:05:00
EE6187,2018-01-25 21:46:00
EF1037,2019-03-11 21:13:00
EE9833,2020-02-28 11:08:00
EE9835,2018-12-07 02:01:00
B96508,2019-09-28 09:38:00
AQ1136,2019-05-06 07:03:00
CQ2029,2018-12-17 16:08:00
EE9862,2018-05-25 02:53:00
EE8325,2019-01-21 03:00:00
BY2976,2020-03-17 13:38:00
EE9970,2018-06-08 07:54:00
EE9840,
EF0130,2019-12-16 16:13:00
F34882,2018-09-24 13:41:00
CQ2042,2020-02-12 13:18:00
B37538,
EF0135,2018-09-17 02:37:00
AQ1141,2018-08-23 11:26:00
BD8017,2019-05-10 05:51:00
EF1036,2019-01-03 03:08:00
FV3914,2018-03-18 20:39:00
B28041,2019-10-10 04:43:00
B37534,2018-10-03 04:24:00
EF1899,2018-10-01 05:00:00
EE5615,2019-01-13 18:34:00
CQ2034,2019-03-06 04:17:00
EF4457,
CQ2530,2018-09-06 20:24:00
EE8220,2019-12-31 11:43:00
EE5182,2018-12-31 09:18:00
AW4212,2018-03-05 17:58:00
CG6025,2018-10-03 18:53:00
EE5175,2019-07-15 05:48:00
CG6142,2018-10-16 11:02:00
EE5917,2019-06-19 09:39:00
EE5567,2019-09-06 01:45:00
DA8966,2019-05-19 01:50:00
EE4679,2018-01-13 20:06:00
F34751,2019-04-29 03:53:00
EE4682,2019-02-26 18:32:00
F36389,
CK9720,2018-09-24 22:54:00
CG3527,2018-03-16 15:59:00
EF3533,2018-01-24 18:07:00
CK9728,2019-09-30 20:53:00
BB7218,2020-03-24 14:10:00
BB2270,2019-06-01 13:44:00
BB7235,2020-01-31 02:25:00
BB7231,2018-12-01 07:46:00
BB7219,2018-03-31 00:57:00
CL4155,2019-03-02 08:07:00
EE5876,
EE5303,
EE4938,2019-08-20 06:51:00
EE5179,2019-02-26 01:25:00
BZ0632,2018-05-05 10:12:00
CM4550,
CL9934,2019-11-01 20:30:00
CL7379,2018-12-23 01:10:00
CL9919,2019-07-07 10:50:00
G27860,2018-03-04 01:09:00
CJ3412,2018-11-10 20:39:00
CL7631,2018-04-25 07:56:00
CL7273,2020-01-23 14:02:00
CL7630,2019-01-06 21:59:00
EE9848,2018-06-13 19:34:00
CL7617,2019-04-28 04:11:00
BB9775,
CL7536,
B37343,2018-08-25 16:06:00
G28225,2020-01-09 03:45:00
DB3539,2019-12-30 12:01:00
G26777,2019-06-13 21:59:00
CJ0081,2019-10-25 19:58:00
EE8333,2019-10-08 18:29:00
CQ1175,2019-12-26 09:16:00
DA9306,2019-03-03 23:37:00
F36163,
CL7411,2018-10-10 07:34:00
CL7444,2019-01-15 10:04:00
EE7879,
EE9676,2020-01-19 11:17:00
EE7600,2019-07-21 01:22:00
EF0128,2019-08-25 05:21:00
EG3489,2019-06-29 06:39:00
CM4733,2019-08-05 02:08:00
CM0025,2018-08-19 23:10:00
CM4734,2018-03-17 18:19:00
CM4736,2018-06-12 21:11:00
CM4865,
CM4909,2019-02-18 02:30:00
CM4664,2018-05-17 09:14:00
CM4798,2020-02-23 06:03:00
CM4972,2019-11-25 02:46:00
EG8063,2019-08-24 13:33:00
CM4799,2019-04-04 00:51:00
CM4665,2019-01-25 05:45:00
CM4908,2019-07-18 08:51:00
CM4666,2020-01-31 19:32:00
CM4973,2019-02-10 10:10:00
CM4632,
CM4647,2018-09-02 00:32:00
CM4868,2019-06-05 11:13:00
CM4646,2018-06-21 07:57:00
CM4718,2019-01-29 19:02:00
CM4693,2019-06-29 19:49:00
CM4904,2018-08-26 02:38:00
CM4774,2018-12-22 00:09:00
CM4617,
CM4935,2019-03-12 05:07:00
CM4755,2019-09-18 23:10:00
EF1224,2018-06-27 16:41:00
D96450,
CM4618,2019-07-17 06:31:00
AQ0886,
B28068,2019-09-25 11:51:00
CQ2618,2019-06-17 20:47:00
CM4694,2019-09-15 03:00:00
FV4049,2019-03-11 00:09:00
G27721,2019-07-21 07:57:00
BD7791,2019-06-26 06:14:00
AQ1220,2018-07-25 14:52:00
FV4329,2020-02-09 10:15:00
FV4057,2018-02-22 23:54:00
FV4044,2019-08-03 00:06:00
FV4325,2019-10-19 02:01:00
FV4331,2019-03-18 15:10:00
FV4359,2018-10-17 09:25:00
FV4319,2019-03-12 11:42:00
FV3700,2019-08-23 02:00:00
FV4318,2018-01-23 22:22:00
CG6130,2019-08-10 03:16:00
CG4050,2020-01-17 10:34:00
FV4330,2019-07-18 18:04:00
FV4317,2018-05-23 16:39:00
DB0444,2018-07-14 01:03:00
F36255,2019-08-01 19:08:00
B96474,2018-02-02 04:53:00
B37530,2018-10-06 14:02:00
B37528,2019-09-13 03:36:00
FV4350,2018-05-17 00:01:00
B44830,2018-05-17 18:27:00
B37942,2019-09-29 18:33:00
B96551,2018-01-26 00:24:00
B43884,2018-01-20 11:25:00
B75587,2020-03-21 22:58:00
F36513,2019-04-18 07:11:00
F34341,2019-03-10 04:24:00
D96552,2020-02-20 06:57:00
D98204,2019-09-13 04:55:00
G26782,
EE4950,2018-04-01 11:11:00
EE5018,2018-08-18 22:09:00
EE5907,2019-02-21 14:46:00
BY9250,2018-03-01 17:51:00
BB2042,2018-02-22 22:35:00
EF0321,2020-03-11 06:13:00
BB2278,2020-03-23 11:50:00
EE4926,2018-08-13 14:26:00
EE4918,2019-09-19 11:01:00
EE4928,2019-07-06 22:59:00
EE8218,2018-12-15 08:50:00
EE5150,2019-07-10 16:31:00
B22706,2018-12-31 10:37:00
CQ2740,2018-01-11 22:01:00
CQ2105,2018-09-13 09:05:00
CQ2106,2020-02-25 17:18:00
EF3534,2019-09-29 18:33:00
CQ3012,2020-02-04 14:23:00
DB3277,2019-08-20 00:16:00
CQ2032,2018-04-12 06:34:00
BB6708,2020-03-02 03:39:00
CM4937,2020-03-06 02:27:00
CM4756,2019-08-28 09:43:00
CM4619,2020-01-16 05:36:00
CG6048,2018-12-18 02:40:00
CG5673,2019-03-29 18:27:00
EE9726,2019-02-27 14:17:00
EF1421,2018-04-03 10:35:00
EF0786,2020-03-04 10:57:00
EE9722,2020-02-14 23:14:00
EF1424,2020-03-09 04:11:00
G27273,2018-12-23 03:48:00
EF0812,2018-03-24 17:32:00
G28062,2019-12-05 08:59:00
EF0789,2019-07-11 21:29:00
EF0787,2018-10-24 16:32:00
G26994,2018-04-12 13:09:00
F34099,2019-10-14 16:41:00
EF1581,2020-03-24 11:32:00
G28058,2018-06-15 17:39:00
G27403,2018-06-28 07:10:00
G26939,
G28202,2019-12-27 08:58:00
EF1164,2018-12-19 06:19:00
EF8904,2018-09-01 16:38:00
G28450,
CM4759,2018-10-05 16:58:00
EF8903,2019-12-04 21:08:00
F35445,2019-06-25 14:26:00
B75807,2018-02-10 11:42:00
CJ0079,2018-04-26 15:32:00
CM0084,2018-04-25 23:44:00
EE5358,2019-09-17 02:24:00
B96556,2020-01-14 14:06:00
CM0035,2019-12-17 09:20:00
EE4572,2018-03-30 02:34:00
CL7309,
CL7610,2019-04-07 07:51:00
B37616,2019-07-12 06:42:00
FV3032,2020-01-13 22:18:00
BD7597,
BZ0085,2019-09-14 09:53:00
EE5083,2019-05-07 12:01:00
CL7561,2019-03-20 00:05:00
F97208,2019-07-10 07:18:00
EE5404,2019-01-31 05:16:00
CL9998,2019-03-20 17:12:00
EE8373,2018-11-05 12:56:00
F36418,2019-07-10 17:50:00
CL9921,2018-08-15 03:18:00
F35499,2018-10-15 20:33:00
EE5641,2019-08-15 10:59:00
F34983,2018-10-29 07:08:00
F36985,2019-03-21 09:00:00
B79771,2019-04-29 13:06:00
CJ7956,2018-08-13 18:23:00
B44882,
CJ7995,2018-11-07 18:55:00
F36467,
CG4048,2018-10-17 21:16:00
F34437,2018-03-05 11:23:00
CG6205,2018-05-22 15:38:00
EG8695,2020-03-15 03:42:00
B41939,2019-07-17 10:28:00
CG6199,2019-12-21 02:52:00
B37720,2019-11-20 14:48:00
AQ1087,2018-02-17 17:30:00
B37759,2019-07-08 05:16:00
AQ1027,2019-05-20 16:01:00
B37990,2019-10-18 22:04:00
B37651,2019-10-28 04:35:00
B28164,2018-11-15 00:43:00
B28163,2018-11-12 01:37:00
B37983,2019-12-20 00:32:00
DB2689,2019-03-13 02:11:00
CG6056,2019-11-16 06:47:00
CG6460,2019-01-25 18:55:00
CG6108,2019-05-09 07:28:00
BD8024,2018-07-21 18:42:00
D96444,2019-03-27 11:09:00
BD8007,2018-11-13 23:42:00
CG6065,2019-07-05 02:13:00
G27719,2018-02-01 07:49:00
CG6187,2019-02-01 02:20:00
G27648,2019-06-17 22:06:00
EE8279,2018-03-08 07:51:00
EE8247,2020-02-12 08:02:00
EE8612,2019-01-23 20:50:00
CQ1068,2018-08-13 21:01:00
B37635,
DB3065,2018-01-22 20:02:00
CQ1092,2019-12-30 01:29:00
DB3083,2020-02-07 14:48:00
CG6222,
DB3078,2019-11-04 23:33:00
DB2707,2020-02-28 07:11:00
D96553,2018-07-06 08:43:00
EF0580,2018-09-19 07:17:00
EF0581,2019-08-25 14:34:00
G25848,2019-10-25 21:17:00
EE9745,2020-02-15 22:56:00
EE7899,2020-03-29 16:37:00
G28386,2019-12-16 21:29:00
EE6784,2019-06-05 13:51:00
DB3349,2018-09-11 00:28:00
EE6816,2018-06-10 17:50:00
DB3401,2019-05-14 19:08:00
EG1865,
EG2037,2020-04-01 09:08:00
EE6818,2020-02-04 11:45:00
CM6057,2019-12-22 10:28:00
EG2035,2019-08-15 14:56:00
EE5614,2019-06-25 03:54:00
EF9225,2018-01-08 21:36:00
EE5174,2018-11-14 01:01:00
CM6058,2020-03-30 00:31:00
EE5915,2018-03-09 02:17:00
BY2949,2019-07-16 19:59:00
EE5933,2018-11-09 20:57:00
F34865,2018-10-10 20:44:00
S80662,2019-12-19 16:38:00
CM6059,
CJ8016,2018-08-12 08:09:00
CL7428,
EE4843,2019-06-15 17:26:00
CK9670,2018-04-20 04:10:00
EE7740,2019-12-24 15:08:00
EE8969,2019-08-11 06:55:00
BZ0087,2018-03-21 22:23:00
F36256,2020-02-20 01:41:00
EE5362,2020-01-17 23:44:00
F35762,2020-01-16 06:55:00
EE5837,2019-06-18 02:03:00
EE4576,2020-03-25 12:33:00
EE6991,2019-03-02 18:39:00
EE6012,2020-03-24 08:54:00
EE4470,2018-05-15 17:44:00
EE6327,2018-03-03 09:21:00
AQ8530,2019-04-06 21:19:00
CI9990,2020-01-02 21:39:00
EE7064,2018-12-09 09:19:00
F36417,2018-05-28 04:37:00
EE4808,2018-02-01 13:05:00
F36431,2019-11-17 15:42:00
B44669,2019-04-09 04:37:00
B43745,2019-05-26 03:41:00
CJ8021,2019-06-06 10:55:00
CM4549,2019-05-01 01:58:00
EE8374,2020-02-13 05:06:00
CL4154,2020-02-11 22:49:00
CL7609,2019-02-28 07:24:00
CK9456,2019-09-15 10:54:00
EG4372,
CJ8987,2018-04-01 20:24:00
EG4303,2019-10-26 20:59:00
BB7616,2019-09-11 04:12:00
EE5603,2018-11-07 12:20:00
EE8970,2020-03-23 23:41:00
CJ8113,2019-11-08 13:08:00
CL7463,2019-04-22 08:37:00
F97210,2019-09-21 05:09:00
B44732,2019-12-11 05:52:00
F34411,2020-01-04 11:50:00
EE6807,2019-03-09 20:30:00
F35515,2019-07-10 03:21:00
F35615,2018-09-25 04:10:00
CK9466,2018-06-06 03:14:00
F36650,2019-05-01 00:39:00
BC1040,2018-04-03 02:41:00
EF0810,2019-12-13 05:16:00
CL9963,2018-05-16 05:35:00
BB6917,
CL9938,2019-05-25 22:25:00
CL9997,2020-02-09 10:15:00
CL7642,2018-04-16 15:54:00
F35040,2020-02-15 07:08:00
CJ8017,2019-11-20 02:57:00
EE9727,2018-01-09 01:33:00
CJ8012,2020-02-07 09:32:00
CL7632,2019-02-27 09:01:00
CL7486,2019-10-11 05:44:00
BZ0631,2018-07-09 14:24:00
D98056,2018-04-16 02:44:00
CM4824,2019-01-16 16:21:00
CM4825,2018-01-11 10:10:00
B43753,2020-03-05 11:58:00
FV4349,2019-08-05 07:24:00
F36517,2019-03-08 05:00:00
EE8131,2019-04-13 13:57:00
EE9737,2020-03-26 22:47:00
EF1060,2019-07-02 17:36:00
EE9938,2019-05-25 09:15:00
EE8353,2018-01-26 06:59:00
EF0452,2018-08-10 06:07:00
EE5170,2020-02-01 13:58:00
EE5153,2018-05-30 11:55:00
EE4842,2019-06-20 14:37:00
EE4958,2018-01-12 07:14:00
EE4922,2019-06-02 13:26:00
EE6046,2018-07-16 18:53:00
EE6130,2019-05-13 06:16:00
EF3523,2019-10-01 21:54:00
EF3535,2018-10-04 14:38:00
FW2818,2018-01-21 00:35:00
EE5535,2019-10-20 00:24:00
EF3531,2020-03-12 13:49:00
B22713,2019-01-03 13:40:00
FW2803,2019-10-08 18:29:00
FW2848,2018-06-28 07:10:00
EG8544,2019-01-08 05:35:00
EF4393,2019-06-08 14:16:00
EG4588,
EF4398,2019-06-15 18:45:00
AC8765,2020-01-02 16:23:00
B37361,2019-02-08 18:40:00
CQ2028,
B41727,2020-02-26 22:16:00
B96511,2018-10-15 08:42:00
B37657,
AQ1138,2020-01-05 18:07:00
B37068,2018-08-28 15:12:00
DB2680,2019-08-14 21:49:00
B28123,2018-01-17 07:03:00
AQ1134,
EE5562,2019-02-23 22:04:00
EE5934,2019-07-22 19:30:00
EE5104,2018-08-27 14:11:00
BB1702,2019-07-20 08:15:00
EE7031,2019-01-02 10:01:00
DB2119,2018-04-02 18:47:00
F36599,2019-03-13 12:43:00
EE5171,2019-02-04 01:26:00
DA9604,2020-03-08 07:07:00
BB6709,2018-10-04 05:25:00
B96517,2019-06-30 23:28:00
CQ1971,2019-06-29 06:39:00
B96520,2018-07-16 07:02:00
DB1763,2019-04-26 11:22:00
B96554,2020-01-15 01:57:00
AQ1111,2020-02-16 21:19:00
CK9475,2018-05-12 17:19:00
F36166,2019-05-28 10:59:00
CG7112,2019-07-01 10:00:00
CL7427,2018-03-05 21:55:00
CQ1968,2019-10-17 18:25:00
B37600,2019-12-29 11:00:00
CL7335,2018-02-03 03:16:00
F34094,2018-02-20 21:52:00
EF0785,2019-05-02 04:18:00
CK9572,2019-02-08 13:24:00
EF0788,
EE6331,2020-03-11 15:26:00
EE7245,2018-10-16 05:46:00
EE4771,2019-02-09 11:47:00
F34098,2018-12-07 05:58:00
CL9956,2018-03-24 17:32:00
G28059,2019-01-07 20:22:00
CL9942,2018-06-14 03:28:00
F33908,
G28060,2018-08-03 13:29:00
DB3144,2018-07-09 18:21:00
CI9935,2019-04-03 14:19:00
F36664,2018-01-07 00:50:00
DB1755,2018-08-11 08:27:00
F36173,2018-06-03 19:56:00
EE8134,2018-08-18 12:56:00
F35613,2019-11-20 10:51:00
CK9557,2018-07-20 00:34:00
CK9464,2019-04-04 02:10:00
CK9476,2018-03-26 06:24:00
CK9649,2019-03-10 18:53:00
DA8929,2019-07-28 20:20:00
CK9483,2019-06-04 22:03:00
CL9926,2019-10-26 20:59:00
FV8786,2018-12-09 22:29:00
CL9943,2020-02-15 17:40:00
BB9774,2018-05-24 09:46:00
EE8007,2018-12-12 20:16:00
F36201,2018-08-19 10:00:00
FV8790,2019-04-25 03:46:00
F36331,2018-09-29 00:20:00
AQ0919,2018-05-24 07:08:00
CJ8146,2019-03-20 14:34:00
B43732,2019-02-28 21:53:00
B44849,2020-02-28 16:24:00
B37783,2019-04-09 07:15:00
B96578,2018-07-11 09:51:00
F37006,2018-06-04 18:19:00
CJ8041,2018-06-29 01:36:00
CG6131,2019-03-03 03:52:00
CG6113,2019-05-14 12:33:00
G28971,2018-02-14 10:30:00
B37469,2020-02-02 01:49:00
CG6112,2020-03-25 04:39:00
F34625,2020-03-03 09:56:00
EE9844,2019-05-20 04:10:00
EE8269,2020-01-09 23:30:00
EE9843,2018-09-27 12:47:00
EE9852,2018-05-16 09:32:00
CG6066,2019-10-08 09:16:00
EE8136,2019-11-17 01:13:00
G27645,2020-01-29 21:27:00
CL9961,
FV3699,2019-10-14 03:31:00
CI2606,2018-07-25 16:11:00
EE7359,2018-05-15 07:12:00
CK9658,2018-04-26 19:29:00
EF0417,2019-03-13 11:24:00
EF0436,2018-01-26 03:02:00
EG3102,2018-09-24 09:44:00
EE4951,2019-09-26 08:55:00
FW2846,2018-02-10 07:45:00
FW2895,2018-07-28 23:11:00
EE4562,2018-03-26 22:12:00
EE5540,2020-01-23 19:18:00
EG8688,2018-09-18 02:19:00
EG8685,2018-04-24 06:55:00
EE7033,2019-05-25 07:56:00
DB3109,2018-04-04 07:39:00
DB3244,2019-04-09 20:25:00
DB0126,2018-01-10 01:15:00
EE4552,2018-03-31 06:13:00
CG4708,2018-10-13 10:37:00
DB3241,2018-06-11 01:44:00
F36476,
F36225,2018-08-23 20:39:00
F37047,
B44728,2018-01-09 12:05:00
BB7317,2019-09-18 19:13:00
F35036,2020-04-01 06:30:00
AQ0055,2019-09-30 12:59:00
F34440,2019-08-25 05:21:00
B96561,2018-02-03 03:16:00
B96339,2019-03-24 02:50:00
D97112,2019-04-10 13:32:00
F36651,2018-03-12 04:01:00
F36308,2018-12-17 22:43:00
F35050,2018-03-09 02:17:00
EE7482,2018-10-01 18:10:00
EE7502,2019-02-10 14:07:00
F36669,2018-05-01 07:27:00
F37079,2019-12-28 04:43:00
EE8133,2019-01-22 07:58:00
G28914,2018-08-22 13:03:00
EE8197,2019-01-01 16:54:00
EE7511,2020-04-08 22:50:00
EG4103,2018-07-03 03:02:00
EH2549,2019-07-23 04:43:00
EG5006,2018-05-22 14:19:00
EH2201,2019-12-15 15:12:00
EH2531,2019-09-14 15:09:00
EG4273,2018-12-17 21:24:00
EG5005,
EG4275,2018-05-06 05:57:00
EE5906,2018-04-01 11:11:00
EE5106,2018-11-17 01:26:00
EE5181,2018-08-25 16:06:00
EG3238,2019-05-13 01:00:00
EE5864,2018-01-08 13:42:00
EG1902,2018-11-28 09:59:00
EH2552,2019-12-10 07:29:00
EG8587,2019-06-17 11:34:00
EG3705,2019-08-08 15:43:00
EG3173,2018-03-21 06:35:00
EG3693,2018-06-08 21:04:00
EG3691,2019-10-10 23:09:00
CL0244,2019-03-08 01:03:00
CJ0874,2018-04-20 00:13:00
F35030,2019-12-21 05:30:00
EG3666,2018-05-20 16:14:00
EH1856,2019-11-25 15:56:00
CL0211,2019-11-05 21:56:00
EG3491,2020-04-09 08:03:00
B23738,
B28128,2018-08-28 04:40:00
EG3282,
EH1855,2019-03-02 13:23:00
B22705,2019-12-25 06:56:00
EE6743,2018-02-23 09:07:00
EE6122,2019-09-12 01:16:00
EE6121,
CM4981,
CM4658,2018-04-24 00:20:00
EG3283,2020-01-21 10:41:00
CM4659,2018-11-14 01:01:00
F36671,2019-04-19 04:15:00
AW4209,2020-01-07 14:53:00
G25877,2018-11-18 22:12:00
CM4855,2019-03-19 09:36:00
EE8452,2020-03-03 15:12:00
CM4813,2019-10-21 14:35:00
EE8351,
G28329,
CM4857,2019-06-05 03:19:00
CM4900,2019-07-26 19:37:00
CM4899,2018-09-11 13:38:00
CM4901,2018-11-12 22:41:00
CM4830,2018-11-24 05:55:00
EF0778,2018-01-18 13:20:00
EF0780,2018-06-04 20:57:00
G27270,2020-04-05 14:31:00
EF1233,2019-09-06 14:55:00
CM4878,2019-12-11 17:43:00
CM4877,2019-01-04 14:41:00
G27272,2020-02-02 11:02:00
CM4862,2019-02-05 07:43:00
CM4979,2018-02-16 04:38:00
EF1416,2019-08-18 10:05:00
EE7897,2020-03-27 17:13:00
CM4884,2020-01-25 04:13:00
G28373,2020-03-18 12:01:00
CM4842,2018-11-11 05:52:00
EF0822,
CM4860,2018-09-09 07:39:00
CM4929,
G28560,2019-06-25 05:13:00
AQ8528,2019-12-14 03:39:00
G28208,2019-03-26 12:46:00
BB5476,2019-10-23 15:18:00
CQ2405,2018-12-22 05:25:00
G28209,2019-10-14 11:25:00
CL7580,2018-07-24 03:19:00
B43687,2019-11-17 06:29:00
B41645,2019-08-09 11:28:00
BY2120,2020-02-24 05:45:00
B24105,2019-07-18 23:20:00
B96568,2018-09-01 15:19:00
FW2847,2018-09-17 09:12:00
FV7826,2018-06-09 07:36:00
F35580,2018-02-24 08:49:00
FV7825,2020-04-09 18:35:00
G27707,2018-10-30 18:41:00
EE8498,2019-02-15 00:46:00
FV4631,2018-09-30 07:56:00
EE4465,2020-01-09 22:11:00
EE8138,2018-09-26 10:27:00
FV4419,2018-08-20 16:17:00
G28116,2018-10-08 01:35:00
B42315,2018-04-17 05:04:00
EE9574,2019-03-30 11:34:00
EG4960,2018-03-24 00:25:00
EE6803,2018-02-01 05:11:00
EF5506,
G28428,2018-08-26 22:23:00
EF5440,2019-05-25 05:18:00
FV4190,2019-03-22 00:48:00
EH0025,2020-01-11 11:03:00
G28331,2018-04-10 04:32:00
G25878,
EE6802,2020-01-13 13:05:00
B42314,2018-11-09 17:00:00
CL9955,2019-11-18 00:55:00
G28336,2018-05-26 17:04:00
G54014,2019-07-17 23:38:00
FV2806,2019-09-24 22:41:00
FV3021,2020-02-12 14:37:00
FV3743,2018-03-02 16:14:00
FV5359,2019-07-31 04:57:00
G54015,2019-09-19 17:36:00
BD7929,2018-06-08 02:38:00
G26993,2020-01-21 06:44:00
EF1625,2019-03-15 14:45:00
G27479,2020-02-16 06:50:00
EE7911,2019-04-19 08:12:00
F35008,2018-12-06 18:07:00
G27492,2018-11-23 23:20:00
G28885,2018-08-27 10:14:00
EF1163,
EF8847,2019-02-27 09:01:00
B96566,2020-01-25 21:20:00
EG4159,2020-01-19 08:39:00
G27484,2019-04-07 10:29:00
F34327,2018-03-17 15:41:00
CL7477,2020-03-08 12:23:00
G27495,
B28129,2019-02-14 03:42:00
EF1229,2019-02-09 22:19:00
EF4920,
EE6893,2018-08-22 18:19:00
EF2335,2019-03-27 03:15:00
EE4896,
EF4372,2019-11-17 15:42:00
FW9328,2018-09-04 13:06:00
B27797,2018-07-01 22:04:00
EG7737,
DB3105,2019-04-11 00:04:00
CG6477,2018-10-11 17:48:00
CG3552,2018-04-25 18:28:00
EG8778,2018-06-28 05:51:00
BB3627,2019-07-13 15:37:00
EE4851,2018-01-12 21:43:00
EF4373,2018-10-06 21:56:00
BW0418,2018-04-07 23:52:00
G27728,2018-08-02 13:47:00
BB3628,2019-02-10 14:07:00
BB3645,2020-02-13 23:32:00
F37427,2019-10-14 00:53:00
DB3541,2019-12-24 04:36:00
EE7346,2018-07-20 15:03:00
EG1866,2018-01-19 19:37:00
EE4895,2019-11-16 18:38:00
D96635,2018-02-11 06:08:00
FV6404,2018-09-19 04:39:00
CG6040,2020-02-17 02:35:00
EE6074,2018-08-29 01:44:00
CG4743,
EG2738,2019-04-06 17:22:00
F35493,2019-01-07 07:12:00
F35597,2018-11-13 00:00:00
F35495,2019-01-14 20:54:00
F35494,2020-01-03 08:11:00
DB1370,2018-10-01 22:07:00
F35498,2018-07-02 02:01:00
DB1372,2019-08-04 20:52:00
F36991,2019-08-19 04:31:00
B96223,2018-06-11 13:35:00
F35497,
F36501,2019-07-18 22:01:00
EE6821,2018-10-22 21:05:00
EE7745,
EE6135,2018-10-05 01:10:00
AQ0334,2019-10-05 12:48:00
B96218,2018-04-17 05:04:00
CG5537,2019-08-13 06:19:00
AQ0538,2018-09-07 04:18:00
EE7777,2019-12-27 08:58:00
EF5885,2019-12-23 18:04:00
EE8378,
EF5870,2019-10-22 02:26:00
CG5580,2018-09-13 06:27:00
BB7566,
AQ0054,
B75665,2018-11-19 23:13:00
EG1727,2018-02-12 07:09:00
AQ0539,2018-02-25 20:22:00
EG2646,2018-09-04 09:09:00
EH0181,2020-03-26 01:43:00
EF5902,2018-10-21 14:48:00
FU6910,2019-12-12 12:09:00
AC7104,2020-02-12 11:59:00
EF9625,2018-03-23 00:43:00
D97946,2018-01-23 13:09:00
B75667,2019-06-26 20:43:00
BD7080,2019-07-28 09:48:00
CL9914,2019-02-06 02:09:00
BB6602,
EF5435,2019-02-04 22:30:00
BC1050,2018-12-25 13:44:00
EF5507,2018-05-24 20:18:00
D97319,2018-02-04 16:08:00
EF5985,2018-12-06 12:51:00
EF5441,
F35769,2018-09-22 06:23:00
EG8776,2018-03-09 23:21:00
D97429,2019-11-23 03:22:00
EF0820,2019-06-26 14:08:00
EF4027,2019-11-26 06:25:00
CG6732,2019-12-24 09:52:00
EH2180,2018-08-12 02:53:00
EF6050,2018-07-28 02:07:00
EF6048,2018-06-16 08:08:00
EE7290,
EE7449,2019-09-12 17:04:00
EE7968,2020-02-06 13:47:00
F36481,2019-12-29 18:54:00
EG1900,2019-07-21 22:26:00
EF6049,2019-04-21 08:55:00
EF7141,2018-01-04 20:10:00
EF7140,2019-05-01 19:05:00
CQ1091,2019-03-31 04:41:00
EF7134,2019-11-12 19:50:00
EH1097,2019-08-21 07:52:00
FV4656,2018-06-26 23:34:00
G26947,2018-03-03 19:53:00
F34060,2018-11-27 05:01:00
G26944,2018-09-20 17:31:00
EG5185,2018-04-24 22:43:00
EG5188,2018-05-19 06:00:00
FV3029,2019-04-12 18:12:00
FV4658,2018-12-29 08:35:00
CM4831,2018-11-03 14:51:00
EF6270,2018-01-19 09:05:00
CM4705,
FV3031,2019-07-11 17:32:00
FV5358,2020-02-16 00:15:00
DB0594,2019-04-17 08:48:00
DA8839,2018-05-01 23:15:00
G27461,2019-06-20 13:18:00
CM4708,2020-02-11 09:39:00
DA9868,
EE9540,2018-09-16 13:27:00
DB3483,2019-02-23 16:48:00
EE3912,2018-08-27 01:01:00
CJ0183,2018-06-26 09:05:00
AQ0534,
CK9502,2019-06-18 06:00:00
BC1041,2018-04-17 18:14:00
CM0065,2019-12-17 19:52:00
EG3013,2018-12-25 19:00:00
EE4966,2018-08-28 12:34:00
B75806,2018-09-17 03:56:00
CK9434,2018-03-10 07:15:00
EH0833,2019-07-11 14:54:00
G27637,2019-07-31 18:07:00
CL7579,2020-04-09 22:32:00
CK9631,2018-12-28 15:28:00
EE6091,2019-01-02 11:20:00
CL9945,2020-03-01 00:00:00
FV4189,2018-01-24 04:57:00
F34477,2019-01-23 10:18:00
F34683,2018-04-06 07:03:00
CP8827,2018-01-03 16:31:00
F36998,2020-02-15 08:27:00
F36457,2018-02-09 06:44:00
EE8008,
EE5511,2018-04-19 03:09:00
EE5602,2019-11-19 05:53:00
EE6329,2018-12-20 13:55:00
EE5506,2019-09-24 16:06:00
F36471,2020-01-27 19:25:00
EF6551,2019-05-17 18:14:00
EE6325,2018-12-20 23:08:00
EE5678,2019-08-21 01:17:00
EE4967,2020-01-20 18:53:00
EF8907,2018-10-12 03:01:00
EE8688,2019-12-17 22:30:00
EE8972,2018-03-21 15:48:00
EE7239,2018-11-15 08:37:00
G26935,2018-05-29 20:07:00
EE5394,2018-05-15 16:25:00
EH0033,2018-08-23 12:45:00
B75573,
EE4883,2018-03-30 02:34:00
DA8964,2018-05-03 06:51:00
CJ8060,2020-01-24 13:44:00
B75782,
G27401,2019-05-09 07:28:00
B75780,2018-04-19 12:22:00
S80807,2019-04-21 19:27:00
EE4791,2018-10-04 08:03:00
S32279,2019-04-21 15:30:00
AC7556,2019-11-27 14:01:00
B22785,2019-02-06 23:13:00
F35130,2019-10-23 10:02:00
B43742,2018-04-10 09:48:00
CK9814,2019-05-30 10:23:00
CK9571,2020-03-22 13:27:00
F34844,2019-08-12 00:02:00
F35284,2018-04-05 09:59:00
CQ1149,2019-05-27 08:39:00
F34739,2019-05-23 20:23:00
CK9866,
EE5654,2018-01-21 13:45:00
FV3013,2018-06-15 21:36:00
F35282,2018-01-10 02:34:00
EF9624,2020-03-10 03:53:00
CK9865,2018-07-30 01:31:00
F34073,2018-12-07 17:49:00
D96551,2019-02-21 23:59:00
CK9784,2019-05-11 13:27:00
F36512,2019-11-01 20:30:00
F35283,2018-01-27 05:22:00
EG3096,2019-10-18 20:45:00
EG3115,2018-02-12 19:00:00
EF5550,2019-12-03 12:13:00
EF9623,2018-04-09 23:16:00
CJ3410,
CQ1061,2020-01-06 20:27:00
BB4014,2020-02-07 16:07:00
AQ6095,2018-03-16 10:43:00
EF7135,2018-05-07 01:42:00
B44500,2019-12-12 17:25:00
EF1629,2019-05-12 22:22:00
B43600,2018-12-05 05:15:00
EG8735,2019-02-24 03:20:00
G28713,2018-09-13 09:05:00
EF3538,2019-06-23 11:05:00
CJ9005,
AH2156,2019-10-31 22:07:00
FV6447,2018-01-06 23:31:00
CM7767,2019-06-26 14:08:00
DB0646,2018-03-05 20:36:00
CG6367,2019-02-03 17:32:00
CM7741,2018-08-29 00:25:00
CJ9006,2018-12-23 20:55:00
AC7943,2018-10-17 04:09:00
CG6364,2018-10-10 03:37:00
BC0534,2018-03-19 09:49:00
CK1081,2019-06-29 01:23:00
F37022,
EE3812,2019-02-16 07:03:00
G26834,2018-01-12 19:05:00
B75879,2018-04-11 00:17:00
FV6794,2019-03-06 22:43:00
G26790,2018-08-08 06:43:00
EH1524,2019-06-02 10:48:00
G26548,2019-07-06 16:24:00
B42122,2019-11-12 06:40:00
F99913,2019-02-15 12:37:00
EG1073,2018-09-21 08:00:00
EG7893,2018-01-08 04:29:00
G28915,2019-05-10 00:35:00
BB3484,
EG1069,2018-11-19 17:57:00
EG2015,
FW3138,
EF2212,2018-09-28 00:38:00
EG1071,2019-09-21 15:41:00
EG2045,2018-06-06 11:08:00
EE4036,2019-08-24 22:46:00
FW5423,2020-03-03 23:06:00
EG1287,2019-05-26 12:54:00
EG2663,2020-03-11 19:23:00
EG2017,2019-07-25 23:52:00
EG0719,2018-07-22 07:52:00
EH1208,2018-09-22 02:26:00
EG4901,2019-06-06 17:30:00
EE4264,2019-10-01 21:54:00
EG1096,2019-10-17 07:53:00
EG1011,2018-04-14 20:27:00
EG2052,2019-11-28 11:05:00
EG0720,2018-03-19 08:30:00
EF2696,2019-01-09 11:52:00
EG0715,
EE4614,2018-11-19 20:35:00
EH1333,2018-06-08 11:51:00
EF0524,2019-11-27 19:17:00
EH1847,2019-04-17 10:07:00
G27491,2018-12-16 13:48:00
EF0708,2019-02-22 09:12:00
EE4005,2018-10-10 02:18:00
EG0761,2019-10-04 17:03:00
EF2774,2018-02-28 15:31:00
EE5147,2018-04-23 05:54:00
EF1565,2019-10-04 02:34:00
F35285,2018-07-21 10:48:00
G27482,2019-07-07 00:18:00
BC1031,2019-09-17 02:24:00
F35539,2019-02-24 20:27:00
CK9816,2019-02-25 17:31:00
B96338,2019-11-20 17:26:00
CM7531,2019-06-21 16:57:00
EG1369,2019-09-04 18:09:00
EG1837,2020-02-15 17:40:00
FV6106,2019-12-04 09:17:00
FU8929,2019-09-17 15:34:00
FV4526,2019-05-17 02:26:00
EG3729,2019-01-18 05:13:00
FU8941,2019-05-27 15:14:00
FU8932,2020-01-06 19:08:00
CM6080,2018-08-21 13:21:00
CM6051,2018-06-08 21:04:00
CM6052,2018-11-14 07:36:00
CM6081,2019-10-14 12:44:00
CM6068,2019-02-16 18:54:00
FV4418,2018-10-13 23:47:00
CM6069,2019-11-16 08:06:00
CM6073,2019-01-15 03:29:00
FV4525,
CM6044,2018-08-23 18:01:00
FV2875,2020-04-01 09:08:00
FW2152,
FV2874,2019-05-01 08:33:00
CJ8072,2018-09-27 14:06:00
CJ8088,2020-02-16 16:03:00
CK9657,2018-08-31 09:02:00
AC7043,2019-11-19 12:28:00
FW9783,2018-11-10 14:04:00
F35607,2018-09-16 13:27:00
CJ8111,2020-02-27 21:58:00
CL7446,2018-03-08 17:04:00
G26990,
CJ0194,2019-11-11 00:23:00
EH0021,2019-12-13 11:51:00
B44861,2019-04-13 00:47:00
EE7610,2019-09-11 16:03:00
BD7439,2018-11-05 14:15:00
F34604,2018-05-25 23:57:00
CJ8107,2019-07-05 23:17:00
B37550,2020-02-01 10:01:00
CJ8069,2019-12-14 22:05:00
CJ7992,
CJ7987,2018-10-31 11:48:00
F36162,2019-06-01 12:25:00
G26776,2018-03-05 02:10:00
CG6537,2018-12-07 20:27:00
BB9420,2019-08-08 03:52:00
CK9660,2019-07-17 17:03:00
CJ8109,2018-12-20 07:20:00
CJ0044,2018-01-03 11:15:00
CJ8116,2020-04-12 19:00:00
CK9445,2019-04-27 20:17:00
EF0148,2018-12-10 01:07:00
CG7123,2019-12-03 17:29:00
EE5677,2019-03-08 10:16:00
EE5819,2018-06-19 03:17:00
EE5834,2019-01-29 11:08:00
EE5361,2020-02-03 16:00:00
EE5415,
EE4924,2019-06-16 22:24:00
CJ0180,2018-11-18 15:37:00
F36645,2019-12-05 23:28:00
AQ0907,2018-10-13 09:18:00
CM4930,2018-07-01 22:04:00
CM4547,2018-08-24 19:02:00
EE6377,2019-06-23 13:43:00
DB0271,2019-07-22 16:52:00
G27402,
EE7843,2020-02-15 12:24:00
EG6864,2019-02-13 09:16:00
EH0173,2018-05-30 18:30:00
EH2181,2018-11-24 07:14:00
FV4529,2018-05-30 18:30:00
CM4863,2018-12-05 02:37:00
EE6894,2018-08-15 15:09:00
B41823,2019-04-08 00:58:00
CI1871,2018-07-27 14:16:00
B43829,2020-02-18 20:43:00
F35514,2018-05-11 07:05:00
B44820,2019-08-28 00:30:00
B44736,2020-01-30 21:09:00
CM4864,2020-01-04 11:50:00
F34498,2019-01-29 00:36:00
EE6011,2020-03-03 07:18:00
CK9656,2018-11-22 13:06:00
CL7360,2018-03-07 09:28:00
CK9546,2018-03-23 23:06:00
S75104,
CK9507,
F35598,2019-05-29 02:47:00
CL0207,2019-08-02 14:53:00
CI9700,2018-02-01 02:33:00
CI1704,2019-07-04 17:00:00
EE5730,2019-03-15 01:35:00
EE6029,2018-09-06 21:43:00
CQ2406,
EF6552,2019-02-09 06:31:00
F36717,
CL7284,2020-01-14 14:06:00
F36424,2018-12-16 21:42:00
BD7497,2018-03-12 14:33:00
EE7901,2019-09-29 02:45:00
EE7905,2019-12-20 22:55:00
EE7907,2019-12-30 06:45:00
EE7690,2018-09-16 13:27:00
EE7696,2018-11-10 21:58:00
EE7382,2019-12-12 13:28:00
EE7693,2019-01-25 12:20:00
EE7422,2019-04-21 01:01:00
EE7900,2018-02-28 02:21:00
EE6151,
EE5520,2019-09-09 04:48:00
EE5399,2019-02-01 22:05:00
EE8153,2019-08-14 12:36:00
EE6110,2019-01-08 20:04:00
EE7881,2020-03-12 04:36:00
EE6077,2019-05-02 18:47:00
EE7360,2018-08-14 06:14:00
EE7880,2018-01-18 19:55:00
CM5956,2018-05-05 18:06:00
EE9648,2019-01-29 07:11:00
FV3020,2018-06-17 11:47:00
CM5971,2019-08-30 06:29:00
CM5963,2019-04-03 05:06:00
CM5978,2018-10-04 06:44:00
CM5962,2018-11-17 02:45:00
CM5975,2018-09-01 20:35:00
CM5961,2019-08-22 06:15:00
CM5974,2019-08-24 18:49:00
CM5990,
CM5979,2020-01-18 01:03:00
AQ0863,2018-08-02 12:28:00
CJ8104,2018-12-03 22:58:00
CM5965,2019-01-22 11:55:00
CL7519,2018-01-19 03:49:00
EE5108,2019-05-31 06:08:00
CL9930,2019-01-20 19:06:00
EF0815,2018-07-28 08:42:00
CL9935,2018-04-06 17:35:00
CM4795,2020-02-11 03:04:00
F35061,
CM4978,2019-09-09 08:45:00
EG1686,
FV2838,2019-11-01 16:33:00
EF4344,
EH0188,2018-09-26 01:14:00
EE6037,2018-08-03 13:29:00
CM0039,2018-10-01 22:07:00
G27636,2018-02-23 13:04:00
F34392,2019-11-20 10:51:00
EG1728,2019-10-12 15:58:00
DB1758,2018-09-17 03:56:00
CI1822,2019-07-29 17:24:00
CI9830,2019-07-04 18:19:00
DB1459,2019-01-18 02:35:00
EG5947,2020-01-30 19:50:00
B44809,2018-10-23 12:53:00
CG4044,2018-09-03 17:21:00
CI9931,2019-05-28 09:40:00
F35025,2018-08-30 04:04:00
B96344,2018-03-06 20:18:00
CL7543,2019-02-09 17:03:00
F35560,2018-07-10 10:09:00
CL7399,2019-01-15 20:36:00
CL7303,2018-12-18 18:28:00
CL7509,2018-02-06 12:54:00
EF3500,2018-02-11 02:11:00
EE8024,2019-01-29 12:27:00
EE3655,2018-01-18 14:39:00
EE8447,2019-05-05 16:34:00
CL7426,2018-10-30 00:15:00
EF9182,2018-08-13 09:10:00
EE6317,2018-12-12 17:38:00
EF3836,2019-05-28 13:37:00
FW5351,2018-10-24 03:22:00
DB0958,2019-12-17 06:42:00
CI9939,2020-04-05 09:15:00
BD7577,2020-01-01 03:31:00
BB7828,2018-06-26 13:02:00
DB3530,2018-12-09 05:22:00
F34864,
CJ8087,2018-04-22 07:31:00
F34568,2019-03-08 02:22:00
B41812,2018-01-27 23:48:00
CL7310,2019-10-13 20:56:00
CL7397,2019-08-12 03:59:00
CL7624,2018-07-19 16:40:00
CL7573,2019-03-30 08:56:00
BB7716,2018-03-16 02:49:00
EE6318,2018-03-02 12:17:00
BC0020,
CI9699,2018-05-12 13:22:00
CJ8027,2019-05-27 20:30:00
B37736,2018-09-30 06:37:00
D97080,2019-11-25 05:24:00
CL7308,2018-08-13 09:10:00
G27464,
CL9966,2020-03-19 18:18:00
BD7480,2019-02-03 09:38:00
CI1823,2019-07-28 21:39:00
DB0961,2019-06-30 19:31:00
CQ2896,2018-10-24 20:29:00
B41649,2018-04-15 13:34:00
CQ1711,2018-11-12 01:37:00
CI9992,2019-09-24 04:15:00
B37725,2019-06-26 02:17:00
CI9831,2020-01-01 23:16:00
BB7613,2019-03-19 01:42:00
CK1229,2019-07-31 15:29:00
BB7829,2019-10-30 00:02:00
B44821,
CJ7975,2018-02-09 19:54:00
B43651,2019-09-12 17:04:00
F35012,2018-03-07 08:09:00
CJ8106,2019-01-25 12:20:00
EF8729,2019-09-22 21:58:00
BD7932,2018-01-26 13:34:00
BD7914,2018-06-08 10:32:00
CL7606,2019-10-21 09:19:00
FV6448,2019-12-04 09:17:00
G27639,2019-01-01 20:51:00
CK9569,2019-12-01 19:24:00
EE3649,2019-07-05 02:13:00
CK9829,2018-05-18 01:02:00
CG5801,2020-01-30 23:47:00
CJ0027,2020-02-09 08:56:00
CJ0070,2019-02-02 00:43:00
CJ8989,2018-08-05 10:15:00
BB7067,
B41810,2019-02-16 04:25:00
G26778,2019-07-15 07:07:00
CJ8103,2019-10-11 11:00:00
EE6876,2018-07-23 20:44:00
EE7246,2019-05-24 01:39:00
CK9805,2018-03-31 19:23:00
EE5883,2018-09-03 18:40:00
CK9785,2018-11-30 08:04:00
CK9802,2018-04-03 22:26:00
CK9860,2019-04-06 12:06:00
EF1413,2020-01-31 20:51:00
G27309,2019-03-04 08:50:00
EE6436,2019-08-06 16:19:00
EG8300,2018-09-23 19:15:00
CM5922,2018-06-12 13:17:00
CM4854,2019-01-09 13:11:00
B43814,2018-03-12 00:04:00
AC7045,2018-08-08 11:59:00
D96746,2019-12-08 12:02:00
EE3654,2019-07-08 15:48:00
G26806,2019-06-14 12:28:00
CQ1179,
EE7840,2018-04-04 23:27:00
EE4277,2018-11-21 16:02:00
F35377,2019-08-05 17:56:00
B37919,
EG2363,2019-06-07 19:50:00
CG3820,2018-12-19 03:41:00
DB1560,2018-05-12 22:35:00
F34428,2018-02-16 11:13:00
F36994,2019-10-02 12:23:00
B41648,2019-08-14 09:58:00
B37959,2019-01-31 05:16:00
BB6744,2018-11-29 05:44:00
DB3588,2018-04-12 02:37:00
F34563,2019-08-18 16:40:00
F36208,2018-05-10 15:17:00
CL7342,2018-02-07 08:39:00
EE9721,2020-02-26 22:16:00
FV2480,2018-12-27 01:17:00
EE5590,2018-06-27 03:31:00
CG2925,2018-03-28 04:29:00
BB6918,
EE9513,2019-04-20 15:48:00
CP8828,2019-09-27 21:47:00
CP9344,2020-04-10 10:23:00
F36171,2019-04-06 18:41:00
CI9976,2018-10-05 14:20:00
CI9701,2019-12-14 23:24:00
B44806,2019-12-16 16:13:00
EE4577,2020-03-04 08:19:00
BZ0109,2019-05-13 08:54:00
F34571,2019-02-21 04:14:00
CJ8014,2020-03-01 17:07:00
CP8822,2018-09-21 13:16:00
F36242,2019-09-12 01:16:00
CJ8074,2018-02-16 15:10:00
CJ8015,2018-04-01 16:27:00
CJ8114,2019-12-07 20:14:00
CJ8075,2019-08-15 14:56:00
F35444,2019-11-18 12:46:00
EE5508,2018-12-25 04:31:00
CJ7991,2018-05-31 02:24:00
CL7312,2018-08-24 05:52:00
CL7611,2018-07-27 18:13:00
CK9605,2020-03-26 01:43:00
CK9481,
CK9505,
CK9485,2018-02-24 11:27:00
CL7489,
CL9947,2019-05-28 08:21:00
EE5668,2018-09-03 21:18:00
CK9539,2018-02-02 04:53:00
CI1702,2018-03-02 07:01:00
CI1812,2019-09-22 20:39:00
FV4298,2018-09-29 14:49:00
CI1739,2018-01-14 18:29:00
CI1935,2020-03-23 01:18:00
B37266,2019-08-02 21:28:00
B37955,2018-11-23 18:04:00
BD7842,2018-02-13 10:48:00
BD7528,2018-02-01 18:21:00
BD7840,2019-09-22 07:29:00
CI1738,2019-11-04 01:10:00
AQ0535,2019-11-15 14:59:00
FV2484,2019-11-11 05:39:00
EE8137,2018-12-16 16:26:00
CL7455,
EE9267,2020-03-31 21:17:00
FW5365,2019-01-27 03:50:00
CJ0177,2018-03-06 09:46:00
EE8445,2019-12-02 05:56:00
CJ0212,2019-04-11 10:36:00
EE7917,2019-05-29 05:25:00
CK1086,2019-03-23 00:30:00
EF0586,2020-02-11 12:17:00
EE7599,
F34403,2018-05-11 17:37:00
EF1157,
F34407,2018-11-02 11:12:00
G26942,
F35379,2019-01-21 06:57:00
F35382,2018-07-21 13:26:00
F35378,2019-07-11 17:32:00
F34400,2020-02-22 18:12:00
EG4009,
EE8489,2018-07-24 02:00:00
BD7479,2019-04-02 22:31:00
EE7763,2018-10-14 01:06:00
BC0975,
EF8730,2018-10-15 08:42:00
EE7762,
EE4937,2019-03-18 20:26:00
EE8973,2019-09-29 17:14:00
EE8331,2019-10-17 21:03:00
EE4762,2019-07-28 01:54:00
EE7163,2020-02-12 06:43:00
EE6257,2020-03-13 00:21:00
EE4445,2019-07-22 12:55:00
EE4443,2018-06-05 02:13:00
EF2102,2018-02-19 22:10:00
CM0011,2019-12-26 11:54:00
B22747,2018-07-13 05:18:00
CM7988,2018-03-01 21:48:00
BB9280,2018-09-14 15:22:00
BC0973,2019-12-23 07:32:00
CL7287,2018-03-08 21:01:00
EE5790,2018-04-25 13:12:00
CL0235,2019-06-20 04:05:00
EF1344,2018-04-08 09:05:00
G27506,2018-06-24 08:22:00
F35373,2018-11-21 09:27:00
F34394,2020-04-03 21:42:00
DB3405,2019-01-11 06:00:00
CK9474,2020-03-30 20:16:00
EF8329,2019-09-18 11:19:00
CL9983,2018-07-13 15:50:00
EF0021,2019-08-07 13:23:00
EF8348,2019-01-16 15:02:00
CL9985,2018-04-08 22:15:00
EF8211,2018-09-08 07:57:00
CL9990,2018-12-27 19:43:00
EF8208,2019-10-24 03:09:00
EF1619,2018-02-24 18:02:00
EG7224,
CL9979,2020-02-23 08:41:00
EF1958,2019-09-28 22:48:00
EE9566,2018-05-31 05:02:00
EF1806,2018-03-17 03:50:00
EE9573,2018-02-11 07:27:00
EF1957,2018-05-27 07:33:00
EF1634,2018-10-02 20:30:00
EE9577,2018-03-16 22:34:00
G28550,2018-11-18 02:27:00
G28551,2018-12-26 18:42:00
EG7155,2019-07-21 04:00:00
EF1809,2019-07-25 21:14:00
EG0963,2019-07-11 04:22:00
CM5919,2020-01-22 06:26:00
EF1664,2018-04-19 21:35:00
BZ0084,2018-07-04 23:48:00
CM5920,2018-02-18 09:18:00
CM5921,2018-10-06 11:24:00
EF2778,2020-04-10 06:26:00
F34053,2020-01-17 14:31:00
B27788,2019-03-01 17:38:00
B37945,2018-11-24 13:49:00
B37846,2019-12-27 10:17:00
B96323,2018-05-12 13:22:00
DB3143,2018-05-08 22:28:00
B41825,2019-06-19 22:49:00
F36630,2019-03-12 15:39:00
B37787,2019-07-08 23:42:00
DB3329,2019-07-03 15:59:00
G27808,2018-01-27 09:19:00
DB2609,2018-12-27 17:05:00
CJ9009,2019-03-05 12:29:00
CL0233,2020-02-29 14:47:00
CI1719,2019-01-07 13:47:00
CM0106,2019-11-23 16:32:00
CK9437,2018-02-25 01:56:00
F34579,2019-02-12 20:06:00
F34578,2019-05-01 12:30:00
F36629,2019-09-20 21:15:00
CQ2330,2019-06-03 05:14:00
DA9854,2018-12-05 09:12:00
CL9937,2019-08-31 20:40:00
CQ2358,2019-09-24 17:25:00
DB0959,2018-06-22 03:42:00
DB1592,2020-03-31 00:13:00
CQ2630,2018-01-09 01:33:00
B41736,2019-11-15 13:40:00
CQ2809,2020-01-27 00:59:00
B41671,2018-06-04 23:35:00
B41719,2019-01-10 08:56:00
B37633,2020-02-03 12:03:00
B75680,2019-09-11 08:09:00
B37995,2018-11-23 00:57:00
B41766,2019-05-19 07:06:00
B38003,2019-05-27 17:52:00
B37638,2019-01-15 07:26:00
B27786,2018-04-28 10:59:00
B37827,2018-04-11 16:05:00
B37364,2019-01-01 05:03:00
B42000,2018-02-02 19:22:00
DB2736,2018-09-20 04:21:00
BD7816,2019-07-05 23:17:00
DB3276,2020-01-18 22:07:00
BD7778,2018-12-30 10:55:00
G27934,2018-08-18 06:21:00
DB3565,2018-04-05 20:31:00
F35627,2018-02-22 19:57:00
F99866,
F34038,2018-01-01 15:48:00
DB1464,2020-01-15 00:38:00
CJ3406,2018-12-03 05:51:00
CI9718,2018-12-16 09:51:00
DA9305,2019-05-20 06:48:00
B44650,2018-09-06 07:14:00
AC7044,2020-01-27 22:03:00
CJ8055,2018-05-21 23:50:00
B43642,2020-03-01 11:51:00
CJ8100,2020-03-28 19:33:00
CJ8028,2018-08-03 09:32:00
CL7474,2019-12-25 17:28:00
EF9181,2018-07-01 06:16:00
CK9671,2018-12-22 18:35:00
EE5855,2018-06-14 20:35:00
EE5317,2019-10-08 09:16:00
EE5621,2018-01-11 18:04:00
EE4471,2018-02-19 06:22:00
EE4446,2019-10-26 19:40:00
EE4988,2019-03-12 01:10:00
EE7741,2019-10-20 16:12:00
EE7235,2019-03-25 22:17:00
EE4962,2019-09-29 18:33:00
EE4989,2019-09-18 12:38:00
F36760,2020-03-06 16:56:00
BD7316,2019-04-26 20:35:00
EE7162,2020-01-29 00:23:00
EE7238,2018-09-21 09:19:00
CM6085,
BC1037,2020-03-26 17:31:00
CL7629,2019-12-01 02:17:00
B41529,2018-05-13 01:13:00
CL9920,2019-01-29 08:30:00
B37727,2019-09-24 04:15:00
AQ1022,2018-08-20 09:42:00
D96745,2020-02-20 13:32:00
BD7843,2018-09-03 01:33:00
CL9922,2018-09-01 14:00:00
CK9593,2019-12-13 13:10:00
F34037,2018-08-20 01:48:00
G28999,2018-10-27 03:47:00
EE9812,2020-03-27 14:35:00
F34608,2018-09-13 09:05:00
F99253,2018-11-14 01:01:00
F36204,2019-11-01 13:55:00
B79773,2019-11-21 21:05:00
B43743,2018-12-13 17:20:00
B79774,2018-05-09 16:54:00
CL0208,2020-01-04 18:25:00
EE6664,2018-02-19 11:38:00
CM7593,2018-12-20 20:30:00
CM0037,2018-12-28 16:47:00
EH1294,2018-05-20 22:49:00
FV4300,2020-01-14 22:00:00
B41677,2019-03-07 13:12:00
CL7540,2018-07-09 11:46:00
F34944,2019-09-01 15:06:00
CL7625,2018-05-21 14:37:00
CL7510,2018-12-13 08:07:00
CL7512,2018-06-30 07:53:00
EE9894,2019-06-04 16:47:00
F35606,2019-08-11 16:08:00
CK9842,2019-10-05 08:51:00
CK9810,2018-12-16 17:45:00
CK9787,2020-03-16 15:15:00
CK9812,
CL9975,2018-04-15 21:28:00
G26170,2018-03-07 16:03:00
F97258,2019-04-03 19:35:00
CL9980,2019-09-24 02:56:00
EG2066,2019-06-17 10:15:00
CL9981,2018-10-27 18:16:00
CM5995,2018-08-24 00:36:00
AC8133,2019-11-19 09:50:00
EE3656,2020-03-21 04:32:00
G27274,2020-03-10 13:06:00
G28372,2018-01-01 00:00:00
EG1188,2018-04-08 06:27:00
G27364,2018-05-03 20:01:00
G28583,2018-08-21 05:27:00
EF0582,2018-06-01 17:54:00
CL7522,2018-08-27 10:14:00
CM0040,2019-11-27 00:51:00
CL9940,2018-08-17 13:14:00
EE5107,2019-08-13 19:29:00
DA9853,2018-08-01 18:02:00
CG5675,2018-12-17 17:27:00
EE5357,2019-06-12 19:39:00
CL7641,2019-03-28 20:04:00
EE5451,2018-11-26 23:45:00
CK9458,2019-11-29 16:03:00
EE4444,2019-09-16 19:49:00
G28970,2018-07-10 06:12:00
DB3021,2018-12-29 16:29:00
EE6378,2018-10-04 13:19:00
BB9890,
EF2511,2018-01-02 11:33:00
F36393,2019-10-15 11:07:00
CL7275,2018-10-28 04:48:00
EE7906,2018-07-07 00:31:00
EE7908,2019-08-28 04:27:00
EE7681,2019-02-10 14:07:00
EE7680,2020-03-07 06:06:00
EF5887,2020-02-18 15:27:00
EE9675,2018-12-09 06:41:00
EG8323,2019-08-25 19:50:00
FV4417,
EG3493,2018-01-30 03:09:00
EE9717,2018-10-18 15:42:00
CM4938,2019-08-03 21:10:00
G27276,2019-04-10 09:35:00
B37789,2019-05-07 01:29:00
F36993,2018-04-03 05:19:00
CM4773,2019-02-14 06:20:00
BB1879,2018-10-28 14:01:00
BB1878,2018-07-29 04:27:00
BA9109,
BB6079,2018-04-13 08:54:00
BY2405,2019-02-02 16:31:00
CJ8985,2019-09-21 10:25:00
CL9949,2018-07-27 16:54:00
CM0041,
CK1083,2019-10-27 16:44:00
CL0213,2018-03-27 07:25:00
B43659,
BC0516,2019-01-13 00:08:00
BB9426,2019-02-24 00:42:00
F34426,2019-03-05 12:29:00
BD7810,2018-12-11 21:53:00
B44699,2018-10-17 10:44:00
EF8373,2020-02-22 20:50:00
EG7971,2019-06-17 14:12:00
EG7972,2020-04-11 11:24:00
AQ0106,2018-04-03 19:48:00
F34813,2018-11-27 15:33:00
EE7379,2019-01-23 01:05:00
EE9631,2019-07-22 07:39:00
CK9819,2019-12-22 09:09:00
EH1172,2019-10-16 05:33:00
EE9635,2019-08-23 15:10:00
EF9612,2019-03-10 13:37:00
EH1851,2019-02-04 15:55:00
EG1713,2020-01-10 21:53:00
CM5923,2020-01-18 18:10:00
CM5942,2018-02-23 19:39:00
CM5932,
CM5937,2019-06-30 03:43:00
CM5933,2018-05-28 15:09:00
CM5924,2018-08-07 17:33:00
CM5938,
EG4344,2019-03-02 10:45:00
EG5839,2019-09-06 07:01:00
EF8850,2018-07-01 20:45:00
CL9957,2018-03-14 20:32:00
B37704,2019-10-19 08:36:00
CL9964,2020-03-05 21:11:00
EF0804,2019-11-09 07:34:00
EG1144,2019-05-21 02:33:00
EG1146,2019-12-17 19:52:00
EH1531,
EE4316,
EG1393,2018-09-25 16:01:00
EG0978,
EG0959,2018-08-09 07:44:00
EE4185,2018-03-12 15:52:00
EG0693,
EF1043,2019-03-17 11:31:00
EH1530,2019-06-24 22:38:00
DB3145,2018-12-09 15:54:00
CL7378,2018-05-03 17:23:00
EG1391,2018-05-16 21:23:00
FV4284,2018-12-24 16:40:00
EG0695,2019-10-11 00:28:00
EE5403,2018-08-02 20:22:00
F35565,2019-02-23 20:45:00
EE4935,2019-11-24 14:55:00
F36392,2018-10-02 11:17:00
EE5597,2018-11-22 10:28:00
EG4370,2018-05-04 01:17:00
EE7888,2019-07-11 18:51:00
DB0156,2020-02-08 21:05:00
EE7686,2019-03-28 18:45:00
D96523,2018-04-29 10:41:00
EG3278,2018-09-25 08:07:00
EF6989,2019-08-16 14:38:00
D96524,2018-07-21 17:23:00
F35626,
F35629,2020-03-07 04:47:00
F35619,2020-01-29 14:52:00
EF1162,2018-10-30 23:57:00
G27244,2019-03-31 07:19:00
CP9196,2020-02-10 23:07:00
CP9028,2018-09-03 08:08:00
CP8933,2018-09-21 00:06:00
CP9029,2018-05-22 01:09:00
BB9345,2018-07-29 16:18:00
DB2064,2020-01-19 06:01:00
DB2188,2018-10-13 04:02:00
DB2125,
DA9588,2018-12-23 14:20:00
DB2080,2020-04-09 12:00:00
DB2463,2018-07-07 17:38:00
DB2166,2018-08-21 06:46:00
BB9185,2018-06-14 00:50:00
BC0552,2018-02-02 14:06:00
BC0316,2019-02-10 22:01:00
BB9375,
D97992,2018-03-09 04:55:00
BB8113,2018-08-24 05:52:00
B43665,2018-08-23 12:45:00
BB9188,2019-09-08 02:28:00
EE7042,2020-02-20 00:22:00
BB6280,2018-10-11 00:41:00
CK9455,2018-01-26 14:53:00
CG4019,2018-04-23 16:26:00
F35784,2019-12-21 19:59:00
BB6291,2019-04-13 12:38:00
CQ3176,2019-11-08 06:33:00
D97306,2020-02-19 17:47:00
D97451,2019-06-07 10:37:00
CK9859,2019-07-18 15:26:00
G28832,2018-07-08 23:55:00
EF5431,2019-05-11 21:21:00
F34393,2019-06-13 18:02:00
EF4258,2019-04-02 00:08:00
CM5970,2018-09-02 22:55:00
AQ0533,2018-05-29 20:07:00
EG4958,2019-05-09 21:57:00
280648,2019-05-01 00:39:00
288022,2019-10-02 11:04:00
CK9857,2018-06-11 13:35:00
CL9944,2019-11-22 01:02:00
FW0536,2019-11-06 17:41:00
EF0709,2018-04-07 01:29:00
BB6351,2018-01-21 16:23:00
FU8299,2019-06-26 14:08:00
CK9684,2019-08-14 13:55:00
DB2071,2018-10-14 11:38:00
BB9335,2018-06-11 16:13:00
F36199,2019-12-06 20:32:00
FV8788,2019-04-03 20:54:00
EE6255,2018-03-18 19:20:00
EE9845,2019-01-29 21:40:00
EF0416,2018-06-23 09:59:00
EF3830,2018-04-25 03:59:00
EG3106,2018-07-29 08:24:00
EG3667,2019-08-24 00:23:00
FV3907,2018-05-08 14:34:00
CM4815,2018-11-29 17:35:00
FV4287,2018-07-14 14:13:00
FV4291,2018-12-10 02:26:00
BY9260,2018-07-12 17:27:00
BB5478,2019-05-16 02:44:00
CM4832,2019-07-01 13:57:00
AQ8531,2018-11-06 04:44:00
G27706,2019-05-04 07:39:00
CK9655,2019-02-24 12:33:00
EF4690,2019-12-24 08:33:00
EF4689,2018-09-14 16:41:00
EG4959,2019-03-01 08:25:00
F35611,2019-07-25 06:45:00
FV3017,2018-12-16 05:54:00
FV2807,2019-08-07 21:17:00
EG3284,
F35383,2020-01-07 01:43:00
F34412,2019-03-10 20:12:00
EE9663,2019-04-20 03:57:00
CQ2332,2019-08-30 11:45:00
EE7744,2018-08-13 10:29:00
EE7801,2020-04-11 04:49:00
EF5945,2018-02-21 18:56:00
FV4649,2019-12-23 22:01:00
EF5891,2018-05-06 16:29:00
EF5884,2018-12-01 16:59:00
EH0169,2019-10-21 08:00:00
EG7964,2019-09-12 01:16:00
FV3023,2018-04-23 13:48:00
EH0175,2018-07-15 11:17:00
BB9347,
FV2872,2019-11-25 02:46:00
CP8971,2019-02-16 07:03:00
F35341,2018-08-05 03:40:00
FX4259,2018-10-23 15:31:00
BB9367,2020-03-21 20:20:00
CG6830,2018-04-08 05:08:00
BB8090,2018-10-18 01:13:00
EF8368,2018-08-07 12:17:00
EE7695,2019-10-25 00:13:00
EG6208,2019-11-27 16:39:00
EE7678,2018-11-06 02:06:00
EF1357,2020-03-09 22:37:00
G27367,2018-01-14 22:26:00
EF1240,2018-04-07 21:14:00
EF8287,2019-02-21 00:17:00
EF8292,2019-05-24 13:30:00
EF2380,2019-02-22 13:09:00
CM4816,2019-10-07 05:37:00
CM4936,2018-05-31 16:53:00
FW5354,2019-09-04 10:15:00
FW8153,2020-02-04 05:10:00
CM4881,2018-09-03 18:40:00
F34408,2019-10-01 21:54:00
CL7362,2019-02-16 07:03:00
F35594,2020-03-13 12:12:00
EF9237,2018-06-26 05:08:00
CG6465,2018-12-23 16:58:00
B43739,2019-01-09 09:14:00
F35316,2019-09-06 18:52:00
EE5803,2020-01-23 11:24:00
EG3730,2018-03-14 00:47:00
CM6084,2020-02-08 18:27:00
EF4261,2019-07-30 13:09:00
FW2154,2018-10-23 03:40:00
CL7640,2019-10-10 16:34:00
G26989,2020-04-02 18:03:00
EE7720,2019-09-24 17:25:00
B37698,2018-03-29 04:11:00
CM6072,2019-07-25 19:55:00
CK9795,2019-02-22 19:44:00
FU8940,2018-06-12 01:26:00
CL9923,2018-01-30 09:44:00
BY4027,2019-06-28 20:07:00
F35621,
EE9554,2018-11-29 21:32:00
B37697,
FV7538,2019-08-14 13:55:00
D97436,
EE7692,2019-09-20 02:49:00
EE9664,2019-12-21 02:52:00
EE6036,2018-08-25 02:56:00
FV7536,2018-12-27 14:27:00
EH0151,
CM5985,2019-06-05 21:45:00
CM5951,2018-01-09 01:33:00
CM5952,2019-04-09 04:37:00
CM5964,2018-01-11 03:35:00
EF1343,2018-07-17 06:44:00
EF4343,2019-07-17 13:06:00
B44142,2019-08-18 12:43:00
EE4320,2020-03-29 21:53:00
CL0252,2018-07-06 04:46:00
EE7904,2018-03-07 16:03:00
CM4885,2019-08-11 10:52:00
BY4061,2019-07-25 18:36:00
G26565,2019-08-26 06:22:00
F36333,2019-05-08 18:18:00
CL9986,2019-11-06 12:25:00
EF8210,2020-02-04 01:13:00
CL9976,2019-11-12 19:50:00
EE4805,2018-03-12 14:33:00
EF1814,2019-08-10 03:16:00
EG0953,2018-08-03 06:54:00
CM5915,2018-09-26 18:21:00
G27504,2019-02-03 01:44:00
BD7819,2018-02-26 01:38:00
EF4260,2018-04-18 16:37:00
EF4001,2020-04-11 10:05:00
EF4262,2019-12-06 03:25:00
EF5432,2019-12-26 04:00:00
EF4028,2019-03-31 13:54:00
EG8354,2019-09-06 03:04:00
EG8355,2019-08-07 10:45:00
CM4551,2019-10-23 08:43:00
FV3018,2018-04-15 16:12:00
EE4324,2020-02-03 18:38:00
F34469,2019-10-01 23:13:00
F35381,2018-09-11 05:44:00
B96558,2018-02-22 06:47:00
BA7376,2019-03-23 21:34:00
B37435,2019-10-22 01:07:00
F36334,
CL7338,2018-02-26 14:48:00
CQ1108,2018-10-29 01:52:00
FV4083,2018-09-27 23:19:00
CK1084,
CQ1129,2019-07-13 09:02:00
CQ1114,
B22729,2019-06-22 11:23:00
F36236,2020-04-12 08:28:00
F36232,2018-07-09 01:14:00
DB3555,2018-02-02 04:53:00
B42259,2019-06-05 03:19:00
B22728,2019-03-09 08:39:00
B27818,2019-02-27 15:36:00
B22721,2020-01-22 07:45:00
B22726,2019-03-30 08:56:00
B22762,2020-01-02 21:39:00
B41486,2018-02-12 09:47:00
B41686,2019-06-29 17:11:00
B41776,2019-09-19 12:20:00
F36221,2019-09-29 09:20:00
B22790,
BD7809,2019-07-04 22:16:00
EG1212,2020-03-01 03:57:00
EG1346,2019-11-29 17:22:00
DB1347,2019-01-25 18:55:00
F35595,2018-05-04 21:02:00
B96569,2019-08-29 23:54:00
F35593,2019-12-09 23:35:00
EF2099,2018-10-19 00:55:00
G27132,2019-08-03 01:25:00
DB3389,2018-07-07 15:00:00
EF1649,2019-10-06 12:30:00
EF1698,2020-03-22 00:17:00
EF2208,2019-05-30 07:45:00
EG0964,2019-04-03 11:41:00
EG7202,2018-11-24 05:55:00
EG7130,2018-02-08 04:24:00
FU8926,
EF1707,2018-09-26 11:46:00
G54739,2018-06-13 05:05:00
B44705,2018-06-29 09:30:00
DA8693,2019-03-24 02:50:00
CM0105,2020-01-10 04:46:00
F34611,2018-06-23 21:50:00
EG5933,
BB6574,2018-11-18 01:08:00
BD7878,2019-10-16 04:14:00
CK8040,2020-01-24 11:06:00
CK8037,2018-07-12 00:20:00
CK8039,
EE6254,2019-12-09 09:06:00
EE6081,2018-09-23 23:12:00
EE7383,2019-05-03 07:57:00
EE9665,2019-12-21 22:37:00
EE6111,2018-01-14 02:41:00
D97654,2019-05-08 06:27:00
EE6112,2019-12-01 19:24:00
CL9854,2018-04-23 03:16:00
EE4284,2019-01-08 22:42:00
EF0609,2019-08-10 15:07:00
CM0060,
G26566,2018-11-23 07:32:00
EF0500,2018-04-18 08:43:00
F34375,
EG1851,2018-02-21 03:08:00
BB7236,2019-09-02 09:32:00
CP9392,2019-01-05 17:01:00
F34573,2019-03-14 04:31:00
CL9853,
EF2378,2019-12-16 17:32:00
F34390,2018-10-12 04:20:00
CL9851,2019-11-15 16:18:00
F36412,2018-03-11 01:41:00
BB9425,2019-10-18 11:32:00
S78048,2018-11-04 04:01:00
G27463,2018-04-02 16:09:00
B44869,2018-07-29 07:05:00
CM0002,2019-05-31 16:40:00
EH1837,2019-10-13 06:27:00
EF2392,2018-12-22 00:09:00
EH0433,2018-11-26 17:10:00
EE4393,2018-08-14 16:46:00
EE9642,2020-01-31 07:41:00
EG0692,2018-02-10 02:29:00
F34376,2019-08-23 15:10:00
DA9997,2019-09-18 19:13:00
G28527,2018-02-28 14:12:00
CQ0443,2020-02-07 14:48:00
EE9555,2020-03-13 20:06:00
EE9027,
G28523,2020-02-10 15:13:00
DB3390,2019-04-27 15:01:00
BB9440,2019-09-16 02:42:00
CP8932,2020-03-16 13:56:00
D97959,2019-05-23 20:23:00
D97609,2019-11-29 16:03:00
BB9187,2018-06-25 00:10:00
AQ0407,2020-02-02 11:02:00
FW5366,2018-07-19 19:18:00
CJ8979,2018-03-22 12:52:00
B42099,2020-03-22 18:43:00
CM0042,2018-05-19 15:13:00
EE6814,
BD7927,2020-03-03 21:47:00
FU8296,2018-12-26 08:10:00
EE9576,2019-01-28 15:23:00
CM5914,2018-12-07 17:49:00
EF0893,2019-11-30 14:26:00
EG0979,2019-02-14 03:42:00
CK9797,2019-10-21 22:29:00
B37706,2019-02-02 23:06:00
CG6237,2019-07-11 05:41:00
AW4591,2019-06-06 14:52:00
DB3364,2020-02-14 04:48:00
F35234,2020-01-09 14:17:00
B37703,2019-03-10 09:40:00
D97441,2019-08-13 05:00:00
CM6023,2018-06-28 03:13:00
CM6022,2018-04-14 00:42:00
EH0166,2018-02-22 09:25:00
EG0429,2019-02-07 17:39:00
FU8298,2018-09-04 23:38:00
FV0033,2019-03-04 07:31:00
CL9987,2018-01-19 15:40:00
FU8297,2018-03-09 15:27:00
EF0573,2019-03-17 06:15:00
EG0755,2020-02-21 09:17:00
FW1970,
BD7865,2020-01-30 07:59:00
EG2211,2019-08-26 15:35:00
D69234,2018-04-17 09:01:00
EG2216,2019-09-28 17:32:00
EG2007,2018-01-05 00:07:00
CM6029,2019-05-12 03:56:00
EF2479,2020-01-18 16:51:00
EE9658,2019-12-12 08:12:00
CM6028,2019-12-11 09:49:00
EE7669,2020-03-07 00:50:00
CM6027,2018-08-22 18:19:00
EG2009,2019-09-10 08:27:00
CM6007,2018-10-15 19:14:00
CL9855,
EF3504,2020-02-02 04:27:00
EF0606,
M20324,2019-06-11 06:47:00
EG2659,2019-01-01 23:29:00
FW5445,2018-03-18 15:23:00
FW3136,2020-01-13 17:02:00
EH1106,2018-12-30 04:20:00
EH1943,2018-07-13 17:09:00
EG0773,2018-02-09 05:25:00
EG2799,2019-01-05 17:01:00
EF9919,2018-02-11 17:59:00
EE4599,2020-04-06 11:35:00
EF9866,2019-08-17 09:04:00
EF9908,2019-10-07 22:44:00
CM6031,2019-06-07 06:40:00
CM6012,2019-05-04 10:17:00
EF9926,2018-08-12 09:28:00
CM6013,2019-02-13 10:35:00
D96931,2019-07-01 03:25:00
BB3218,2020-04-07 02:04:00
EH1875,2019-10-21 08:00:00
CM6032,
EG0691,2019-12-02 13:50:00
G28220,2019-03-31 03:22:00
FW0525,2018-08-28 00:43:00
G26934,2019-06-28 17:29:00
EF3509,2018-07-15 00:45:00
EF3503,2018-08-05 03:40:00
EF3505,2018-05-01 08:46:00
CM6008,2018-07-05 16:55:00
BC0980,2018-12-09 02:44:00
EF9924,2019-05-01 07:14:00
CJ1646-600,2018-09-13 22:15:00
CT4328-101,2019-12-15 03:21:00
CI3482-200,2019-09-11 10:47:00
CD0479-200,2018-10-22 10:33:00
CZ6156-101,2019-10-02 13:42:00
CJ6314-146,2018-10-05 18:17:00
CI0808-100,2019-10-08 05:19:00
CJ0861-017,2018-02-26 09:32:00
AT8242-009,2018-03-13 07:40:00
CK2595-500,
CD0490-104,2019-08-28 20:15:00
315115-112,2020-02-01 00:48:00
AV5186-101,2020-03-25 02:01:00
CJ0860-668,2019-06-01 22:57:00
AJ6910-009,2019-05-01 04:36:00
BQ7043-668,2019-03-18 17:48:00
CK2608-100,2018-02-11 10:05:00
921733-104,
CJ1379-001,2019-03-03 06:30:00
CT1726-100,2019-01-21 13:32:00
CT4525-001,
923112-001,2018-03-17 10:25:00
BQ3381-600,2018-08-24 04:33:00
AO2982-076,2019-05-15 05:40:00
CJ0277-002,2019-07-17 13:06:00
AQ2730-009,2019-04-03 19:35:00
CT1030-100,2019-10-19 12:33:00
CK9671-001,2019-01-13 23:50:00
BQ4632-602,2018-11-30 13:20:00
CJ0280-001,2019-07-15 07:07:00
AR6374-402,2019-12-10 21:58:00
CU5646-001,2018-08-01 14:05:00
AR4543-013,2018-11-01 22:02:00
CI3707-100,2019-01-03 05:46:00
CQ9500-100,
CJ1642-002,2018-01-20 16:41:00
CD0888-002,2020-02-06 03:15:00
CI3868-001,2019-08-25 11:56:00
CJ0636-100,2020-01-05 23:23:00
852542-087,2018-08-07 05:42:00
CK2351-601,2018-11-10 23:17:00
BV0657-400,2018-10-08 13:26:00
AT8000-104,2019-04-18 12:27:00
554724-066,2020-01-16 00:20:00
CJ0619-100,2019-02-08 01:33:00
CJ0592-001,2019-01-07 16:25:00
CT3867-001,
CJ0267-001,
AT7998-104,2019-10-04 07:50:00
AT7898-104,2018-10-08 21:20:00
CD5086-500,2020-02-13 10:22:00
CJ0625-700,2018-02-08 22:50:00
CT4352-104,2020-02-21 02:42:00
CD3002-103,2019-11-25 15:56:00
CD3460-010,2020-02-13 01:09:00
CD3395-006,2019-08-23 02:00:00
CQ6569-001,2018-07-31 14:23:00
AT7997-606,2019-05-18 03:27:00
CI3708-700,2018-05-08 17:12:00
CT1104-700,2019-12-11 09:49:00
CD5007-102,2018-09-03 23:56:00
AT7995-104,
BV9977-101,2019-03-12 07:45:00
CD0200-003,2019-05-16 19:51:00
BQ3177-100,2019-03-15 17:23:00
DA4155-400,2019-11-08 13:08:00
CJ0773-010,2020-01-27 00:59:00
CQ0912-100,2019-02-21 05:33:00
CT1099-093,
CI1718-001,2019-02-02 02:02:00
CD0490-101,2019-01-04 02:50:00
AT7980-606,2019-07-26 03:49:00
BQ3202-011,2018-03-18 00:54:00
CD0113-400,2020-02-21 00:04:00
CQ2344-100,2019-07-03 09:24:00
AO4971-700,2019-03-20 15:53:00
AV2605-101,2019-09-29 21:11:00
AA1625-009,
CK3022-005,
AO7351-104,2018-05-31 20:50:00
AJ9515-001,2019-01-04 18:38:00
AO2434-101,2018-09-09 20:49:00
CJ0861-010,2019-12-13 00:00:00
AT1198-401,2018-11-25 09:34:00
AT7996-606,2019-12-29 20:13:00
CK2772-101,
AQ7477-009,
AQ5707-001,2018-10-02 08:39:00
BV4584-001,2019-08-22 22:03:00
CD6721-808,2019-12-09 14:22:00
AO0566-606,2018-02-07 08:39:00
AT5410-003,2018-07-23 11:31:00
BV6348-300,2019-06-30 19:31:00
CI3703-401,2019-07-28 17:42:00
AT7946-414,2018-12-27 18:24:00
BQ5401-001,2020-03-23 09:12:00
BV7725-500,2018-05-15 15:06:00
CU7623-002,2018-02-22 13:22:00
CK5669-400,2018-11-22 06:31:00
704939-103,2018-10-16 17:37:00
CD5050-400,2018-10-02 04:42:00
CK5836-100,2019-06-18 19:10:00
CI1396-600,2020-03-17 18:54:00
CD0916-001,2018-02-18 15:53:00
BV1507-001,2020-03-01 11:51:00
BQ6623-070,2019-09-03 21:05:00
CD4156-606,2018-03-27 20:35:00
CI3831-200,2018-03-08 17:04:00
AO1741-003,2019-04-13 17:54:00
AH8050-100,2019-03-05 17:45:00
CD4159-606,2018-01-26 04:21:00
CK4363-100,2019-12-31 05:08:00
CN8490-100,2019-04-10 00:22:00
CI9921-001,2018-10-14 11:38:00
AO3269-717,2019-09-15 03:00:00
CI9367-301,2018-09-16 16:05:00
AT7960-104,
AT8179-100,2019-05-28 12:18:00
AV3866-001,2018-01-12 21:43:00
AH1015-010,2019-05-03 00:03:00
AT5293-004,2018-05-09 03:44:00
AT7949-606,2020-02-03 04:09:00
AT6395-002,2018-07-13 06:37:00
CK6357-005,2018-11-10 14:04:00
AV5555-001,2019-09-29 09:20:00
310805-137,2019-07-25 17:17:00
130690-017,2019-07-29 21:21:00
CT1264-101,2019-09-12 01:16:00
CK5668-600,2018-08-12 06:50:00
BQ5427-401,2018-03-23 07:18:00
AQ7497-300,2018-04-12 14:28:00
CT4526-100,2018-10-09 01:17:00
AH7378-801,2019-12-16 08:19:00
CJ0404-001,2018-01-18 01:29:00
CI3871-300,2020-04-06 03:41:00
BQ2728-012,2019-06-24 18:41:00
CT3110-400,2018-08-16 12:13:00
CJ0270-601,2019-12-27 18:11:00
CT8919-700,2019-09-27 20:28:00
CT1020-001,2018-10-09 05:14:00
CD5082-001,2019-06-26 02:17:00
BV5739-500,
CW4286-100,2019-03-28 09:32:00
CD0887-201,2019-04-05 01:52:00
CD5028-900,2020-02-22 06:21:00
AJ6900-102,2019-03-31 17:51:00
CI9842-500,2019-03-08 14:13:00
CI0919-100,2019-07-02 03:07:00
CK7200-800,2019-11-12 18:31:00
487754-303,2019-04-18 09:49:00
AH7249-118,2019-08-26 09:00:00
CJ9684-001,2019-06-20 21:12:00
AO0354-108,2019-10-20 01:43:00
AT2863-100,
832528-001,2018-08-09 02:28:00
CD4371-001,2019-05-01 05:55:00
AQ8830-016,2018-02-18 23:47:00
AO9819-001,2019-07-29 16:05:00
AR3863-101,2018-09-01 16:38:00
CI3706-100,2019-02-13 17:10:00
AT1369-103,2019-01-01 19:32:00
AQ1189-009,2018-12-07 12:33:00
CU5133-600,2020-01-20 22:50:00
CK9670-100,2019-07-23 06:02:00
CI5546-100,2019-07-30 03:56:00
BQ6826-003,2018-02-05 10:34:00
CU0814-102,2019-09-16 01:23:00
AV4789-104,2019-12-14 04:58:00
CJ3312-001,2019-01-31 07:54:00
AR6631-004,2020-01-21 18:35:00
BQ6166-003,2019-09-11 22:38:00
CQ0492-001,
918193-700,2020-03-11 12:48:00
AQ0926-001,2018-04-07 06:45:00
AQ7489-008,2019-10-22 07:42:00
CD7070-009,2019-11-27 16:39:00
AH7857-009,2019-12-07 22:52:00
CT5229-001,2019-05-01 12:30:00
CJ1300-401,
880848-005,2018-05-03 18:42:00
AT8240-003,2018-07-23 11:31:00
942851-002,2019-03-21 01:06:00
AR5677-200,2019-10-10 06:02:00
CI9949-001,2018-11-10 03:32:00
AJ6959-717,2020-01-24 01:53:00
415445-102,2018-05-10 19:14:00
BQ5422-200,2018-04-30 22:14:00
AT7975-606,2018-08-27 11:33:00
553558-125,2018-06-15 18:58:00
AQ0925-002,2018-07-29 00:30:00
CD6404-800,2019-11-16 17:19:00
AQ4176-049,2019-07-22 12:55:00
CT3632-001,2018-01-31 02:51:00
CK2718-003,2020-02-12 10:40:00
AO2924-401,2018-06-26 15:40:00
AR4229-003,2018-04-09 07:28:00
AQ8306-407,2019-03-02 22:36:00
CD0881-104,2019-04-08 04:55:00
CT5342-007,2019-05-22 11:28:00
CI3705-600,
AQ7878-003,2018-10-13 21:09:00
AO0570-810,2019-03-18 15:10:00
CT5528-001,2019-11-11 04:20:00
CD7288-001,2019-02-15 00:46:00
BQ5435-703,2018-05-19 00:44:00
BV0612-001,2019-10-23 07:24:00
CD2182-001,2019-05-27 12:36:00
133000-106,2018-08-21 01:30:00
CJ0579-400,2019-12-01 14:08:00
BV0417-401,2019-12-14 10:14:00
AQ2203-003,2020-02-23 10:00:00
BV5502-600,2019-12-31 16:59:00
CD7005-001,2018-10-18 13:04:00
CD2803-001,2020-01-02 17:42:00
CJ6971-001,2018-08-06 00:44:00
AJ7695-100,2020-04-11 15:21:00
640744-016,2018-09-24 11:03:00
AQ2568-100,2020-04-03 03:16:00
CT2007-100,2020-02-13 23:32:00
CI3866-100,2018-05-27 16:46:00
CU8861-460,2018-02-22 01:31:00
AT6107-606,2020-02-20 01:41:00
CJ0219-400,2018-03-25 11:58:00
BQ5615-002,2018-11-30 13:20:00
BQ3448-400,2019-02-02 00:43:00
BV6344-001,2018-05-14 16:43:00
CQ6639-001,2018-05-31 01:05:00
AO2132-401,2019-04-06 14:44:00
CD4363-103,2018-01-14 09:16:00
CI3794-600,2018-05-26 14:26:00
CK4126-001,2019-10-10 15:15:00
CQ3317-001,
AA8030-108,
AO3622-006,2019-06-02 18:42:00
AT7967-104,2019-06-28 12:13:00
343881-412,2019-05-04 10:17:00
AQ4312-107,2018-11-11 03:14:00
CD0188-101,2018-04-04 08:58:00
AA7406-006,2019-06-29 17:11:00
CD0917-300,2020-04-12 13:44:00
CI2666-400,2019-12-07 09:42:00
AT5301-003,2020-01-23 14:02:00
CD2153-001,2019-09-15 10:54:00
AT7324-001,2019-08-05 08:43:00
CJ0710-004,2020-01-05 04:57:00
CK1069-001,2018-06-13 15:37:00
CT3509-001,2019-02-11 20:24:00
CD0191-009,2019-11-08 22:21:00
AT3378-471,2020-02-18 23:21:00
CD6105-007,2018-03-29 02:52:00
CD4373-001,2018-04-09 21:57:00
CD4173-606,2018-09-14 03:31:00
AV1201-600,2018-06-26 20:56:00
AV6337-003,2019-08-28 05:46:00
CN6928-300,2019-07-03 10:43:00
CD4372-004,2019-01-12 12:17:00
AT5292-606,
AQ2456-007,2019-06-12 05:10:00
CJ0217-001,2019-07-09 18:08:00
315122-001,2020-03-06 01:08:00
CK0980-002,2018-05-29 05:38:00
AR4225-003,2019-04-28 22:37:00
CT3890-101,2020-02-15 20:18:00
AT7999-414,2018-04-19 15:00:00
CD4161-606,2018-04-03 05:19:00
CD2189-002,2019-12-22 21:00:00
CD6615-100,2019-03-27 08:31:00
AO2605-600,2018-01-22 05:33:00
864348-019,2018-06-14 15:19:00
BQ5808-100,
CN5501-046,2018-04-03 06:38:00
BQ5102-400,2018-01-06 22:12:00
CJ0588-001,
BV7774-100,2019-04-03 10:22:00
CI1694-300,2019-03-24 10:44:00
631261-035,2019-12-07 16:17:00
BQ4630-500,2018-07-31 11:45:00
AT6099-606,2018-01-27 00:06:00
AT5269-606,2018-02-25 20:22:00
CN7664-800,
CD4962-001,2019-10-29 18:46:00
AO4568-600,2019-04-01 22:49:00
705265-006,2019-12-02 20:25:00
CJ0266-001,2019-04-05 18:59:00
AA1636-406,2020-02-24 11:01:00
BQ5190-101,2020-01-13 13:05:00
CT2692-002,2018-09-01 16:38:00
AO0577-717,2019-06-30 03:43:00
CU3005-171,2018-06-14 00:50:00
AA8018-101,2020-03-01 14:29:00
AV6243-400,2020-01-14 06:12:00
CT2535-001,
BQ5430-401,2019-10-02 08:26:00
AQ0927-100,2019-05-21 20:59:00
AQ4126-100,2019-11-08 10:30:00
918194-003,2020-01-22 18:17:00
AO0578-717,2019-01-29 21:40:00
CK0986-002,2020-04-11 15:21:00
BQ5469-703,2018-10-26 08:02:00
CT5063-100,2019-11-30 15:45:00
488161-602,2018-04-13 18:07:00
528895-003,2018-08-02 21:41:00
CD4570-300,2018-06-21 00:03:00
BQ3203-007,2020-03-30 00:31:00
CU3013-070,2019-11-05 23:15:00
CD6720-808,2018-10-02 20:30:00
CJ5472-900,
315123-111,2018-10-11 16:29:00
849559-004,2018-12-30 04:20:00
AO3095-100,2020-01-04 21:03:00
AR8836-009,2019-03-10 05:43:00
CT5062-100,2019-06-08 02:25:00
CN2408-001,2018-11-06 16:35:00
414571-030,2019-01-13 22:31:00
CJ2586-100,2018-12-22 01:28:00
BQ5240-200,2018-01-27 11:57:00
CI1504-100,2020-03-21 16:23:00
CK2630-700,2018-04-14 21:46:00
CD5029-001,2019-12-17 14:36:00
CD0189-001,2019-04-13 20:32:00
CK1195-101,2018-10-26 17:15:00
CJ1292-401,2019-06-02 00:16:00
BQ8928-011,2019-09-09 07:26:00
BV5841-800,2019-11-27 00:51:00
CD4387-100,2018-07-01 14:10:00
BV1712-001,2018-04-19 03:09:00
BV7106-400,
AQ2210-002,2019-07-01 12:38:00
AQ2222-200,2019-05-19 01:50:00
BQ4430-400,2018-05-06 21:45:00
CD2717-001,
943806-602,2019-06-30 05:02:00
CN2932-100,2018-10-16 22:53:00
CI9994-001,2018-09-19 21:46:00
CN6916-100,2019-11-07 01:35:00
CU2708-901,2018-06-28 22:58:00
BQ6044-100,2019-11-11 04:20:00
CD4365-003,2018-09-24 07:06:00
749571-154,2018-03-25 13:17:00
CI3835-002,2019-10-09 12:55:00
CJ1306-401,2018-09-08 04:00:00
CW6565-900,
AO1742-004,2018-06-26 01:11:00
AT6109-606,2019-06-27 00:40:00
CD4172-606,2018-06-20 09:34:00
AR4561-200,2018-05-27 22:02:00
CD0132-001,2018-09-17 06:34:00
BV1357-003,2019-02-10 04:54:00
AT3381-008,2018-11-23 04:54:00
AT7978-414,2018-07-11 09:51:00
CJ6106-100,2019-07-06 08:30:00
CK0089-100,2018-02-09 21:13:00
CT7695-401,2019-10-14 21:57:00
AO3258-080,2019-01-07 19:03:00
BQ0129-106,2020-03-01 19:45:00
AQ0114-101,
AO1023-005,2018-11-21 06:49:00
CW4409-100,2018-06-13 16:56:00
BQ1896-002,2018-05-15 04:34:00
AO3116-004,
CI3870-100,2019-01-30 04:15:00
CI2668-004,2018-01-16 20:31:00
487471-003,2019-01-31 23:42:00
CT2584-100,2019-10-19 23:05:00
AQ5708-201,2018-11-06 20:32:00
AR5676-401,2019-08-21 23:40:00
AT6110-004,2019-06-17 22:06:00
AQ7491-008,2019-06-22 15:20:00
CI1291-400,2019-12-24 11:11:00
CN5455-160,2019-01-06 18:02:00
CD5036-100,2018-04-11 04:14:00
CQ6278-001,2018-06-28 19:01:00
CU3459-200,2018-02-18 23:47:00
BQ3610-100,2019-03-20 01:24:00
AT5303-100,2020-01-29 05:39:00
CK2531-001,
BQ3611-100,2019-12-23 00:57:00
CV5515-001,2019-12-07 22:52:00
AQ7487-201,
AQ1289-003,
881105-800,2019-03-11 09:22:00
CI7523-002,2020-02-26 01:12:00
CT7698-600,2018-02-09 15:57:00
BQ9665-301,2018-01-08 18:58:00
BV7766-100,2018-12-15 11:28:00
832655-001,2019-05-07 21:14:00
CK2719-400,2018-05-23 03:29:00
554724-050,2018-08-19 10:00:00
AO3189-600,2019-09-02 01:38:00
AQ2731-500,2019-05-12 17:06:00
AH1016-602,2018-04-21 23:37:00
AJ6844-007,2019-07-20 06:56:00
CN3591-002,2019-05-16 01:25:00
CI1214-004,2018-03-10 12:31:00
343880-090,2019-01-24 16:35:00
CQ7731-900,2020-03-12 23:02:00
CD4366-002,2019-03-15 13:26:00
CI5646-200,2019-12-25 09:34:00
CD4573-001,2020-01-03 14:46:00
BQ5613-001,2018-06-04 02:31:00
AT8241-002,2018-06-23 16:34:00
BQ4631-100,2018-08-29 08:19:00
AQ2567-002,2020-01-28 07:16:00
844127-108,2018-02-02 08:50:00
AT7993-414,2018-09-14 08:47:00
CK3309-001,2019-03-21 05:03:00
749747-010,2018-06-08 19:45:00
634835-108,2019-02-05 02:27:00
366731-100,2019-12-01 12:49:00
CD3398-063,2018-11-30 05:26:00
CT5064-001,2018-06-16 12:05:00
BQ4424-700,2018-07-08 13:23:00
AV4417-002,2020-04-06 18:10:00
AO0571-606,2018-04-13 12:51:00
AT6174-004,2019-12-27 01:04:00
AR7718-001,2018-07-07 11:03:00
AQ7488-004,2019-04-24 13:17:00
AV4126-002,2019-05-07 18:36:00
CK2085-002,2020-03-23 23:41:00
CU0675-300,2018-07-26 06:40:00
618919-031,2018-06-22 14:14:00
BQ8927-102,2019-11-18 10:08:00
921826-016,2019-06-26 08:52:00
CK3314-400,2019-11-12 18:31:00
BQ3378-002,2019-02-19 16:41:00
BV7754-001,2018-12-07 12:33:00
BV0415-300,2019-05-24 05:36:00
AR5149-005,2018-08-01 04:52:00
CQ7619-700,2018-07-16 21:31:00
AQ4174-049,2019-02-20 13:45:00
AJ1285-101,2019-04-22 13:53:00
AV6259-500,2019-10-14 08:47:00
AT5292-004,2018-08-19 13:57:00
812654-011,2019-02-18 14:21:00
CT5543-300,2018-08-15 00:40:00
CU9174-600,2019-12-20 04:29:00
CJ0509-001,2019-11-08 15:46:00
CK3312-001,2019-08-21 10:30:00
CT0624-100,2018-10-17 16:00:00
CJ9712-001,2019-07-18 03:35:00
CT1549-001,2018-06-09 14:11:00
CD0683-600,2019-10-29 18:46:00
BQ3212-600,2018-11-03 03:00:00
807471-101,2019-12-22 11:47:00
AT6175-100,2018-11-10 16:42:00
AH6789-023,2018-08-07 17:33:00
AT7996-414,2018-04-27 23:08:00
922474-001,2019-03-05 19:04:00
CI3898-200,
CJ0882-001,2019-08-01 13:52:00
BQ5467-101,2018-10-17 12:03:00
AO3267-080,2018-01-03 04:40:00
AQ7492-010,2018-02-24 02:14:00
CJ0220-400,2019-08-22 00:59:00
CQ6566-700,2019-05-12 07:53:00
AJ4115-060,2019-12-04 11:55:00
AQ1316-500,2020-03-30 03:09:00
BV5740-101,2018-08-30 10:39:00
CJ9681-001,2020-03-22 23:59:00
AT6817-300,2018-11-24 09:52:00
CD0431-107,2019-07-22 20:49:00
AV4052-116,2019-05-22 18:03:00
CK4122-100,2018-07-30 08:06:00
AQ7483-001,
CD8526-446,2018-07-19 23:15:00
CJ1292-703,2019-11-18 10:08:00
CI1396-004,2018-08-15 15:09:00
807471-103,2020-04-02 07:31:00
CJ1794-600,
CK6360-001,
CQ6549-001,2019-06-24 23:57:00
AR5339-002,2019-05-19 21:35:00
CD2053-105,2018-06-03 12:02:00
CI7395-100,2018-05-16 18:45:00
AT5673-700,2019-04-19 16:06:00
BV7775-100,2020-03-28 16:55:00
CI7815-602,2019-03-30 16:50:00
CJ0818-146,2018-02-23 15:42:00
CI1289-100,2018-03-09 06:14:00
CD7287-003,2020-03-26 09:37:00
AO2607-401,2019-11-15 09:43:00
AO3424-001,2018-01-28 05:04:00
BQ5972-001,2018-10-03 18:53:00
313358-006,2018-10-06 14:02:00
CI1290-100,2020-01-23 14:02:00
BV6484-002,2018-09-20 20:09:00
885118-001,2018-06-11 21:29:00
BV7099-400,2020-04-01 18:21:00
BV3387-400,2018-09-12 22:33:00
849560-001,2019-02-15 04:43:00
AA7408-008,2018-07-23 03:37:00
BQ9138-601,2019-10-06 13:49:00
AV5187-602,2018-06-26 15:40:00
AA0287-002,2019-10-26 18:21:00
BV7756-001,2018-05-03 06:51:00
AR6632-603,2020-03-04 20:10:00
AA1640-002,2019-06-28 18:48:00
AA8027-109,2020-01-11 12:22:00
AR4225-100,2020-01-18 06:19:00
CD6964-002,2019-09-16 06:39:00
CN7383-300,2018-03-20 16:06:00
CI7388-600,2019-03-31 12:35:00
BV7782-001,2019-05-17 05:04:00
CK2630-001,2019-10-31 20:48:00
CN6867-001,2018-10-04 02:47:00
BQ7978-001,2019-11-25 13:18:00
844896-002,2019-11-09 18:06:00
BQ6046-010,
CT5770-300,2019-11-15 16:18:00
CU3004-176,
CI3899-200,2018-10-30 17:22:00
BV0389-001,2019-06-26 20:43:00
CQ0989-002,2018-10-22 11:52:00
CI7379-400,
CN6881-300,
CI3869-500,2020-04-12 19:00:00
AV9370-001,2018-03-22 15:30:00
BV1134-001,2018-10-20 23:00:00
CT1531-001,2020-02-07 06:54:00
AR7410-603,2019-01-24 00:47:00
BQ5435-401,2018-10-06 00:52:00
812655-011,2018-10-28 16:39:00
325213-139,2018-07-28 15:17:00
AO9820-001,2018-02-07 23:08:00
AA1626-602,2019-12-28 06:02:00
AQ8228-102,2018-12-06 18:07:00
AH7858-010,2018-06-15 16:20:00
CI1246-302,2019-04-09 04:37:00
AO7353-105,2018-05-08 09:18:00
CI3709-001,2019-10-21 04:03:00
AA8022-107,2019-11-20 09:32:00
CK3321-100,2020-02-20 12:13:00
AO3108-018,2018-11-04 18:30:00
CQ2503-900,2019-07-04 13:03:00
AR9293-603,2020-02-17 03:54:00
BV0614-005,2018-07-27 10:19:00
CQ7620-001,2019-10-03 12:05:00
BV1021-007,2018-06-08 17:07:00
CJ0842-600,2019-03-18 03:19:00
AV9373-002,2018-03-01 09:57:00
807443-503,2018-04-28 17:34:00
AO3166-300,
CI3446-001,
AR4347-600,
CI3867-001,2020-01-17 11:53:00
CQ0278-200,
AT7968-606,2018-03-01 19:10:00
BV7757-500,2019-02-22 17:06:00
CD2722-001,2018-03-31 10:10:00
AT6100-606,
CT9155-063,2019-02-08 18:40:00
CI1236-100,2020-02-19 21:44:00
AH6799-300,2018-02-28 07:37:00
CJ9585-600,2019-01-26 21:15:00
