response_date,user_id,nps_rating
2020-10-23,44903,9
2020-10-15,43303,10
2020-11-22,18075,10
2020-10-10,26419,9
2020-11-03,36838,1
2020-10-26,26791,9
2020-11-07,40965,7
2020-10-12,38637,7
2020-10-01,40253,7
2020-10-18,38595,6
2020-11-13,20789,9
2020-11-05,47574,6
2020-12-21,22354,10
2020-11-09,37394,10
2020-12-14,10512,7
2020-10-19,36350,7
2020-10-11,18303,7
2020-10-16,35882,9
2020-11-29,25736,8
2020-10-26,42443,10
2020-11-24,49756,10
2020-10-20,39571,9
2020-10-19,16082,9
2020-10-11,24835,7
2020-11-09,11189,10
2020-10-19,21036,5
2020-10-16,11031,7
2020-10-30,33251,9
2020-10-16,33877,6
2020-11-19,41199,10
2020-12-18,16771,7
2020-12-09,27302,6
2020-10-18,36714,10
2020-12-09,36375,7
2020-12-26,40457,7
2020-12-31,18140,7
2020-10-26,28009,7
2020-12-02,20626,2
2020-10-06,24824,6
2020-12-12,19041,2
2020-10-15,16803,10
2020-12-18,10470,3
2020-11-21,28142,4
2020-11-26,25145,9
2020-11-08,45248,7
2020-12-17,18738,7
2020-10-16,24475,10
2020-10-05,26993,7
2020-12-23,28411,10
2020-10-27,43126,7
2020-12-31,35058,7
2020-10-30,22589,7
2020-12-05,49393,4
2020-10-05,25597,7
2020-12-09,26179,7
2020-11-07,18359,10
2020-10-23,31852,9
2020-10-27,23316,6
2020-11-28,26983,2
2020-11-17,23462,7
2020-10-22,33512,7
2020-12-04,48622,9
2020-10-17,37156,9
2020-10-25,16244,7
2020-11-02,31802,6
2020-10-26,21272,9
2020-12-20,40229,9
2020-11-14,40057,9
2020-11-15,43597,7
2020-10-24,35065,10
2020-12-17,38495,7
2020-10-04,44163,7
2020-10-09,19945,9
2020-10-02,49220,9
2020-10-30,21486,7
2020-10-20,39880,7
2020-12-11,17458,7
2020-11-26,39607,9
2020-10-13,21465,7
2020-10-31,20344,6
2020-10-18,22052,7
2020-12-22,49531,10
2020-12-05,17770,6
2020-12-10,45691,9
2020-10-03,29640,10
2020-11-17,42386,7
2020-11-26,41040,7
2020-12-10,31143,7
2020-11-17,24543,1
2020-11-21,31040,9
2020-11-08,20238,9
2020-11-15,32359,7
2020-12-12,33758,9
2020-12-07,20005,9
2020-11-01,44330,10
2020-11-09,49604,9
2020-10-07,40516,7
2020-10-28,39616,9
2020-10-12,19144,2
2020-10-15,22343,6
2020-12-10,49476,1
2020-10-27,14157,9
2020-10-30,18209,7
2020-12-15,27285,7
2020-10-25,45149,9
2020-11-16,26294,8
2020-11-10,30267,9
2020-12-25,42947,10
2020-11-21,22279,9
2020-11-06,40040,7
2020-11-17,26027,7
2020-10-03,37249,7
2020-10-17,22137,5
2020-12-27,29278,8
2020-12-27,15168,1
2020-12-04,27843,9
2020-10-11,12599,7
2020-11-25,14944,9
2020-12-02,23129,10
2020-11-05,21244,6
2020-12-03,15163,10
2020-10-25,44415,8
2020-12-30,42431,2
2020-11-12,33918,7
2020-12-23,32844,3
2020-12-16,18437,6
2020-12-25,15182,6
2020-11-17,20534,7
2020-11-16,27496,7
2020-10-29,21654,10
2020-10-30,20603,4
2020-12-02,49686,10
2020-10-29,16392,9
2020-10-16,10895,10
2020-12-24,17698,9
2020-12-20,45555,7
2020-11-03,22183,3
2020-12-24,21676,9
2020-11-19,28155,10
2020-10-22,42952,9
2020-11-03,38005,10
2020-10-26,14453,10
2020-11-30,17557,10
2020-11-12,48699,9
2020-11-21,40232,6
2020-10-09,16921,5
2020-10-02,15437,7
2020-11-01,47970,3
2020-11-10,13098,7
2020-10-14,31100,10
2020-12-11,22586,8
2020-12-07,25064,7
2020-10-02,40060,10
2020-10-24,35759,7
2020-10-22,37730,9
2020-12-10,41772,9
2020-12-22,31239,7
2020-10-13,25546,7
2020-12-26,13445,9
2020-11-25,41574,9
2020-12-01,15895,7
2020-11-19,49485,2
2020-11-06,34190,7
2020-11-01,22683,5
2020-10-02,40972,4
2020-12-19,44444,9
2020-11-04,23716,7
2020-12-18,25591,7
2020-12-08,19917,10
2020-10-17,11131,7
2020-12-21,40308,10
2020-12-26,29021,7
2020-11-14,30650,10
2020-12-24,25490,10
2020-12-10,39870,9
2020-12-10,19997,10
2020-11-29,46854,7
2020-11-01,28881,6
2020-10-27,42754,8
2020-10-14,41410,8
2020-12-25,16001,8
2020-10-12,25182,9
2020-12-27,46406,2
2020-12-27,14422,10
2020-11-17,29856,10
2020-11-30,29865,9
2020-11-01,10295,7
2020-10-17,44202,10
2020-12-29,16356,4
2020-12-03,43349,10
2020-11-29,48434,9
2020-12-15,33111,7
2020-11-28,49305,10
2020-12-12,49123,7
2020-10-01,43482,7
2020-10-26,13294,7
2020-12-13,40575,7
2020-12-04,23326,9
2020-11-17,12503,6
2020-10-16,40650,7
2020-10-27,32736,7
2020-12-25,20914,7
2020-11-07,26773,10
2020-11-29,35848,7
2020-11-01,37223,9
2020-10-01,12784,6
2020-11-30,48368,10
2020-10-20,47418,6
2020-11-11,34693,7
2020-12-18,16226,6
2020-12-17,19160,1
2020-11-04,30212,7
2020-11-20,30371,9
2020-12-18,33999,10
2020-10-20,10932,8
2020-10-22,31732,7
2020-12-10,31639,7
2020-12-29,40459,6
2020-11-08,23535,7
2020-11-13,46733,9
2020-11-17,23067,8
2020-10-06,12156,6
2020-12-30,15503,9
2020-10-23,27510,7
2020-12-12,29755,10
2020-12-11,40531,10
2020-10-11,26576,7
2020-11-20,45860,10
2020-12-20,26486,10
2020-10-20,36924,7
2020-11-19,49048,7
2020-11-07,38748,9
2020-12-20,29010,0
2020-10-11,26286,10
2020-12-22,23705,5
2020-12-16,21933,10
2020-10-03,30372,7
2020-10-05,20711,1
2020-12-25,38815,7
2020-10-25,31406,7
2020-12-20,23854,9
2020-12-17,49725,1
2020-12-12,23222,10
2020-12-31,14641,10
2020-12-28,27617,2
2020-10-08,49207,9
2020-12-19,30245,7
2020-12-23,34554,10
2020-10-02,12872,7
2020-11-01,49555,10
2020-11-24,22120,7
2020-12-25,22291,10
2020-12-21,39966,9
2020-12-19,41920,2
2020-10-30,36152,7
2020-12-20,16567,9
2020-11-28,23268,7
2020-12-18,30544,7
2020-12-16,19481,9
2020-10-18,27985,10
2020-11-18,21966,7
2020-10-25,46026,9
2020-11-13,19465,9
2020-12-21,11705,9
2020-11-07,26741,7
2020-12-18,29403,10
2020-11-20,16762,10
2020-12-08,41932,4
2020-10-02,21776,1
2020-12-29,43879,8
2020-11-08,32299,9
2020-12-28,16386,9
2020-10-29,40290,10
2020-12-22,27370,9
2020-11-14,13033,9
2020-11-19,32113,1
2020-10-31,22732,10
2020-12-10,31282,9
2020-12-22,27090,9
2020-11-16,40456,7
2020-10-08,17257,7
2020-11-13,17714,9
2020-11-26,27515,7
2020-11-09,39425,10
2020-11-30,44721,5
2020-11-05,45787,6
2020-10-04,44974,7
2020-12-11,22447,10
2020-10-26,23685,1
2020-12-06,19078,10
2020-12-27,49159,7
2020-11-29,13406,3
2020-12-15,33410,7
2020-11-12,23828,7
2020-10-04,34788,7
2020-12-14,29793,2
2020-11-04,48923,9
2020-11-14,12927,1
2020-11-20,28030,9
2020-12-10,28074,7
2020-10-09,28871,3
2020-12-14,48520,9
2020-12-14,25031,10
2020-12-18,33109,7
2020-11-30,36741,10
2020-12-27,34838,9
2020-11-30,27764,9
2020-12-04,20672,5
2020-11-01,49706,7
2020-12-08,42053,1
2020-12-08,30335,9
2020-11-01,31945,1
2020-12-26,44570,9
2020-11-28,40171,9
2020-11-09,31799,7
2020-10-03,45706,10
2020-10-02,23529,7
2020-10-02,32173,7
2020-12-06,17551,7
2020-12-09,12242,7
2020-12-20,36369,9
2020-11-08,18514,10
2020-11-29,14505,7
2020-10-22,34158,6
2020-10-25,15452,7
2020-11-23,32279,7
2020-11-17,32051,9
2020-10-29,25796,7
2020-10-02,49798,7
2020-11-01,12608,6
2020-12-24,17617,10
2020-12-19,30818,8
2020-10-27,32919,9
2020-10-17,33685,9
2020-10-28,24247,9
2020-11-28,46864,8
2020-12-13,36168,7
2020-12-19,29242,10
2020-12-04,49053,7
2020-10-05,38276,10
2020-11-13,40132,7
2020-12-22,11122,7
2020-10-14,36179,10
2020-12-28,42703,6
2020-12-10,35088,10
2020-11-29,32200,4
2020-11-23,31076,5
2020-12-20,39376,9
2020-10-25,11051,10
2020-10-20,10732,9
2020-11-06,16884,7
2020-12-27,15518,10
2020-10-08,10980,7
2020-12-23,17043,10
2020-10-12,47024,10
2020-10-04,44629,10
2020-12-20,37711,9
2020-12-25,12247,7
2020-11-03,35478,9
2020-12-15,28787,5
2020-12-06,18385,10
2020-12-12,28992,7
2020-12-03,11801,4
2020-12-29,35241,7
2020-10-04,39038,2
2020-10-09,21684,10
2020-12-13,40760,7
2020-12-23,12748,7
2020-10-03,47788,5
2020-10-03,12731,9
2020-10-05,42936,10
2020-11-07,22001,9
2020-10-27,38353,10
2020-12-30,34819,9
2020-11-18,26960,5
2020-12-17,17251,6
2020-12-14,35769,9
2020-10-27,36602,10
2020-12-10,18910,3
2020-11-11,12664,7
2020-11-29,39796,7
2020-10-29,11292,9
2020-11-30,10497,10
2020-12-14,38181,7
2020-12-09,42180,7
2020-11-05,31694,7
2020-10-21,27288,10
2020-11-13,36260,2
2020-12-03,32133,10
2020-11-24,33264,4
2020-12-27,49177,7
2020-11-09,18972,10
2020-10-29,24429,7
2020-11-22,31454,7
2020-11-20,42938,7
2020-11-05,45892,9
2020-10-07,47541,10
2020-11-26,42155,7
2020-12-03,24842,6
2020-12-09,18087,10
2020-12-01,15249,1
2020-11-23,41014,9
2020-12-09,42031,9
2020-10-22,10690,2
2020-12-26,18434,7
2020-10-18,16089,7
2020-12-30,35574,9
2020-11-25,44779,9
2020-10-14,33520,10
2020-10-16,24484,9
2020-11-26,35581,0
2020-11-08,21580,6
2020-12-31,35128,6
2020-10-29,35536,10
2020-10-10,12739,10
2020-10-30,27034,7
2020-10-09,24918,9
2020-11-09,38240,9
2020-10-16,24568,8
2020-12-25,20815,10
2020-10-25,25464,7
2020-10-01,39783,4
2020-10-22,42568,10
2020-11-18,34937,7
2020-12-05,44651,7
2020-11-08,35563,4
2020-10-02,32353,10
2020-11-18,44335,9
2020-11-25,27430,8
2020-11-01,29609,10
2020-12-24,47307,7
2020-12-26,39619,9
2020-11-17,19204,7
2020-12-14,38642,7
2020-12-18,37015,9
2020-12-21,20596,7
2020-12-02,18645,7
2020-12-21,49868,9
2020-10-15,10706,10
2020-10-02,17956,7
2020-10-03,31707,7
2020-12-11,10872,10
2020-12-18,15565,10
2020-10-26,41226,7
2020-11-30,26651,9
2020-12-06,16761,7
2020-10-27,26066,3
2020-12-18,30803,7
2020-11-08,48230,10
2020-10-15,21989,7
2020-12-10,40770,9
2020-10-15,23481,9
2020-10-03,31624,10
2020-10-01,47782,7
2020-12-11,30932,7
2020-11-03,45986,4
2020-11-17,35777,9
2020-11-02,44960,7
2020-11-18,16443,7
2020-12-08,21772,7
2020-11-17,47749,7
2020-10-15,49363,9
2020-10-06,37923,10
2020-12-27,15533,2
2020-10-22,24985,7
2020-11-22,34248,7
2020-10-03,33760,6
2020-11-15,32038,7
2020-11-09,23525,9
2020-12-21,46195,10
2020-12-24,13286,7
2020-12-03,41452,6
2020-11-22,46397,4
2020-10-25,47325,7
2020-10-24,41102,2
2020-12-27,15949,10
2020-10-03,37903,6
2020-12-17,40930,7
2020-11-23,35263,9
2020-11-11,40026,7
2020-10-06,43379,7
2020-11-05,36624,10
2020-10-18,43912,4
2020-11-28,42943,4
2020-11-19,40104,10
2020-10-19,13272,7
2020-12-21,38325,10
2020-11-19,25894,9
2020-11-04,16531,9
2020-12-07,14164,9
2020-12-26,38591,7
2020-11-05,49997,10
2020-12-20,11840,6
2020-12-20,22210,9
2020-10-09,13762,6
2020-11-14,18190,9
2020-10-15,22304,9
2020-10-30,21409,1
2020-11-24,30488,6
2020-12-11,37738,7
2020-10-23,39711,10
2020-12-15,31729,6
2020-12-29,45525,7
2020-12-25,31844,7
2020-12-20,11880,9
2020-12-07,31576,6
2020-12-24,16539,10
2020-12-12,12722,9
2020-12-27,16802,7
2020-11-14,49692,6
2020-10-25,28973,5
2020-11-19,12738,10
2020-11-06,32111,7
2020-12-26,18353,0
2020-11-13,35994,6
2020-10-11,37654,9
2020-10-29,27794,9
2020-10-07,13466,10
2020-11-11,35838,10
2020-10-27,44223,9
2020-10-18,16398,10
2020-10-09,24916,10
2020-12-14,47222,7
2020-11-28,39365,10
2020-11-06,23463,7
2020-10-15,25363,10
2020-10-22,36035,9
2020-10-26,21878,7
2020-10-06,49471,10
2020-12-04,25865,9
2020-11-22,36258,10
2020-11-25,35378,6
2020-11-18,30166,10
2020-10-29,29340,10
2020-10-31,10501,6
2020-12-07,43029,10
2020-11-29,35546,7
2020-11-08,27505,10
2020-10-26,20724,7
2020-12-04,44168,7
2020-12-05,11715,0
2020-12-22,49503,4
2020-11-11,29484,9
2020-10-30,44941,9
2020-12-06,26402,9
2020-11-14,19859,8
2020-12-17,11919,9
2020-11-30,47274,7
2020-11-22,38032,7
2020-10-19,40020,0
2020-11-26,47502,10
2020-11-02,10880,9
2020-11-27,23355,4
2020-11-22,32491,7
2020-11-10,45543,10
2020-12-29,31762,8
2020-12-26,31273,9
2020-11-25,45530,7
2020-12-31,43355,1
2020-10-01,11349,9
2020-12-27,10938,8
2020-11-04,38383,7
2020-12-22,12878,9
2020-10-20,29335,10
2020-11-01,29100,7
2020-10-05,19706,9
2020-10-08,15793,8
2020-10-21,14171,9
2020-10-21,34462,7
2020-10-16,38366,10
2020-11-23,31254,7
2020-10-07,13441,7
2020-11-25,29666,10
2020-11-29,26861,9
2020-12-06,12079,7
2020-12-14,37202,7
2020-10-03,48899,9
2020-11-25,13676,5
2020-12-31,10854,7
2020-10-12,13020,9
2020-12-16,25913,5
2020-10-06,34245,7
2020-12-01,23756,7
2020-10-21,29767,10
2020-11-21,36384,4
2020-12-08,45827,10
2020-11-01,21155,3
2020-10-03,14553,7
2020-12-04,23971,5
2020-11-11,23004,10
2020-11-11,40854,2
2020-10-06,39781,4
2020-11-08,33085,10
2020-12-17,29990,6
2020-10-26,36018,4
2020-10-25,39722,4
2020-12-29,11492,10
2020-11-22,23460,6
2020-12-06,23516,7
2020-10-20,44696,7
2020-12-28,16583,6
2020-12-27,41313,7
2020-10-22,38209,10
2020-11-10,12821,7
2020-12-09,39167,8
2020-12-15,17826,10
2020-10-09,29600,9
2020-10-28,19893,5
2020-12-18,27978,3
2020-10-16,46798,9
2020-11-07,22561,2
2020-10-31,21982,8
2020-11-09,45345,7
2020-11-06,33650,8
2020-10-05,38977,7
2020-10-12,31796,9
2020-10-27,22791,9
2020-10-24,20910,9
2020-11-18,30415,7
2020-11-16,23988,7
2020-12-02,22280,9
2020-12-03,48204,10
2020-10-30,24118,10
2020-10-18,39233,9
2020-12-19,42959,9
2020-11-27,23586,9
2020-10-25,26657,9
2020-11-21,35173,6
2020-11-28,31798,10
2020-12-09,11247,7
2020-11-22,35076,10
2020-10-25,18187,6
2020-11-03,38421,7
2020-12-12,24648,7
2020-10-15,11388,10
2020-12-18,31605,10
2020-10-23,46918,7
2020-10-12,28625,7
2020-11-18,33741,1
2020-10-02,13195,7
2020-10-27,36022,7
2020-11-22,43113,8
2020-10-29,27859,10
2020-10-19,32222,9
2020-11-19,33023,7
2020-10-19,18070,7
2020-12-12,37516,9
2020-12-03,11612,9
2020-10-15,30145,6
2020-10-23,45896,6
2020-11-30,39599,9
2020-12-27,15810,9
2020-10-25,41258,9
2020-10-07,29210,10
2020-12-16,33163,6
2020-10-29,43332,7
2020-11-04,34663,7
2020-11-05,27993,7
2020-11-22,47812,9
2020-12-21,45239,9
2020-11-09,24077,10
2020-11-05,20391,7
2020-12-30,47840,10
2020-12-30,24069,8
2020-11-01,19153,4
2020-11-12,12321,9
2020-10-23,46282,7
2020-11-28,28832,8
2020-11-03,40143,10
2020-11-26,29619,10
2020-10-28,27016,9
2020-10-25,31093,7
2020-11-16,11213,7
2020-11-25,13095,9
2020-10-27,42081,9
2020-12-25,14246,9
2020-10-16,49544,10
2020-12-13,14211,10
2020-12-20,14566,10
2020-12-11,11423,10
2020-12-08,14271,7
2020-10-17,10354,7
2020-10-01,22835,8
2020-12-24,35068,10
2020-11-15,20635,7
2020-12-22,36070,0
2020-11-13,42764,9
2020-10-31,38131,6
2020-10-10,30002,9
2020-12-26,34460,9
2020-11-02,24107,7
2020-11-03,34537,4
2020-12-23,44996,7
2020-12-19,26037,7
2020-10-05,16681,9
2020-11-18,10584,8
2020-12-26,26990,10
2020-10-23,17656,9
2020-10-31,48518,9
2020-10-09,40363,10
2020-10-27,30024,8
2020-10-02,10410,10
2020-12-28,31189,9
2020-10-08,28253,7
2020-12-02,10027,9
2020-10-14,23766,10
2020-10-23,48686,7
2020-12-03,41670,10
2020-12-31,47017,10
2020-11-02,19780,10
2020-11-11,17081,5
2020-10-11,29605,7
2020-11-26,32678,9
2020-11-19,26346,7
2020-11-11,23110,2
2020-12-28,35348,7
2020-10-25,26718,9
2020-12-22,27438,6
2020-10-03,44280,9
2020-10-19,22654,9
2020-10-19,31316,10
2020-10-30,13942,9
2020-10-15,47141,10
2020-12-05,42380,10
2020-12-09,36014,10
2020-11-09,23968,10
2020-10-08,42321,9
2020-11-11,17492,6
2020-11-29,14299,6
2020-12-25,31232,9
2020-10-07,44551,7
2020-12-21,37163,6
2020-10-14,18012,7
2020-11-06,24281,7
2020-12-06,23840,7
2020-12-28,19024,10
2020-10-21,27809,10
2020-11-03,35569,7
2020-10-23,28706,9
2020-11-05,35048,9
2020-12-09,46773,9
2020-10-30,44925,4
2020-10-09,21852,10
2020-11-28,34257,5
2020-11-27,27930,7
2020-11-26,44492,8
2020-11-03,45027,7
2020-12-31,44832,9
2020-12-12,40961,6
2020-12-08,40186,9
2020-12-26,18428,7
2020-12-26,33640,7
2020-12-13,32122,10
2020-12-08,25655,8
2020-11-20,49401,7
2020-11-06,47666,5
2020-11-02,26293,6
2020-12-26,10355,10
2020-10-20,20152,4
2020-10-12,33325,9
2020-10-24,19807,6
2020-11-03,44910,9
2020-12-10,36020,7
2020-10-04,36106,7
2020-12-10,38218,10
2020-11-20,27873,6
2020-11-25,26540,9
2020-11-09,16713,9
2020-12-10,45006,6
2020-11-29,21306,7
2020-12-04,13867,7
2020-11-27,46767,10
2020-10-21,37940,10
2020-11-24,29382,7
2020-12-27,22665,8
2020-12-09,17163,7
2020-12-16,20871,7
2020-10-01,12700,10
2020-12-26,46631,10
2020-10-30,28286,7
2020-12-26,49154,9
2020-11-07,16043,7
2020-11-07,38120,10
2020-12-04,43132,9
2020-11-02,49442,7
2020-12-21,17867,4
2020-12-06,30219,10
2020-11-25,14715,6
2020-11-06,21589,10
2020-12-11,15754,9
2020-10-13,17461,6
2020-10-26,47366,7
2020-12-28,38677,9
2020-11-07,23573,7
2020-11-24,13355,9
2020-10-17,42240,6
2020-10-11,44529,7
2020-11-03,18290,10
2020-11-28,24137,10
2020-10-24,14445,8
2020-11-05,27044,7
2020-11-24,28144,7
2020-12-06,31908,10
2020-10-29,34240,6
2020-11-18,37610,10
2020-11-28,26141,7
2020-10-02,10133,8
2020-10-20,47991,9
2020-11-10,38234,2
2020-10-16,15110,8
2020-11-17,12523,4
2020-10-26,49715,10
2020-10-21,39328,9
2020-10-16,20055,10
2020-10-26,34280,7
2020-12-21,30509,7
2020-10-08,49158,7
2020-11-03,41972,7
2020-10-15,34862,10
2020-12-22,31745,10
2020-10-12,18378,7
2020-10-05,29352,6
2020-12-27,29327,6
2020-12-15,42536,9
2020-12-19,49931,1
2020-11-30,19691,10
2020-12-31,14868,10
2020-10-24,34771,7
2020-10-01,16792,5
2020-11-13,43525,7
2020-12-26,20802,7
2020-12-10,20443,5
2020-10-31,29787,10
2020-10-23,45157,9
2020-12-02,13658,1
2020-11-09,35669,10
2020-11-25,11688,7
2020-12-23,23049,7
2020-11-25,33661,7
2020-12-16,10414,8
2020-10-20,19067,10
2020-12-12,24409,7
2020-11-02,44421,7
2020-11-25,32226,10
2020-10-20,40848,7
2020-11-13,22762,7
2020-11-15,46134,6
2020-10-14,20063,10
2020-12-31,31191,9
2020-10-04,45095,7
2020-12-01,27109,5
2020-12-23,11439,7
2020-11-23,11662,7
2020-10-12,44955,2
2020-11-19,36749,9
2020-12-15,13252,10
2020-11-05,37268,10
2020-12-17,35575,7
2020-12-05,32175,10
2020-11-29,16321,10
2020-10-20,49968,10
2020-11-19,28015,10
2020-11-17,15485,10
2020-12-25,21503,6
2020-12-04,21266,10
2020-10-10,46906,1
2020-11-02,28910,9
2020-11-27,16367,10
2020-12-10,37038,9
2020-12-01,11810,3
2020-11-29,30927,7
2020-12-09,12547,9
2020-10-19,39423,10
2020-10-23,14757,5
2020-12-11,36122,4
2020-11-10,14467,2
2020-10-24,34781,10
2020-10-06,27656,7
2020-11-29,19015,9
2020-10-11,17409,6
2020-10-23,22781,8
2020-12-11,12768,10
2020-11-18,15893,7
2020-11-07,39730,1
2020-10-13,41209,8
2020-11-27,45275,10
2020-10-13,45340,8
2020-11-06,18401,6
2020-11-25,30556,7
2020-10-05,43998,9
2020-10-21,23108,10
2020-11-25,10092,9
2020-10-29,29886,9
2020-10-07,32079,5
2020-10-13,22516,10
2020-11-04,42367,9
2020-12-31,39441,7
2020-10-27,12637,10
2020-11-03,38511,9
2020-12-07,24306,10
2020-12-29,16691,7
2020-10-04,15394,10
2020-10-10,17357,6
2020-10-14,43983,9
2020-10-14,10775,7
2020-12-23,13947,9
2020-10-06,43149,10
2020-10-22,15935,1
2020-12-03,11977,3
2020-10-03,36039,7
2020-11-09,35858,6
2020-12-09,17212,7
2020-12-25,39530,9
2020-12-12,27998,7
2020-12-10,17430,10
2020-11-16,14662,7
2020-11-20,23917,8
2020-11-17,12726,9
2020-10-20,31808,9
2020-11-18,36851,7
2020-12-30,30376,7
2020-10-19,15971,6
2020-12-10,49489,10
2020-11-15,37077,10
2020-10-19,15506,8
2020-10-26,27322,7
2020-10-16,49300,9
2020-10-25,21140,7
2020-11-16,26154,4
2020-11-08,17712,10
2020-11-15,15466,6
2020-11-04,26081,7
2020-12-17,33446,10
2020-12-01,29306,1
2020-12-09,28428,9
2020-12-26,34385,6
2020-10-08,30958,8
2020-11-16,12622,7
2020-12-02,21790,9
2020-12-06,33742,1
2020-11-18,19768,7
2020-12-20,17083,7
2020-12-23,20273,7
2020-12-16,44711,7
2020-10-21,24194,9
2020-11-03,12429,9
2020-11-04,14280,8
2020-11-06,33710,4
2020-10-18,15596,10
2020-10-05,12607,10
2020-10-05,22152,10
2020-11-26,42114,6
2020-11-26,36395,6
2020-11-09,42532,4
2020-12-29,24297,7
2020-10-23,40455,10
2020-10-05,31332,10
2020-11-10,35942,7
2020-11-22,10117,7
2020-12-09,23386,7
2020-12-16,46650,9
2020-11-27,22098,6
2020-10-01,40591,7
2020-10-13,44316,5
2020-11-16,26815,10
2020-11-01,47460,9
2020-10-28,10301,10
2020-11-03,29449,9
2020-12-22,16617,2
2020-10-08,19517,7
2020-11-25,26474,9
2020-10-07,47557,7
2020-11-21,21672,9
2020-10-01,19537,10
2020-10-29,43665,7
2020-12-31,11050,10
2020-10-11,19395,9
2020-10-12,11897,9
2020-10-01,48976,9
2020-12-05,18183,5
2020-12-03,21998,7
2020-12-28,42347,10
2020-10-10,30033,9
2020-10-06,28441,8
2020-12-07,44670,10
2020-11-02,32422,10
2020-11-10,12881,10
2020-10-06,43188,10
2020-11-13,38164,5
2020-11-13,48681,9
2020-10-28,32404,0
2020-10-06,40324,0
2020-10-05,45951,7
2020-12-18,25232,10
2020-12-19,42545,7
2020-12-15,34632,10
2020-11-27,36316,7
2020-10-02,43427,10
2020-11-11,44366,7
2020-10-01,43536,5
2020-12-07,41285,7
2020-10-06,45932,9
2020-10-02,20004,7
2020-12-17,30534,7
2020-11-24,26383,9
2020-10-28,27493,2
2020-11-13,28449,9
2020-11-18,11684,10
2020-10-24,12737,9
2020-11-10,33141,7
2020-11-17,11525,6
2020-12-19,47721,10
2020-10-06,33887,7
2020-11-21,10305,7
2020-11-29,48574,7
2020-10-16,34398,10
2020-12-08,13936,9
2020-10-25,28550,2
2020-12-05,10001,9
2020-11-20,21292,9
2020-12-06,44253,6
2020-10-07,43757,7
2020-10-16,27747,9
2020-10-30,35952,6
2020-12-16,45763,6
2020-10-17,19979,6
2020-11-22,34767,7
2020-10-25,40938,7
2020-11-22,27795,10
2020-11-03,12530,7
2020-11-04,15939,1
2020-10-31,49117,9
2020-12-04,28943,3
2020-12-08,24134,9
2020-11-25,30480,9
2020-11-21,17985,10
2020-12-29,16246,6
2020-11-08,22239,1
2020-11-12,31494,7
2020-12-28,28315,7
2020-10-20,25482,7
2020-11-19,35983,2
2020-12-17,18213,0
2020-10-03,37159,7
2020-12-30,37888,7
2020-11-13,46430,1
2020-11-01,27018,2
2020-10-28,34339,7
2020-12-19,49670,3
2020-10-10,17239,10
2020-12-07,31932,6
2020-11-09,24614,9
2020-10-18,44119,10
2020-10-18,27551,7
2020-12-28,26662,2
2020-10-08,13064,9
2020-11-04,25684,10
2020-12-02,20294,7
2020-10-15,30097,6
2020-12-21,48656,9
2020-11-30,45098,9
2020-10-22,44857,10
2020-11-07,33001,10
2020-11-13,45381,4
2020-10-23,14901,7
2020-10-12,10083,9
2020-10-17,35298,10
2020-11-02,46736,7
2020-10-14,36874,7
2020-11-21,23280,7
2020-12-10,12605,5
2020-11-29,23426,6
2020-11-21,44497,9
2020-10-06,35951,7
2020-10-11,40469,9
2020-12-15,36029,6
2020-12-29,24689,6
2020-11-28,48249,7
2020-12-28,32256,9
2020-10-02,47834,7
2020-12-25,29901,6
2020-10-30,14070,9
2020-11-15,44641,7
2020-12-26,44810,7
2020-11-19,32920,9
2020-12-15,44734,7
2020-10-18,13813,7
2020-12-20,40986,7
2020-10-01,35260,3
2020-12-01,25424,7
2020-12-02,27637,7
2020-11-06,28794,7
2020-11-05,38615,10
2020-12-08,29627,10
2020-10-09,48375,9
2020-10-19,10440,9
2020-11-24,45498,9
2020-10-15,40902,7
2020-11-01,17731,7
2020-10-07,24975,7
2020-10-11,26088,10
2020-11-23,31531,10
2020-12-22,35457,6
2020-10-10,35154,7
2020-12-16,29075,9
2020-12-30,25225,9
2020-11-11,48221,10
2020-12-08,47333,6
2020-10-04,36982,10
2020-12-27,31336,7
2020-11-04,18519,8
2020-11-26,42575,9
2020-10-07,43388,7
2020-11-06,16652,9
2020-11-17,43630,7
2020-10-13,15505,10
2020-11-27,25713,9
2020-12-23,23574,9
2020-11-07,36364,3
2020-10-19,10931,9
2020-12-15,24154,7
2020-12-14,23064,9
2020-11-19,45549,9
2020-11-18,45623,7
2020-10-17,31322,10
2020-10-28,30316,4
2020-12-31,20486,9
2020-11-07,29646,9
2020-10-19,21050,10
2020-10-06,36377,10
2020-11-19,30972,9
2020-10-24,46552,7
2020-11-16,18681,9
2020-11-26,40183,9
2020-12-19,45584,7
2020-11-02,27013,1
2020-12-29,38523,9
2020-12-01,14448,7
2020-10-11,36049,5
2020-12-20,16242,10
2020-11-05,43795,9
2020-10-06,12253,3
2020-10-30,11637,6
2020-10-25,28208,8
2020-10-13,37200,8
2020-12-24,22855,7
2020-11-19,48878,0
2020-12-28,10939,10
2020-10-13,30751,8
2020-11-05,44266,9
2020-11-01,24185,6
2020-12-06,22915,9
2020-10-15,17007,2
2020-12-17,16455,2
2020-10-20,27117,9
2020-11-24,46584,1
2020-10-25,45350,7
2020-10-06,35313,9
2020-10-10,21022,7
2020-12-12,45497,6
2020-11-10,26059,10
2020-12-14,27153,9
2020-10-12,11278,6
2020-10-29,22889,7
2020-10-22,32643,3
2020-11-28,20320,9
2020-10-16,12980,10
2020-11-17,41198,10
2020-11-15,11862,9
2020-10-08,31126,3
2020-11-29,42692,4
2020-11-27,24634,9
2020-10-28,42117,4
2020-11-07,27478,7
2020-11-05,27293,10
2020-12-07,36381,10
2020-11-22,12297,10
2020-11-06,15393,7
2020-10-08,27914,7
2020-10-13,37066,4
2020-12-24,48470,6
2020-10-02,18619,7
2020-10-03,48912,7
2020-12-29,16754,9
2020-10-04,29297,9
2020-10-11,49037,9
2020-12-19,35736,7
2020-12-27,47387,1
2020-11-08,45880,9
2020-12-02,47542,7
2020-11-18,42940,4
2020-10-28,39955,3
2020-11-17,39060,9
2020-11-20,45630,7
2020-12-08,35235,9
2020-12-15,47142,7
2020-10-26,21141,6
2020-11-29,48551,10
2020-10-13,20793,7
2020-12-13,48360,7
2020-12-18,15869,9
2020-12-20,32380,0
2020-10-11,35330,7
2020-10-30,10547,7
2020-12-05,12846,5
2020-12-16,40013,7
2020-11-23,40370,8
2020-10-31,49284,9
2020-11-09,17792,10
2020-11-19,19006,6
2020-10-06,17237,8
2020-10-27,21490,10
2020-10-11,23072,9
2020-10-13,46347,8
2020-12-25,45192,1
2020-10-30,20903,7
2020-12-30,48333,4
2020-10-12,22298,7
2020-10-03,32223,9
2020-10-10,16049,6
2020-11-17,17518,9
2020-12-23,22036,7
2020-12-19,15882,5
2020-12-16,33537,4
2020-12-15,45847,6
2020-10-20,49011,10
2020-12-04,29060,7
2020-12-04,26519,6
2020-11-09,32408,7
2020-12-10,29550,9
2020-11-16,21734,2
2020-11-29,38014,7
2020-11-01,14835,10
2020-12-08,18142,9
2020-11-19,38784,7
2020-11-28,44870,10
2020-11-23,20740,7
2020-10-29,23458,8
2020-12-21,33578,8
2020-12-09,16988,2
2020-12-10,45535,5
2020-12-28,49322,7
2020-12-09,28695,9
2020-12-21,44227,10
2020-12-18,35247,7
2020-11-11,29520,9
2020-10-26,48806,7
2020-11-24,23640,2
2020-11-22,25236,9
2020-10-31,14995,10
2020-11-19,38807,10
2020-10-02,42092,7
2020-11-16,41474,10
2020-12-23,28641,10
2020-12-01,36336,9
2020-11-15,39002,7
2020-11-18,31271,7
2020-12-28,33795,7
2020-10-06,27781,9
2020-10-27,27188,9
2020-11-18,10905,9
2020-12-25,43642,6
2020-12-06,41711,6
2020-12-24,33123,8
2020-12-31,29456,4
2020-12-30,29273,9
2020-12-14,46274,9
2020-10-16,27831,7
2020-10-20,15613,6
2020-10-07,48486,7
2020-10-04,44519,6
2020-11-27,29626,10
2020-12-18,18804,9
2020-10-29,20165,7
2020-12-30,17955,10
2020-12-20,38998,9
2020-11-23,10039,10
2020-10-31,28313,9
2020-11-17,44256,10
2020-12-30,16190,10
2020-12-21,23515,9
2020-10-31,26225,7
2020-10-14,30396,9
2020-11-16,24053,7
2020-12-31,47015,7
2020-10-05,28746,7
2020-10-06,30068,2
2020-12-04,38490,10
2020-10-22,41177,8
2020-12-22,48830,8
2020-12-07,17522,6
2020-11-13,29433,10
2020-10-23,29187,5
2020-10-22,34859,7
2020-12-31,45864,7
2020-11-07,31363,6
2020-12-12,40356,7
2020-11-11,25176,7
2020-10-24,22498,9
2020-10-01,10558,7
2020-11-13,30132,6
2020-10-24,47948,9
2020-10-02,19955,10
2020-12-17,22936,10
2020-11-01,21706,9
2020-12-14,26447,1
2020-11-09,37993,10
2020-10-03,31735,9
2020-11-07,43796,7
2020-10-27,19797,9
2020-10-05,37012,10
2020-10-11,47345,7
2020-10-08,36723,10
2020-11-25,34421,10
2020-12-15,30607,8
2020-11-01,19504,5
2020-11-04,19738,9
2020-10-17,27185,5
2020-12-14,10647,7
2020-12-23,38562,10
2020-12-18,22941,10
2020-11-16,20516,10
2020-11-03,33889,10
2020-11-09,40154,7
2020-12-14,30081,8
2020-10-14,37391,5
2020-10-07,42562,9
2020-12-25,29825,7
2020-10-09,39892,9
2020-12-30,44757,4
2020-12-17,25426,9
2020-12-02,38689,7
2020-12-14,48742,6
2020-10-15,46225,9
2020-11-07,31003,10
2020-10-24,20906,7
2020-11-27,19475,7
2020-11-17,43299,7
2020-12-12,18062,7
2020-10-19,10487,10
2020-10-27,23859,6
2020-10-23,22872,2
2020-12-01,41310,6
2020-12-27,37588,3
2020-11-14,26318,7
2020-11-28,23824,9
2020-12-17,10349,7
2020-10-26,26862,9
2020-11-20,29289,7
2020-12-28,48695,9
2020-11-14,25695,4
2020-11-12,38452,10
2020-11-16,41863,1
2020-11-27,24729,10
2020-12-22,27885,8
2020-10-25,42418,5
2020-12-22,27785,9
2020-12-04,23803,6
2020-12-13,47378,9
2020-11-22,20376,10
2020-11-19,49009,7
2020-10-15,33909,7
2020-10-06,49817,2
2020-11-01,17574,7
2020-11-20,19296,6
2020-11-29,25170,7
2020-12-18,37370,10
2020-10-01,39066,9
2020-11-18,19336,5
2020-12-09,16006,4
2020-10-23,49583,10
2020-12-08,26242,10
2020-10-20,33703,10
2020-11-26,36787,7
2020-12-10,17924,10
2020-10-29,10795,6
2020-11-10,14880,9
2020-11-28,30134,10
2020-12-25,29750,7
2020-12-19,17821,7
2020-12-06,26101,7
2020-10-30,47712,8
2020-12-01,47958,5
2020-11-20,47463,9
2020-10-14,27229,7
2020-11-05,10067,9
2020-10-30,35234,1
2020-12-31,15554,7
2020-12-31,41529,10
2020-11-28,45197,10
2020-12-30,21223,7
2020-12-29,21137,9
2020-11-05,48303,9
2020-11-02,49862,7
2020-10-25,31224,5
2020-10-22,43872,9
2020-10-19,21496,10
2020-10-27,12257,2
2020-11-01,45873,6
2020-10-27,11648,10
2020-11-13,13894,7
2020-11-18,33987,1
2020-10-13,15277,7
2020-11-06,19586,9
2020-10-01,34186,6
2020-11-30,32160,9
2020-12-29,25987,9
2020-12-13,32995,4
2020-12-21,42036,7
2020-12-27,30978,10
2020-12-02,18053,9
2020-12-12,24984,7
2020-10-08,35393,10
2020-10-24,13812,4
2020-12-28,39229,9
2020-11-24,46976,8
2020-12-28,17542,7
2020-10-23,28023,7
2020-11-08,26399,9
2020-10-25,27979,8
2020-11-28,46393,8
2020-10-30,11239,10
2020-12-13,48337,7
2020-10-17,35089,10
2020-11-26,40015,7
2020-11-04,25473,7
2020-11-29,10471,10
2020-11-08,28680,6
2020-12-01,22784,9
2020-10-29,27147,10
2020-11-01,49317,7
2020-10-09,35223,7
2020-10-07,19425,5
2020-10-28,48456,6
2020-12-28,10179,10
2020-12-04,28372,6
2020-12-06,28709,8
2020-12-03,45944,5
2020-12-10,47903,9
2020-11-17,32553,7
2020-12-28,41297,9
2020-11-28,35427,6
2020-10-29,28175,10
2020-11-15,19639,9
2020-10-31,24058,7
2020-12-13,41921,7
2020-11-25,16780,7
2020-12-21,43468,7
2020-12-28,15132,9
2020-12-25,46919,9
2020-10-08,48418,6
2020-11-12,14454,5
2020-11-25,28288,8
2020-12-17,29559,10
2020-11-21,20103,7
2020-12-14,35718,10
2020-12-10,49271,3
2020-11-30,40547,10
2020-11-10,12166,10
2020-12-04,21725,9
2020-10-18,42434,2
2020-12-15,10184,9
2020-11-02,45037,4
2020-10-14,47007,10
2020-11-11,30405,10
2020-10-01,48448,7
2020-11-22,33285,10
2020-12-20,17922,6
2020-11-21,16758,6
2020-12-24,29373,7
2020-11-14,12672,7
2020-11-05,41662,9
2020-11-14,12950,10
2020-12-13,10541,7
2020-11-25,33161,10
2020-12-05,28815,7
2020-10-13,17811,5
2020-12-08,18080,9
2020-12-26,10993,7
2020-12-31,27249,6
2020-12-16,38382,7
2020-11-11,26717,9
2020-10-15,22013,9
2020-11-28,47164,7
2020-12-17,26617,3
2020-10-11,27862,3
2020-11-02,22723,10
2020-11-20,26189,7
2020-12-02,14729,10
2020-10-23,11215,9
2020-11-30,44068,9
2020-10-24,40851,6
2020-11-08,28559,10
2020-11-01,14306,10
2020-10-07,41571,9
2020-11-25,35093,10
2020-12-11,31392,8
2020-12-17,39415,7
2020-11-02,30160,9
2020-12-25,12171,10
2020-12-02,18877,8
2020-10-19,47075,4
2020-12-31,45581,7
2020-12-25,43192,9
2020-12-09,17305,7
2020-10-25,37881,7
2020-11-22,20807,6
2020-10-19,35902,7
2020-12-10,47802,7
2020-10-23,28586,4
2020-10-03,32238,8
2020-10-19,16818,10
2020-10-06,15295,10
2020-12-09,42994,10
2020-12-16,45210,9
2020-12-13,10493,9
2020-11-12,29798,9
2020-12-21,18198,5
2020-12-26,20606,6
2020-10-13,13866,10
2020-12-08,12759,6
2020-11-25,33596,7
2020-12-13,44186,9
2020-10-10,12262,6
2020-11-02,25164,7
2020-10-17,33167,5
2020-10-22,37645,9
2020-10-24,15582,7
2020-10-03,12145,10
2020-12-17,44268,7
2020-11-25,28236,8
2020-10-10,22240,10
2020-12-28,36344,6
2020-11-19,35204,2
2020-12-20,44315,7
2020-11-12,34743,7
2020-12-02,13525,7
2020-11-17,32006,9
2020-11-04,28368,10
2020-12-01,14963,10
2020-10-03,18103,7
2020-10-23,45746,7
2020-10-04,34588,7
2020-11-28,30882,10
2020-10-27,43662,5
2020-10-14,42319,9
2020-10-18,47328,7
2020-12-10,48902,9
2020-11-29,45329,9
2020-11-25,48828,8
2020-12-17,26164,7
2020-11-07,46614,9
2020-10-18,47166,10
2020-11-19,22466,7
2020-12-19,15661,9
2020-10-31,23047,7
2020-12-28,27071,9
2020-11-09,22097,7
2020-11-28,39693,9
2020-10-24,26615,7
2020-12-02,41184,9
2020-11-03,13347,7
2020-12-26,11639,6
2020-10-09,29314,0
2020-12-30,12815,7
2020-11-25,18889,7
2020-11-11,20289,7
2020-10-18,44402,3
2020-11-02,23892,7
2020-12-08,49710,6
2020-11-29,49463,7
2020-12-24,13869,10
2020-11-09,47320,10
2020-10-10,21844,10
2020-11-01,25767,9
2020-10-27,35390,7
2020-12-07,30061,10
2020-11-08,44121,2
2020-11-13,46687,8
2020-12-17,11286,7
2020-11-01,12718,9
2020-10-31,49469,3
2020-11-22,17252,10
2020-10-06,48891,7
2020-11-06,34805,9
2020-11-02,20779,2
2020-11-02,42933,7
2020-10-11,13157,7
2020-12-05,41730,7
2020-11-07,48457,7
2020-12-17,39715,7
2020-12-16,12797,7
2020-11-08,17105,10
2020-11-08,34437,7
2020-10-12,24439,9
2020-11-04,27526,9
2020-11-03,13287,7
2020-10-01,23059,6
2020-12-30,45606,7
2020-11-26,41010,7
2020-10-20,43472,10
2020-10-09,29740,7
2020-10-06,19183,7
2020-11-12,18228,3
2020-12-24,26052,7
2020-12-13,23518,10
2020-12-05,31437,6
2020-12-08,32960,10
2020-10-11,30518,9
2020-12-19,29707,10
2020-11-09,18265,10
2020-10-15,23302,10
2020-11-02,49180,7
2020-11-20,20904,9
2020-10-20,46020,3
2020-12-03,46086,9
2020-11-16,16014,10
2020-12-09,11786,7
2020-11-06,20157,10
2020-12-19,19583,9
2020-10-07,10593,7
2020-10-02,33737,10
2020-10-06,28721,7
2020-11-16,20887,7
2020-10-03,42142,7
2020-12-24,41819,6
2020-12-15,30888,7
2020-12-29,48735,9
2020-11-30,26632,8
2020-10-16,48442,9
2020-10-04,28470,8
2020-10-29,28065,9
2020-12-31,45678,10
2020-12-28,33225,7
2020-12-22,15425,6
2020-12-20,24309,6
2020-12-19,12897,7
2020-11-18,15312,10
2020-10-05,47296,7
2020-11-30,12643,5
2020-10-07,35496,10
2020-10-28,14408,9
2020-10-03,25647,8
2020-12-18,33372,10
2020-11-26,38501,10
2020-10-10,29894,10
2020-12-16,12524,9
2020-10-07,19855,9
2020-12-20,19533,9
2020-10-07,37126,2
2020-11-27,30690,7
2020-11-24,30912,9
2020-10-02,38308,10
2020-12-23,46273,10
2020-12-26,32908,9
2020-10-03,36546,7
2020-11-30,16599,9
2020-10-14,38772,9
2020-12-13,31689,9
2020-12-03,28904,10
2020-10-04,13338,10
2020-12-12,23153,7
2020-12-26,15544,6
2020-10-30,38463,5
2020-12-14,48841,9
2020-12-03,38338,10
2020-12-11,35453,10
2020-12-26,16649,7
2020-11-10,12491,5
2020-10-06,22467,10
2020-10-30,43152,6
2020-11-15,41228,7
2020-11-23,28579,7
2020-12-22,27982,7
2020-11-22,10306,10
2020-10-15,36797,6
2020-11-28,26882,7
2020-10-08,10307,7
2020-10-13,49491,10
2020-12-25,35256,9
2020-11-01,24789,9
2020-10-23,13727,9
2020-12-02,39125,4
2020-10-13,19355,9
2020-10-04,41425,9
2020-10-29,15562,10
2020-10-26,14713,7
2020-12-01,22200,7
2020-10-27,14692,5
2020-12-21,29929,7
2020-12-23,23244,7
2020-12-04,15757,9
2020-10-28,17739,7
2020-12-29,44295,9
2020-11-30,35845,5
2020-11-18,16130,10
2020-11-07,13350,8
2020-11-05,26668,9
2020-10-24,14265,8
2020-12-21,29997,6
2020-10-12,39488,7
2020-11-14,42273,7
2020-11-18,34375,4
2020-12-08,15230,8
2020-12-31,39924,7
2020-11-18,24285,8
2020-10-13,10676,9
2020-10-29,46909,8
2020-11-28,29042,7
2020-12-25,11339,2
2020-11-28,39113,3
2020-11-17,18501,10
2020-12-14,35101,10
2020-11-28,31573,7
2020-12-10,30362,5
2020-10-18,35612,9
2020-12-08,25669,10
2020-11-21,12840,6
2020-11-27,45673,9
2020-12-02,32203,10
2020-11-18,36321,9
2020-11-27,47703,9
2020-10-11,18975,10
2020-10-17,36923,10
2020-12-04,47281,8
2020-11-08,40503,9
2020-10-01,24033,10
2020-12-24,29356,6
2020-10-20,44725,9
2020-11-26,39665,8
2020-12-13,33103,7
2020-12-16,45056,10
2020-10-03,32454,6
2020-12-24,44047,10
2020-11-01,41121,10
2020-11-11,28213,6
2020-10-08,12203,7
2020-10-28,17913,9
2020-10-12,44506,9
2020-10-23,41608,6
2020-11-03,19817,7
2020-11-19,11420,6
2020-11-11,47070,2
2020-11-03,10555,9
2020-11-12,12663,7
2020-11-02,35595,10
2020-12-13,19921,7
2020-12-21,34610,5
2020-10-05,13868,7
2020-10-11,15315,7
2020-10-21,26117,10
2020-10-25,33533,0
2020-12-02,17674,10
2020-10-14,30532,7
2020-10-11,45521,7
2020-10-03,38437,7
2020-11-26,13554,5
2020-12-26,23723,9
2020-10-06,25676,0
2020-10-10,27041,7
2020-12-01,42451,2
2020-10-30,49371,3
2020-11-25,29198,3
2020-10-18,48792,10
2020-11-03,48844,8
2020-11-11,38693,7
2020-12-18,18108,10
2020-12-31,26520,9
2020-11-08,24876,7
2020-12-27,34596,7
2020-12-06,35366,9
2020-12-16,36295,7
2020-11-05,16529,9
2020-12-02,33630,5
2020-12-22,22091,10
2020-10-01,29188,9
2020-10-10,25522,9
2020-11-17,24100,9
2020-10-24,43836,7
2020-10-28,25434,7
2020-12-21,44187,1
2020-12-04,28495,2
2020-12-04,17570,8
2020-11-23,45955,10
2020-11-28,40390,9
2020-11-13,27398,10
2020-10-12,43242,7
2020-12-16,38764,9
2020-11-06,18484,6
2020-11-27,17175,10
2020-11-23,25748,9
2020-11-25,20507,10
2020-12-24,47149,9
2020-12-29,30276,7
2020-10-20,11199,9
2020-12-12,26269,10
2020-11-29,12725,9
2020-10-21,33007,9
2020-10-09,38796,1
2020-11-18,39320,0
2020-10-01,31168,5
2020-12-04,38540,9
2020-11-09,33619,10
2020-10-20,31599,4
2020-11-08,12962,10
2020-11-17,18565,7
2020-10-17,44127,7
2020-12-13,19094,10
2020-11-26,48465,7
2020-10-13,39682,8
2020-10-18,48132,7
2020-10-04,43023,7
2020-10-12,35700,7
2020-10-31,22168,9
2020-10-15,36131,5
2020-11-30,29776,9
2020-11-01,18763,7
2020-11-28,13115,9
2020-10-15,19809,7
2020-10-04,36888,5
2020-11-24,23416,5
2020-10-29,44824,9
2020-11-10,15365,7
2020-12-15,45486,10
2020-12-17,24026,5
2020-12-07,37841,9
2020-10-16,24569,9
2020-11-25,45818,2
2020-12-17,44428,9
2020-12-17,22251,1
2020-12-25,34511,7
2020-10-24,45145,6
2020-10-01,32988,7
2020-12-05,14608,3
2020-11-06,42906,7
2020-10-31,37921,10
2020-10-21,25783,8
2020-11-06,10147,10
2020-12-14,10977,4
2020-12-08,28818,7
2020-12-21,29714,10
2020-10-23,40980,10
2020-11-05,29616,9
2020-10-26,12411,10
2020-12-08,20799,7
2020-11-27,14939,2
2020-12-21,38855,6
2020-10-23,37499,6
2020-12-03,23804,6
2020-10-26,42476,10
2020-10-30,45568,9
2020-10-03,38763,7
2020-12-09,28238,2
2020-10-19,12633,10
2020-11-26,12649,9
2020-12-29,12312,5
2020-10-17,16743,10
2020-11-08,30930,9
2020-10-28,30288,9
2020-10-30,43974,4
2020-12-16,27901,10
2020-11-29,44856,10
2020-10-14,45875,10
2020-10-26,38327,8
2020-11-20,41981,7
2020-12-29,33472,7
2020-10-05,34506,10
2020-10-06,19126,7
2020-12-31,13530,7
2020-11-21,38753,10
2020-10-16,38364,9
2020-11-01,42314,10
2020-12-22,26126,6
2020-10-11,43498,0
2020-12-05,19751,7
2020-11-29,27083,7
2020-11-19,24331,7
2020-12-13,11987,10
2020-11-19,49376,10
2020-10-27,47203,9
2020-12-15,31059,7
2020-11-25,25557,6
2020-10-25,26504,7
2020-12-30,45416,9
2020-12-16,47517,5
2020-12-21,11693,10
2020-11-02,48447,9
2020-11-09,28548,7
2020-12-11,24024,2
2020-12-28,34845,3
2020-12-26,28207,8
2020-11-17,19422,7
2020-10-10,39286,5
2020-10-04,22871,10
2020-12-31,32106,7
2020-11-22,31251,9
2020-10-05,17102,9
2020-10-14,21545,7
2020-12-30,17823,6
2020-10-24,42865,3
2020-11-29,47134,5
2020-10-18,46301,9
2020-10-30,45289,7
2020-10-09,48816,7
2020-11-02,15773,9
2020-10-07,40612,9
2020-12-19,37967,10
2020-10-11,38780,10
2020-12-08,42224,7
2020-11-18,31364,2
2020-12-13,42398,10
2020-12-02,34628,9
2020-10-15,39444,10
2020-12-08,22215,7
2020-11-24,17858,5
2020-11-26,28496,7
2020-11-16,14200,7
2020-12-26,32009,9
2020-10-13,46914,10
2020-11-14,11341,10
2020-10-16,41028,9
2020-10-01,49921,7
2020-12-22,20947,5
2020-10-20,25672,8
2020-12-18,37409,10
2020-12-02,30743,9
2020-11-30,27688,6
2020-10-06,40110,8
2020-12-30,26345,10
2020-10-18,16496,9
2020-11-27,25602,8
2020-10-21,48712,8
2020-12-04,27705,9
2020-12-14,21229,9
2020-11-18,31039,7
2020-12-30,21184,10
2020-11-18,39389,3
2020-11-28,34293,4
2020-11-07,20498,5
2020-12-01,22260,7
2020-10-25,30190,10
2020-10-16,34659,10
2020-11-04,43372,2
2020-11-23,10143,10
2020-12-08,20858,9
2020-12-11,46466,10
2020-12-26,21142,7
2020-12-22,45024,5
2020-11-04,37686,9
2020-10-02,32980,4
2020-12-14,24066,9
2020-12-22,32773,7
2020-11-29,20562,7
2020-12-28,41002,10
2020-11-11,43994,8
2020-10-18,37794,7
2020-10-25,22302,9
2020-11-21,20279,7
2020-11-28,16629,7
2020-11-09,20979,9
2020-10-03,15166,7
2020-10-12,27228,10
2020-11-27,31450,7
2020-11-23,38348,10
2020-10-07,33759,3
2020-12-28,12701,7
2020-10-04,18226,10
2020-12-22,20791,10
2020-12-09,28565,7
2020-11-10,38355,10
2020-12-19,11754,7
2020-11-17,21231,1
2020-11-11,15723,1
2020-10-22,39364,8
2020-12-28,15959,7
2020-11-16,27294,7
2020-12-13,39195,10
2020-10-22,20752,7
2020-12-08,38659,7
2020-12-05,44886,9
2020-12-30,43440,6
2020-12-18,43129,10
2020-10-30,20000,7
2020-11-05,36080,3
2020-10-01,23423,7
2020-11-06,44200,4
2020-10-16,40234,7
2020-11-27,48168,7
2020-11-16,17925,7
2020-12-15,29063,9
2020-11-29,25447,10
2020-11-18,22327,9
2020-10-31,34348,9
2020-11-29,33282,7
2020-12-12,42647,7
2020-11-16,33555,9
2020-10-22,37186,5
2020-11-07,34765,9
2020-10-31,21593,2
2020-12-03,38386,10
2020-12-10,34854,3
2020-12-27,27900,7
2020-10-30,12484,2
2020-12-23,20452,10
2020-10-20,14006,9
2020-11-12,13461,7
2020-11-14,34917,4
2020-11-03,45807,5
2020-10-31,17047,7
2020-11-19,36655,7
2020-12-26,14379,3
2020-12-19,19287,10
2020-10-30,33424,10
2020-11-24,38885,7
2020-12-09,12341,10
2020-11-08,24971,9
2020-11-30,18839,7
2020-10-25,32842,8
2020-10-27,34143,7
2020-11-06,35293,10
2020-10-28,48161,9
2020-12-01,31429,7
2020-12-01,24776,9
2020-12-03,27371,9
2020-10-20,49218,10
2020-11-01,15610,1
2020-12-14,14748,7
2020-12-27,26670,10
2020-11-16,30612,2
2020-12-23,11238,7
2020-11-21,33663,7
2020-11-25,24062,7
2020-12-03,22668,9
2020-12-29,10137,7
2020-11-27,41394,10
2020-12-25,31011,9
2020-11-02,10570,7
2020-10-20,28801,7
2020-10-24,11049,10
2020-11-10,20753,10
2020-11-11,42607,7
2020-10-25,39838,10
2020-12-03,21431,10
2020-11-06,46205,5
2020-12-29,37151,6
2020-11-18,12434,10
2020-12-28,21736,10
2020-11-13,30218,7
2020-10-02,10601,7
2020-11-05,11018,10
2020-10-05,16186,2
2020-12-06,22492,7
2020-10-16,29165,10
2020-11-21,23433,10
2020-11-25,39322,7
2020-12-02,40757,10
2020-11-18,30562,6
2020-12-24,36008,7
2020-12-31,44569,9
2020-11-11,23070,4
2020-12-30,40189,9
2020-11-30,38566,10
2020-12-31,43545,10
2020-11-04,16403,7
2020-11-15,44387,9
2020-12-05,22448,9
2020-11-19,26244,4
2020-10-02,37211,7
2020-12-02,11113,10
2020-10-10,18827,8
2020-11-29,13269,10
2020-12-28,32414,9
2020-10-18,10933,6
2020-12-31,15526,3
2020-10-26,11585,9
2020-10-16,19098,10
2020-10-21,29654,5
2020-12-07,44486,9
2020-11-06,39346,10
2020-12-30,24140,10
2020-10-11,40782,6
2020-11-06,33050,5
2020-11-14,17392,7
2020-12-24,32517,10
2020-12-17,18689,9
2020-11-22,16461,9
2020-10-28,46992,6
2020-11-24,40396,5
2020-11-11,36167,3
2020-10-12,28442,10
2020-11-13,33341,10
2020-10-31,13131,3
2020-10-14,48739,9
2020-10-31,41603,7
2020-11-28,42288,9
2020-11-02,44024,7
2020-11-02,28369,8
2020-10-13,28276,9
2020-12-24,39617,9
2020-10-27,28245,7
2020-10-11,29614,6
2020-12-15,44403,10
2020-12-26,19959,7
2020-11-18,25401,10
2020-10-20,28003,6
2020-11-27,47298,7
2020-12-25,47699,7
2020-10-13,33576,7
2020-10-17,11686,7
2020-10-13,37853,6
2020-10-29,20656,10
2020-11-14,39137,9
2020-12-24,44343,10
2020-11-01,25581,8
2020-10-16,30191,10
2020-11-04,32037,7
2020-12-10,24554,9
2020-10-30,25165,6
2020-12-15,38652,3
2020-11-27,46174,9
2020-11-21,36509,10
2020-11-16,24317,7
2020-12-22,46183,7
2020-12-04,27579,4
2020-12-08,37331,7
2020-10-21,31359,10
2020-12-22,14147,7
2020-12-15,25350,7
2020-10-06,19546,3
2020-10-09,35853,10
2020-10-08,25498,6
2020-12-25,26954,9
2020-12-05,43119,9
2020-10-12,25383,8
2020-10-25,14466,6
2020-12-16,42009,7
2020-12-13,24176,5
2020-12-18,39239,7
2020-12-09,13689,8
2020-11-24,16365,7
2020-11-03,44854,7
2020-10-17,32649,7
2020-10-03,34563,7
2020-12-25,21274,9
2020-10-24,32941,7
2020-12-03,24785,4
2020-10-17,43572,5
2020-11-02,14208,9
2020-12-05,35582,7
2020-10-27,22801,7
2020-12-12,45213,9
2020-10-01,32845,9
2020-11-04,19539,7
2020-10-25,28081,10
2020-12-12,40923,9
2020-11-28,19424,8
2020-11-01,31584,9
2020-11-04,10761,0
2020-12-23,20481,9
2020-11-21,29556,10
2020-11-27,17888,6
2020-11-30,23076,5
2020-10-25,26684,9
2020-11-11,24246,7
2020-12-07,13010,7
2020-11-18,35406,7
2020-12-29,49347,10
2020-12-10,36719,6
2020-10-03,10875,9
2020-12-29,10452,8
2020-11-26,25698,7
2020-12-03,48422,6
2020-11-15,13678,5
2020-12-22,11373,9
2020-12-18,28609,9
2020-10-29,30001,5
2020-10-04,19124,9
2020-11-04,43924,10
2020-11-03,11770,9
2020-10-15,36499,7
2020-12-31,48331,8
2020-12-30,20300,7
2020-10-16,39362,9
2020-12-29,39031,7
2020-12-21,41319,9
2020-11-14,46967,7
2020-12-01,37742,8
2020-10-19,11856,7
2020-11-29,12678,7
2020-11-10,29167,7
2020-10-04,20647,7
2020-11-21,29622,7
2020-10-28,12910,7
2020-11-15,30890,7
2020-10-07,35511,10
2020-10-14,10391,7
2020-12-17,17060,5
2020-12-19,45427,7
2020-12-18,33040,3
2020-10-03,25097,7
2020-10-18,48321,6
2020-12-21,22314,7
2020-11-17,20272,10
2020-10-25,13102,6
2020-10-27,16100,7
2020-12-11,21113,8
2020-12-17,11375,7
2020-10-30,31929,7
2020-11-01,33298,7
2020-12-26,38371,8
2020-10-08,48527,4
2020-12-11,47338,7
2020-12-26,15047,4
2020-11-29,13193,7
2020-12-15,48893,10
2020-12-22,47493,9
2020-12-14,12995,5
2020-12-04,46537,7
2020-11-21,48800,0
2020-10-02,48948,6
2020-12-06,42642,7
2020-12-13,23171,1
2020-12-18,36044,9
2020-11-10,25132,1
2020-10-06,43693,6
2020-10-08,20492,10
2020-12-30,16061,10
2020-10-16,34521,10
2020-12-24,39412,7
2020-11-19,26579,10
2020-10-13,40463,10
2020-10-18,38839,9
2020-12-10,19629,7
2020-10-23,21825,7
2020-11-05,48016,7
2020-10-30,35729,6
2020-12-01,18391,10
2020-11-19,11242,8
2020-10-01,46596,9
2020-11-10,22278,1
2020-10-18,49313,6
2020-11-19,22687,10
2020-12-22,41594,10
2020-12-21,10884,10
2020-12-19,26898,6
2020-11-07,43901,10
2020-10-02,48126,9
2020-10-08,13774,10
2020-10-11,19700,8
2020-11-21,14152,5
2020-10-29,35138,2
2020-11-18,20133,10
2020-12-09,10469,6
2020-10-03,10386,6
2020-11-20,17019,9
2020-11-15,39012,6
2020-11-21,39986,10
2020-10-31,30198,8
2020-11-17,27241,7
2020-11-01,49054,7
2020-12-13,13510,9
2020-10-05,40675,4
2020-12-27,25840,7
2020-12-12,41558,8
2020-10-05,28385,10
2020-11-11,21753,7
2020-10-09,23342,10
2020-10-25,41082,7
2020-12-16,22510,8
2020-11-30,47673,10
2020-10-16,11163,7
2020-10-01,14760,9
2020-12-05,23896,10
2020-12-07,12742,10
2020-10-31,40834,9
2020-11-08,10177,10
2020-10-11,17369,7
2020-11-10,21145,10
2020-12-04,18229,9
2020-12-02,18013,10
2020-10-02,17793,7
2020-10-07,39930,9
2020-11-02,45048,9
2020-11-07,28788,9
2020-10-11,48353,2
2020-12-25,10656,8
2020-11-07,32918,10
2020-10-16,15667,10
2020-11-20,47153,7
2020-10-17,47071,5
