response_date,rating, nps32,2
2020-10-19,29239,1
2020-12-14,35727,6
2020-12-28,23599,3
2020-10-24,21175,5
2020-10-22,10664,0
2020-11-20,27185,9
2020-12-05,36861,7
2036,5
2020-11-11,33100,3
2020-10-31,29813,1
2020-12-15,43302,8
2020-12-26,46786,0
2020-11-14,43791,2
2020-10-24,29191,7
2020-12-11,18604,9
2020-11-27,47069,6
2020-12-18,30442,7
2020-12-12,24863,5
2020-10-05,23480,10
2020-11-18,38649,2
2020-11-07,26477,6
2020-10-17,12736,1
2020-10-08,35133,9
2020-11-17,39852,0
2020-11-28,39179,2
2020-10-07,44636,8
2020-11-08,36840,0
2020-11-27,25638,0
2020-10-24,19387,7
2020-10-11,41842,9
2020-12-15,21540,10
2020-10-06,47242,9
2020-11-04,21177,7
2020-10-12,41464,10
2020-12-14,31229,2
2020-12-17,23272,2
2020-12-23,41865,8
2020-12-05,40393,8
2020-11-25,29474,0
2020-12-21,39940,0
2020-11-26,21681,9
2020-11-29,49363,8
2020-11-23,37816,4
2020-11-17,14129,5
2020-10-10,29657,8
2020-12-08,15841,0
2020-11-05,27401,9
2020-12-30,16585,2
2020-10-15,31522,6
2020-11-03,13630,2
2020-12-27,33819,10
2020-12-23,13052,5
2020-11-03,44920,6
2020-12-26,23800,3
2020-11-21,43073,8
2020-10-20,35765,10
2020-11-23,21358,9
2020-10-22,17482,9
2020-12-17,23510,2
2020-11-21,17000,10
2020-11-22,30998,9
2020-11-05,34069,4
2020-10-08,21654,8
2020-10-23,18432,9
2020-11-02,42556,10
2020-12-29,45167,5
2020-11-19,19099,7
2020-12-07,39491,10
2020-12-09,39840,5
2020-12-14,35255,4
2020-10-02,42180,2
2020-10-26,39059,6
2020-12-19,21991,2
2020-12-14,12634,1
2020-12-14,32170,2
2020-11-05,25930,1
2020-11-22,28956,9
2020-10-25,13437,5
2020-12-07,15771,9
2020-12-22,14292,5
2020-11-22,12988,0
2020-12-11,14364,8
2020-11-26,15718,7
2020-12-05,14957,2
2020-12-09,42166,1
2020-12-08,42688,1
2020-12-02,21534,7
2020-11-19,16895,1
2020-10-26,44140,2
2020-10-08,25759,10
2020-11-11,14199,9
2020-11-23,11849,7
2020-11-15,24990,8
2020-12-16,32142,2
2020-11-01,43022,9
2020-11-28,18719,6
2020-11-15,24945,4
2020-10-15,40040,8
2020-11-29,28310,3
2020-10-04,45638,9
2020-12-13,44724,6
2020-10-08,16832,9
2020-12-19,32874,9
2020-10-14,22564,5
2020-11-18,29529,10
2020-10-16,38782,6
2020-11-22,36629,10
2020-12-21,29250,9
2020-10-12,45358,2
2020-10-17,35331,10
2020-12-10,19937,6
2020-11-07,38194,6
2020-11-04,33205,2
2020-10-05,36284,9
2020-12-29,31357,9
2020-12-11,25248,8
2020-10-13,42567,2
2020-11-01,36527,6
2020-10-07,13074,9
2020-11-03,16745,6
2020-10-25,22397,7
2020-12-11,23101,1
2020-11-24,18597,1
2020-12-10,45338,2
2020-12-26,10189,9
2020-10-18,49064,4
2020-10-04,32890,4
2020-11-06,24944,2
2020-12-26,10808,7
2020-12-29,37411,9
2020-12-23,12712,8
2020-12-31,30953,8
2020-11-12,22066,1
2020-11-06,44987,0
2020-12-14,24013,10
2020-11-24,24683,0
2020-12-20,15178,10
2020-12-11,42982,9
2020-10-10,19358,1
2020-11-19,38681,8
2020-10-07,36376,5
2020-11-02,32958,8
2020-11-18,46582,0
2020-12-17,40537,9
2020-11-15,37791,8
2020-11-11,36862,10
2020-10-04,20165,0
2020-12-12,26251,0
2020-12-29,29600,6
2020-10-14,33563,2
2020-11-08,48792,0
2020-12-04,47144,9
2020-11-27,15066,6
2020-11-14,36185,9
2020-11-27,17525,2
2020-10-12,21628,10
2020-10-06,28688,5
2020-12-30,11311,8
2020-11-06,25722,1
2020-10-02,43234,9
2020-12-24,26692,1
2020-10-24,41897,7
2020-12-06,23836,1
2020-12-08,45336,6
2020-11-29,11183,10
2020-11-15,20942,5
2020-11-22,28707,9
2020-12-30,13688,9
2020-10-10,45355,6
2020-12-04,43155,6
2020-10-23,38822,0
2020-10-24,49785,9
2020-11-28,49697,2
2020-12-31,14843,7
2020-10-11,17860,0
2020-12-12,19807,8
2020-12-03,20290,2
2020-11-20,28831,5
2020-12-19,19312,8
2020-12-29,23608,5
2020-10-10,48936,8
2020-11-08,47882,8
2020-10-28,13209,10
2020-10-20,29009,0
2020-12-17,25854,3
2020-11-18,22385,8
2020-11-12,31584,0
2020-11-27,43063,2
2020-12-02,20093,0
2020-11-09,34715,6
2020-12-02,11299,6
2020-10-07,43267,10
2020-10-01,49321,9
2020-11-13,36925,6
2020-10-02,31577,0
2020-12-31,27555,7
2020-12-08,45311,5
2020-10-27,46677,8
2020-12-14,48750,0
2020-12-11,14391,5
2020-11-12,46012,8
2020-12-25,40970,6
2020-11-20,16397,9
2020-12-16,27292,4
2020-10-17,20092,2
2020-12-15,29916,5
2020-11-16,15725,7
2020-12-07,19250,1
2020-10-02,27260,10
2020-12-14,41209,2
2020-10-14,36619,7
2020-12-04,46900,10
2020-10-09,36766,10
2020-10-11,30226,3
2020-11-21,30889,3
2020-10-25,18572,5
2020-10-21,30122,9
2020-10-22,21413,8
2020-11-21,18746,6
2020-10-04,39833,1
2020-12-29,20400,8
2020-11-30,17772,7
2020-12-26,22017,1
2020-12-28,25406,10
2020-11-19,18910,10
2020-10-05,20803,0
2020-11-04,38386,3
2020-11-08,49260,8
2020-11-24,22619,9
2020-11-08,16140,10
2020-11-23,41849,3
2020-10-04,17414,10
2020-10-30,30649,9
2020-12-24,16797,1
2020-12-14,49723,8
2020-10-20,38389,10
2020-10-15,46849,2
2020-11-15,11505,1
2020-11-08,27469,7
2020-11-04,37606,6
2020-11-20,25623,7
2020-12-21,40410,3
2020-12-06,48389,6
2020-11-01,24724,2
2020-12-23,28667,2
2020-11-16,34598,9
2020-10-22,31918,5
2020-11-24,27873,6
2020-11-05,41327,1
2020-12-09,38211,6
2020-10-30,48890,10
2020-11-21,24418,2
2020-10-06,21362,9
2020-11-01,28824,8
2020-11-10,32826,0
2020-10-22,26046,7
2020-12-10,44491,7
2020-10-11,44477,9
2020-11-26,22148,9
2020-12-12,46235,0
2020-10-04,18612,8
2020-12-04,32876,0
2020-12-31,37287,9
2020-12-05,39117,1
2020-11-01,49708,6
2020-11-24,15011,4
2020-11-29,11480,9
2020-11-24,19317,9
2020-10-29,18316,10
2020-10-10,37467,7
2020-10-19,17453,2
2020-10-08,18884,10
2020-12-03,11367,6
2020-10-04,29690,7
2020-10-11,28156,5
2020-12-05,34373,1
2020-12-17,33734,1
2020-11-04,43954,2
2020-12-21,36211,9
2020-10-02,35220,0
2020-12-24,12757,10
2020-10-14,17247,0
2020-10-20,24072,2
2020-10-19,44067,9
2020-12-01,20000,9
2020-11-27,10349,2
2020-12-12,13336,8
2020-11-15,37677,2
2020-12-18,48130,10
2020-10-03,49232,10
2020-11-12,31244,3
2020-11-05,49426,6
2020-11-12,46613,9
2020-12-26,34025,8
2020-12-10,47216,8
2020-10-11,46914,9
2020-12-01,18763,9
2020-12-15,39551,5
2020-10-01,27757,8
2020-10-06,38802,9
2020-11-16,46155,9
2020-11-22,26605,7
2020-10-24,47622,7
2020-10-23,31520,0
2020-10-04,40037,6
2020-10-20,39931,7
2020-12-12,18545,5
2020-12-28,35191,8
2020-11-07,38835,0
2020-11-24,15620,10
2020-10-24,18821,9
2020-11-20,24706,1
2020-11-23,34089,8
2020-11-10,20572,9
2020-12-26,45217,10
2020-10-19,34514,10
2020-11-26,43718,6
2020-11-24,16894,6
2020-11-25,39523,10
2020-12-29,47569,10
2020-10-14,11894,1
2020-12-27,26652,7
2020-12-17,24663,9
2020-12-30,25973,5
2020-12-19,13577,10
2020-12-27,13418,9
2020-12-15,19742,4
2020-10-17,38126,10
2020-10-14,13686,8
2020-12-22,24214,5
2020-10-17,14789,7
2020-11-20,48662,4
2020-12-29,31304,10
2020-12-24,31525,8
2020-10-17,23795,2
2020-11-26,47113,7
2020-12-17,35557,2
2020-11-10,40247,10
2020-12-27,17150,6
2020-12-09,26798,6
2020-11-26,41011,8
2020-11-27,45463,8
2020-12-15,13379,8
2020-12-30,49335,1
2020-10-29,34547,6
2020-12-26,24835,5
2020-12-30,31377,10
2020-10-21,46277,8
2020-11-23,26213,0
2020-10-06,24907,10
2020-11-14,35382,9
2020-12-16,35653,2
2020-12-08,20183,2
2020-12-20,22538,8
2020-12-20,26743,2
2020-12-30,23306,6
2020-11-20,17225,9
2020-10-19,49054,9
2020-10-28,37828,7
2020-10-19,25819,1
2020-11-21,38532,5
2020-11-22,10178,9
2020-12-27,22703,8
2020-12-25,13896,4
2020-10-03,15209,0
2020-12-11,28622,7
2020-12-31,22169,2
2020-12-20,32881,3
2020-10-19,37862,10
2020-10-03,39460,2
2020-11-25,30339,9
2020-10-14,30550,1
2020-11-05,46736,9
2020-10-05,48943,2
2020-12-11,36620,9
2020-11-11,39640,5
2020-10-31,38006,6
2020-11-19,42474,5
2020-12-06,39058,8
2020-12-06,44030,9
2020-10-17,42804,3
2020-11-27,14103,2
2020-12-11,36569,0
2020-11-10,31904,2
2020-12-24,37875,7
2020-12-14,18271,2
2020-12-29,29061,0
2020-10-05,35669,5
2020-11-29,42836,1
2020-12-15,24163,9
2020-11-24,29848,0
2020-10-29,42563,5
2020-10-24,47718,7
2020-11-09,40697,10
2020-11-30,17476,7
2020-12-28,18373,5
2020-10-15,19857,1
2020-10-10,31355,3
2020-12-21,29492,8
2020-12-24,34778,1
2020-12-11,20178,2
2020-11-07,32641,3
2020-10-23,36910,9
2020-11-15,17771,10
2020-12-24,10490,8
2020-11-30,40923,0
2020-11-01,25202,8
2020-11-22,14137,0
2020-11-12,22057,10
2020-10-23,10475,1
2020-11-10,40006,2
2020-11-02,26682,9
2020-12-18,16824,0
2020-10-01,11763,3
2020-10-11,18436,10
2020-10-22,38268,4
2020-11-04,36889,1
2020-12-01,29586,7
2020-12-20,35688,10
2020-12-22,31330,8
2020-11-27,15764,0
2020-10-08,42709,1
2020-10-07,19607,5
2020-10-01,45816,2
2020-10-15,49198,6
2020-11-16,41130,9
2020-10-12,22585,8
2020-10-10,22633,1
2020-12-28,19744,7
2020-11-16,25305,6
2020-11-07,10241,4
2020-11-07,13605,1
2020-12-31,36900,1
2020-12-20,36911,0
2020-12-21,12523,6
2020-10-28,23437,8
2020-11-05,22749,8
2020-12-03,46098,4
2020-11-14,47201,6
2020-10-17,14680,2
2020-10-14,30227,6
2020-12-20,11911,8
2020-12-10,16957,0
2020-12-16,48743,10
2020-10-17,11538,8
2020-10-15,29428,3
2020-12-09,46626,9
2020-10-15,47567,9
2020-12-22,26541,1
2020-10-04,18709,3
2020-11-05,38383,6
2020-11-06,10838,1
2020-11-02,14138,0
2020-12-23,14304,4
2020-12-19,41527,4
2020-11-23,20056,0
2020-11-19,22592,8
2020-10-08,19314,5
2020-10-05,22114,8
2020-10-29,32738,7
2020-12-29,22482,3
2020-10-19,29624,7
2020-12-21,31615,0
2020-12-20,23783,9
2020-11-25,36494,7
2020-10-22,42483,1
2020-10-30,23860,5
2020-12-24,47331,10
2020-10-02,49236,1
2020-11-02,12099,8
2020-11-11,40628,1
2020-11-04,41588,6
2020-10-25,21373,8
2020-11-20,48791,7
2020-11-14,34617,7
2020-11-15,11913,10
2020-12-27,43880,3
2020-12-02,28042,6
2020-11-17,40937,9
2020-12-23,13144,8
2020-11-12,13836,10
2020-10-10,40412,2
2020-12-09,14954,8
2020-11-08,48837,2
2020-12-10,15177,0
2020-12-18,26073,8
2020-12-17,25100,4
2020-10-09,20974,8
2020-10-18,42612,10
2020-11-26,23804,9
2020-11-10,29686,7
2020-10-02,30323,1
2020-11-26,31013,5
2020-12-05,31540,9
2020-11-12,36864,5
2020-10-27,11251,5
2020-11-07,49486,8
2020-10-02,49448,7
2020-11-14,41505,7
2020-10-27,25451,5
2020-11-30,32332,8
2020-12-07,43448,2
2020-11-01,25401,8
2020-12-19,45670,8
2020-12-21,34413,0
2020-12-17,39216,4
2020-11-09,43785,0
2020-10-21,14120,0
2020-10-14,12435,10
2020-11-05,16581,0
2020-10-31,41761,4
2020-11-13,32092,5
2020-12-05,30019,10
2020-10-13,26829,1
2020-11-14,19232,3
2020-10-20,25831,4
2020-10-19,37442,3
2020-12-14,49336,9
2020-11-10,29797,3
2020-12-24,19125,8
2020-10-24,27380,10
2020-11-13,43916,5
2020-12-08,28973,3
2020-11-13,26635,2
2020-12-21,23507,7
2020-10-03,38636,0
2020-12-18,36023,9
2020-11-14,27306,3
2020-11-11,39601,5
2020-12-08,21970,4
2020-10-18,17113,8
2020-11-12,49856,5
2020-12-09,40382,0
2020-12-31,24854,2
2020-10-18,34942,2
2020-11-14,19380,8
2020-11-08,10832,9
2020-10-05,15220,5
2020-11-16,13622,5
2020-10-21,40421,1
2020-11-13,13401,1
2020-12-05,25857,2
2020-11-14,38320,4
2020-12-18,31404,6
2020-11-01,16873,2
2020-12-07,18131,0
2020-12-24,11883,10
2020-10-21,38014,7
2020-10-17,31511,10
2020-11-18,47804,8
2020-11-03,12954,2
2020-12-09,30320,6
2020-12-13,32999,2
2020-10-12,17741,0
2020-11-05,30253,7
2020-11-16,25987,0
2020-12-16,42907,1
2020-10-27,25267,0
2020-11-03,16151,1
2020-12-23,33389,9
2020-12-17,14735,10
2020-10-09,13313,8
2020-11-05,11475,6
2020-12-13,22322,3
2020-12-04,20934,7
2020-12-24,36238,0
2020-10-22,36917,0
2020-12-28,20843,2
2020-11-17,33041,2
2020-10-25,10171,6
2020-12-30,46911,0
2020-10-31,32197,1
2020-12-27,35203,1
2020-12-11,26071,8
2020-10-26,43881,2
2020-10-17,34177,9
2020-10-04,37575,7
2020-12-19,29129,7
2020-10-03,48095,3
2020-12-28,28339,5
2020-10-09,33448,2
2020-10-03,25932,10
2020-12-19,30955,5
2020-10-15,42007,9
2020-12-21,31870,1
2020-11-27,45058,7
2020-11-08,12356,4
2020-11-30,30626,8
2020-12-24,20031,0
2020-12-05,38495,10
2020-11-03,34225,2
2020-12-24,41490,5
2020-12-12,28313,3
2020-11-08,21451,6
2020-12-24,11086,8
2020-11-25,13908,9
2020-12-21,38019,7
2020-10-21,49509,10
2020-11-09,30491,1
2020-11-10,20780,3
2020-10-28,35846,9
2020-11-01,36599,2
2020-10-11,19510,3
2020-10-20,33575,7
2020-10-18,21509,9
2020-11-17,46064,0
2020-10-03,20804,8
2020-11-02,30086,7
2020-11-19,18723,1
2020-12-14,15973,8
2020-11-06,34398,8
2020-11-09,29963,7
2020-12-05,14217,5
2020-10-06,41578,10
2020-11-20,48154,5
2020-12-24,38125,10
2020-12-03,46177,9
2020-10-28,19808,3
2020-12-22,18659,7
2020-11-27,10988,1
2020-10-12,42638,10
2020-10-26,21488,8
2020-11-03,36962,2
2020-12-20,34825,6
2020-12-19,17177,8
2020-10-10,24978,9
2020-11-10,46819,5
2020-12-04,11160,4
2020-10-18,28606,1
2020-12-04,44415,7
2020-11-28,48547,2
2020-12-24,13137,7
2020-11-15,36883,7
2020-11-16,33299,6
2020-11-19,49349,9
2020-10-29,12473,9
2020-12-03,10908,1
2020-12-28,25224,4
2020-11-30,24893,6
2020-12-17,22426,8
2020-12-10,32346,0
2020-10-06,46413,0
2020-10-30,37468,9
2020-10-13,34956,7
2020-11-18,18407,9
2020-10-20,29615,1
2020-12-31,48677,5
2020-12-08,45056,1
2020-11-06,13215,0
2020-11-30,33863,9
2020-11-25,27696,7
2020-12-23,24851,1
2020-10-09,35762,8
2020-10-22,45048,2
2020-12-26,46569,1
2020-11-05,34593,8
2020-12-22,14470,1
2020-12-04,25065,5
2020-10-26,27829,9
2020-11-18,16802,6
2020-12-21,28316,7
2020-10-09,23829,1
2020-12-07,13443,8
2020-12-04,34446,1
2020-11-30,14467,7
2020-10-02,10085,5
2020-10-05,13361,2
2020-12-29,43344,3
2020-12-02,13146,8
2020-12-09,46766,1
2020-11-01,21609,2
2020-11-25,16699,9
2020-11-22,17348,10
2020-11-27,34441,1
2020-12-24,48967,0
2020-12-23,22761,5
2020-12-22,32007,6
2020-12-24,28369,8
2020-11-06,23600,10
2020-11-28,45106,8
2020-12-17,32780,4
2020-10-27,42635,7
2020-12-25,13776,3
2020-11-20,27225,6
2020-12-19,27043,8
2020-11-04,28912,7
2020-11-19,22276,2
2020-10-21,16178,0
2020-11-27,42932,0
2020-12-10,44376,7
2020-11-18,11952,3
2020-11-15,48491,2
2020-12-13,35094,7
2020-12-01,23045,10
2020-12-14,12046,2
2020-12-08,18005,8
2020-10-30,40008,9
2020-11-14,19465,10
2020-10-20,26388,3
2020-12-29,17919,1
2020-10-04,18199,6
2020-10-06,12167,4
2020-12-11,42083,0
2020-11-05,28128,5
2020-11-19,13427,10
2020-11-10,31417,9
2020-10-13,25753,5
2020-11-05,29929,6
2020-12-14,11497,0
2020-11-05,44704,9
2020-10-15,44789,7
2020-12-07,12926,0
2020-10-29,13200,9
2020-12-05,21972,10
2020-11-17,43014,4
2020-11-30,20370,9
2020-10-18,30389,8
2020-12-07,48790,10
2020-11-21,45137,5
2020-11-07,36478,7
2020-12-22,34602,4
2020-11-25,46807,0
2020-11-29,40595,0
2020-12-27,22663,0
2020-11-26,30248,6
2020-12-29,17633,8
2020-10-13,48825,4
2020-10-02,38089,1
2020-10-11,20467,6
2020-12-29,36532,9
2020-10-14,35977,7
2020-11-30,12211,6
2020-12-14,18208,4
2020-10-27,49098,0
2020-10-28,18881,0
2020-10-08,35034,2
2020-12-17,20498,4
2020-10-15,12897,4
2020-12-03,37066,2
2020-11-15,12080,4
2020-12-06,25788,9
2020-10-18,26140,7
2020-10-02,38011,7
2020-10-01,22737,1
2020-11-26,25965,7
2020-11-05,19457,6
2020-11-07,24770,5
2020-11-23,21101,8
2020-12-19,11026,3
2020-12-17,33361,10
2020-11-13,27463,5
2020-12-27,36146,4
2020-11-25,41251,1
2020-10-20,46393,5
2020-11-20,20953,0
2020-10-17,11184,9
2020-10-14,34583,5
2020-11-24,46342,8
2020-11-10,25009,9
2020-11-16,32157,2
2020-12-02,34010,5
2020-11-21,33854,7
2020-10-01,42062,7
2020-11-08,26452,6
2020-11-17,34631,9
2020-12-15,47456,6
2020-10-30,20097,3
2020-10-22,49827,8
2020-11-28,36051,8
2020-11-29,40060,5
2020-12-05,21053,6
2020-10-04,11165,9
2020-10-06,21689,7
2020-10-21,37689,6
2020-11-17,46848,7
2020-11-08,18525,10
2020-10-16,11691,5
2020-11-18,34673,6
2020-12-28,49264,10
2020-11-09,30764,10
2020-10-11,19905,9
2020-12-15,34278,5
2020-10-04,15577,10
2020-11-01,34485,6
2020-11-08,11989,8
2020-10-22,23332,5
2020-10-05,24182,10
2020-12-30,28315,0
2020-10-11,17263,9
2020-10-20,22796,1
2020-10-06,47066,2
2020-11-28,36001,3
2020-12-23,44695,4
2020-11-11,47179,5
2020-10-15,46204,5
2020-12-20,33478,7
2020-11-18,32019,5
2020-10-17,46572,9
2020-11-30,35458,10
2020-11-17,26273,0
2020-10-27,38103,5
2020-12-31,23631,6
2020-12-07,16917,8
2020-12-12,36872,9
2020-12-22,14264,9
2020-12-22,34669,5
2020-10-28,46465,9
2020-12-18,14326,5
2020-11-26,38486,4
2020-12-02,28003,2
2020-10-28,46527,4
2020-11-14,26377,6
2020-12-25,46951,2
2020-10-30,27573,2
2020-10-31,33759,10
2020-12-18,19558,1
2020-11-12,28994,8
2020-11-12,24271,9
2020-10-25,20727,10
2020-11-29,35874,9
2020-11-04,49316,10
2020-11-05,12263,7
2020-12-03,16944,9
2020-12-21,32071,8
2020-11-28,28946,9
2020-12-23,29933,7
2020-12-11,28897,9
2020-11-14,35444,2
2020-10-16,37782,8
2020-12-27,25482,10
2020-12-04,22262,0
2020-11-24,29513,7
2020-10-01,24793,2
2020-11-18,48682,7
2020-12-09,40742,1
2020-11-03,32523,9
2020-10-22,32732,3
2020-12-31,10200,9
2020-12-31,10000,6
2020-12-30,17780,0
2020-10-26,34100,6
2020-11-05,18164,10
2020-10-08,35796,8
2020-12-16,49707,9
2020-12-25,46930,1
2020-11-02,34710,9
2020-12-24,30104,7
2020-12-18,46389,0
2020-10-10,34630,0
2020-12-15,21729,1
2020-10-02,13748,4
2020-10-16,40130,1
2020-10-18,36846,7
2020-12-26,48458,7
2020-11-18,39562,6
2020-10-09,29147,4
2020-12-24,39092,10
2020-12-13,26430,8
2020-11-03,44285,5
2020-10-20,27337,10
2020-11-09,42627,0
2020-11-28,13244,3
2020-10-08,19611,9
2020-11-24,43374,8
2020-10-13,34696,0
2020-12-15,20191,9
2020-11-09,36627,6
2020-10-13,34920,8
2020-11-29,23803,0
2020-12-15,24134,5
2020-11-08,13434,8
2020-11-18,33707,6
2020-11-20,43866,2
2020-11-27,46076,9
2020-11-06,16679,7
2020-10-11,14396,1
2020-12-10,21928,4
2020-10-12,46391,1
2020-11-21,25200,2
2020-11-10,10302,6
2020-11-08,13055,8
2020-12-26,23361,3
2020-11-13,46173,1
2020-10-08,47711,1
2020-12-18,37984,0
2020-10-05,41520,4
2020-11-23,38598,6
2020-10-29,34459,7
2020-12-12,44213,5
2020-10-03,34262,6
2020-12-09,25256,10
2020-10-01,42386,2
2020-10-16,47574,9
2020-12-25,29960,9
2020-10-12,41602,9
2020-11-29,49294,2
2020-12-25,29463,7
2020-10-11,24546,9
2020-11-01,19771,2
2020-12-18,16909,1
2020-11-06,11999,4
2020-11-23,15543,9
2020-10-22,34321,8
2020-11-20,27303,2
2020-11-24,44403,10
2020-11-18,20343,9
2020-12-03,45278,6
2020-10-06,11707,0
2020-12-13,37929,7
2020-12-06,43012,1
2020-11-14,17825,8
2020-12-09,32660,9
2020-10-02,33904,1
2020-11-12,23217,1
2020-10-11,37265,0
2020-11-03,43944,10
2020-10-08,15226,1
2020-12-19,36474,8
2020-12-17,38037,6
2020-10-14,22990,2
2020-12-18,17812,9
2020-11-08,40617,8
2020-11-19,22042,5
2020-11-04,11594,5
2020-12-09,32809,3
2020-10-15,34557,0
2020-11-25,49758,7
2020-12-21,25575,8
2020-12-25,14710,5
2020-11-01,43802,2
2020-10-08,12553,1
2020-12-30,24733,2
2020-10-28,18070,8
2020-11-10,43858,5
2020-12-21,21820,1
2020-11-09,46681,9
2020-10-15,24763,9
2020-11-03,20379,5
2020-11-23,40741,10
2020-11-22,17120,5
2020-11-06,18933,7
2020-11-06,30792,10
2020-11-19,20798,10
2020-10-04,10544,8
2020-11-21,35893,7
2020-11-29,24016,4
2020-10-18,23287,6
2020-12-24,10958,6
2020-12-24,29679,1
2020-10-13,22455,2
2020-10-11,31494,10
2020-12-01,43786,9
2020-11-10,14342,10
2020-10-26,28379,8
2020-12-16,16128,6
2020-10-26,39817,6
2020-12-03,44940,1
2020-10-09,15150,2
2020-12-26,25770,5
2020-11-21,38491,4
2020-12-20,36008,2
2020-10-21,35179,2
2020-11-12,34844,9
2020-12-01,24948,5
2020-10-25,19059,9
2020-10-11,49661,7
2020-11-23,11109,10
2020-10-31,48044,8
2020-11-29,32177,2
2020-12-18,44640,7
2020-10-03,32121,8
2020-10-25,14084,10
2020-12-23,16778,3
2020-11-25,14557,8
2020-12-01,21066,8
2020-12-18,19292,5
2020-11-10,22451,0
2020-12-09,43573,7
2020-11-08,31468,9
2020-11-26,13402,6
2020-11-16,26056,9
2020-12-26,39094,8
2020-10-02,12164,0
2020-11-04,20209,1
2020-11-16,39733,6
2020-12-26,43968,10
2020-10-27,17948,9
2020-12-03,32219,3
2020-11-03,49689,4
2020-11-11,38523,7
2020-10-27,28358,4
2020-10-29,45731,6
2020-12-08,26646,9
2020-11-20,23436,4
2020-10-14,38734,1
2020-12-19,29838,3
2020-10-13,40132,9
2020-10-19,43225,6
2020-11-18,21548,0
2020-12-29,49834,6
2020-12-31,33889,5
2020-11-28,29642,1
2020-12-16,47014,6
2020-10-12,33416,1
2020-12-23,38827,4
2020-11-21,16692,5
2020-11-22,30660,4
2020-11-01,14051,7
2020-10-19,23941,2
2020-12-16,18942,9
2020-10-15,20298,9
2020-12-09,21439,1
2020-11-18,48226,2
2020-12-28,17749,5
2020-11-19,15503,0
2020-10-25,16732,6
2020-10-03,20274,7
2020-11-16,12049,7
2020-12-26,13715,2
2020-11-01,25380,4
2020-12-18,28127,7
2020-10-19,27159,5
2020-12-29,48235,8
2020-10-03,22620,9
2020-11-29,38064,1
2020-10-30,30000,9
2020-12-14,16101,0
2020-11-04,12689,9
2020-12-12,31214,7
2020-11-26,41384,10
2020-11-28,45571,10
2020-12-01,23071,0
2020-10-05,35293,6
2020-11-11,41480,10
2020-11-10,40949,2
2020-11-27,15819,8
2020-10-14,22563,8
2020-11-01,12229,10
2020-12-08,30632,5
2020-11-28,35127,1
2020-10-31,32152,1
2020-12-31,27960,1
2020-12-16,47230,2
2020-11-29,48759,5
2020-10-06,41791,3
2020-10-19,23865,5
2020-12-31,40474,2
2020-11-06,46560,8
2020-11-22,20718,10
2020-12-11,30243,2
2020-10-03,40943,4
2020-11-22,40195,0
2020-10-20,10249,2
2020-11-05,44487,0
2020-12-12,33693,1
2020-10-17,15790,1
2020-12-17,42496,10
2020-12-03,42481,7
2020-10-19,30244,9
2020-12-24,42344,7
2020-11-17,15567,9
2020-10-28,35073,0
2020-10-23,10519,2
2020-10-04,49116,6
2020-11-01,46559,5
2020-11-28,19089,6
2020-12-28,34633,5
2020-11-09,43222,0
2020-12-17,34515,0
2020-11-07,35327,6
2020-10-04,14026,9
2020-11-28,13193,9
2020-10-09,46864,2
2020-12-30,13559,0
2020-12-05,23154,1
2020-10-28,39826,9
2020-10-22,43668,7
2020-12-28,26966,2
2020-10-21,36561,9
2020-10-03,49088,5
2020-10-01,18705,7
2020-12-16,34346,8
2020-10-20,27578,6
2020-10-19,45232,7
2020-11-11,42707,6
2020-11-20,43385,3
2020-10-20,41544,8
2020-12-22,21334,10
2020-12-17,14352,9
2020-11-16,40797,10
2020-10-27,40268,9
2020-11-24,35534,7
2020-11-22,21789,9
2020-12-25,36891,8
2020-12-13,13202,10
2020-11-10,20034,9
2020-12-09,13626,3
2020-12-11,10523,2
2020-11-10,47669,2
2020-11-06,21757,2
2020-12-24,32589,0
2020-10-24,48306,8
2020-11-12,12422,5
2020-12-31,22868,0
2020-11-23,38509,7
2020-12-11,30501,2
2020-12-22,14001,7
2020-10-24,11012,5
2020-12-22,29048,0
2020-11-09,43319,7
2020-11-26,48330,0
2020-12-13,24367,9
2020-12-16,20759,2
2020-11-14,37611,2
2020-10-17,39687,7
2020-12-28,49021,9
2020-11-05,15186,8
2020-10-04,26181,1
2020-12-25,49816,1
2020-11-28,41263,9
2020-10-02,13333,1
2020-11-20,19635,1
2020-10-17,25925,2
2020-12-15,44021,7
2020-11-05,17388,10
2020-11-12,21411,1
2020-12-15,22256,9
2020-12-09,21964,3
2020-11-27,31792,0
2020-10-17,19682,9
2020-12-29,34342,7
2020-12-08,17734,9
2020-11-08,46664,8
2020-12-07,32199,2
2020-10-19,28251,8
2020-12-25,27051,3
2020-11-24,25177,1
2020-10-18,20925,9
2020-12-02,29729,8
2020-10-03,10882,3
2020-12-02,45324,1
2020-11-15,43608,9
2020-11-13,31502,2
2020-12-14,18765,9
2020-10-12,32705,9
2020-10-29,46275,2
2020-12-13,49518,2
2020-12-03,41194,5
2020-10-08,28142,1
2020-10-26,47512,8
2020-12-13,36124,6
2020-11-11,29604,6
2020-12-01,26197,1
2020-11-13,10218,5
2020-10-22,31908,6
2020-10-11,16582,1
2020-12-28,49883,4
2020-10-31,19034,9
2020-12-19,34566,9
2020-10-22,43525,9
2020-11-08,23612,0
2020-12-18,24388,9
2020-12-01,23311,1
2020-10-27,14032,3
2020-10-08,38966,3
2020-11-02,44211,2
2020-10-16,23719,8
2020-11-08,28318,0
2020-11-01,29458,5
2020-10-03,38473,3
2020-10-24,30744,1
2020-11-14,15655,0
2020-11-05,38847,10
2020-11-21,48310,3
2020-12-09,26827,8
2020-12-29,30411,9
2020-12-08,30004,9
2020-10-11,46324,8
2020-10-23,11943,5
2020-12-26,10630,2
2020-10-26,20833,4
2020-10-25,21055,4
2020-11-29,26441,2
2020-11-27,27976,10
2020-11-24,20054,6
2020-12-22,31891,10
2020-11-27,23677,3
2020-10-04,14791,5
2020-12-07,18835,7
2020-12-03,19514,5
2020-10-14,15076,1
2020-10-15,10169,0
2020-12-26,20722,6
2020-11-01,14779,9
2020-10-31,21675,1
2020-10-21,23660,3
2020-12-13,29210,6
2020-12-28,15336,9
2020-12-16,36247,1
2020-11-10,38086,9
2020-10-29,24327,8
2020-12-21,39422,3
2020-12-17,32726,10
2020-11-06,41355,3
2020-10-14,48896,5
2020-10-20,49794,0
2020-12-18,37325,10
2020-12-18,18313,1
2020-10-31,23619,1
2020-10-27,37888,10
2020-12-13,47989,5
2020-12-13,16190,8
2020-10-10,12547,3
2020-12-12,16059,10
2020-10-15,20208,2
2020-12-28,18372,0
2020-11-13,30883,6
2020-11-01,27566,9
2020-12-09,29419,0
2020-10-23,39133,2
2020-10-15,46513,3
2020-10-07,47056,5
2020-11-29,38749,8
2020-11-23,26334,2
2020-11-25,35503,0
2020-12-22,42602,4
2020-11-27,37879,2
2020-12-16,45792,2
2020-12-04,15073,6
2020-11-07,24995,10
2020-10-10,33128,10
2020-10-29,38326,6
2020-11-03,11424,8
2020-12-04,18689,2
2020-12-04,42969,10
2020-12-18,45613,9
2020-12-15,11230,2
2020-11-07,39886,6
2020-11-13,30195,10
2020-11-02,48531,2
2020-12-27,48661,7
2020-10-02,46282,2
2020-11-25,46373,2
2020-11-10,11761,5
2020-11-13,17531,7
2020-12-03,46843,7
2020-12-30,46985,10
2020-12-13,39919,9
2020-11-22,16250,2
2020-10-19,17073,2
2020-10-24,11444,9
2020-10-17,16928,2
2020-10-26,40762,7
2020-12-06,39487,10
2020-11-08,45634,3
2020-11-10,42900,3
2020-10-16,48610,1
2020-10-01,46983,0
2020-12-24,30396,5
2020-10-01,38119,2
2020-10-25,38363,10
2020-11-22,20578,2
2020-10-10,42388,8
2020-10-08,26514,4
2020-11-07,22117,6
2020-12-30,30117,9
2020-12-24,44354,6
2020-10-24,29788,9
2020-10-20,37189,8
2020-10-07,15611,3
2020-10-22,14501,8
2020-12-30,13342,2
2020-11-03,12946,7
2020-10-10,38541,5
2020-10-19,37626,10
2020-12-24,10270,0
2020-10-27,33070,3
2020-12-16,10622,2
2020-10-27,27233,7
2020-11-07,22279,1
2020-10-29,25910,1
2020-11-29,34809,8
2020-10-23,33253,7
2020-10-21,30125,6
2020-10-06,13966,8
2020-10-18,22464,4
2020-11-24,44507,1
2020-10-05,27345,5
2020-12-28,41407,7
2020-11-19,44608,7
2020-12-19,15482,3
2020-12-20,11648,6
2020-10-07,49714,5
2020-10-12,22812,9
2020-12-19,11766,1
2020-10-05,31415,2
2020-11-11,14606,5
2020-10-27,29862,5
2020-10-17,28967,6
2020-11-08,14667,1
2020-11-16,41342,7
2020-11-25,48820,6
2020-11-13,28338,7
2020-10-13,36080,5
2020-10-26,15244,9
2020-11-12,47672,9
2020-11-21,33952,9
2020-12-05,29488,2
2020-10-24,18960,2
2020-12-05,11390,6
2020-12-08,31011,7
2020-11-12,15478,8
2020-10-19,31462,0
2020-11-07,15331,5
2020-12-03,34829,1
2020-12-29,33069,1
2020-11-07,44282,0
2020-10-14,12494,2
2020-11-22,38933,5
2020-12-09,10121,0
2020-11-23,36845,9
2020-12-16,15709,2
2020-11-13,49685,5
2020-12-05,43507,5
2020-12-09,28207,2
2020-11-12,39086,7
2020-12-03,36244,7
2020-11-20,26242,6
2020-10-17,45348,1
2020-10-09,44803,2
2020-11-26,16428,8
2020-12-11,34461,1
2020-10-30,45735,10
2020-11-22,30083,7
2020-12-11,27973,0
2020-10-03,37784,10
2020-11-18,29291,1
2020-10-03,12826,5
2020-11-17,38288,0
2020-12-30,13525,0
2020-12-02,17885,7
2020-11-01,12601,7
2020-10-15,26016,6
2020-11-27,46509,0
2020-12-15,33930,5
2020-10-26,19365,2
2020-10-11,32612,8
2020-10-14,27784,1
2020-11-07,31455,1
2020-11-25,17324,8
2020-11-28,47383,5
2020-12-14,26057,7
2020-12-17,45395,10
2020-10-09,33210,7
2020-12-06,19385,6
2020-10-12,30095,3
2020-10-12,29003,2
2020-11-30,28521,1
2020-10-18,11261,5
2020-10-06,14310,5
2020-10-23,48364,5
2020-10-09,20495,8
2020-12-05,48475,9
2020-12-11,30694,7
2020-10-16,49945,6
2020-10-11,38362,2
2020-12-05,22718,1
2020-10-28,40485,9
2020-10-19,31380,10
2020-11-10,43831,6
2020-12-19,24424,5
2020-10-20,15371,2
2020-11-14,29116,10
2020-11-14,36590,0
2020-12-21,28742,9
2020-12-24,34314,9
2020-11-22,40596,10
2020-10-30,14164,8
2020-12-13,34214,1
2020-12-18,41186,9
2020-12-19,34683,9
2020-12-02,33630,0
2020-12-07,36613,1
2020-10-05,44547,1
2020-10-31,35006,7
2020-10-27,32851,1
2020-12-08,16249,1
2020-11-24,46482,7
2020-10-03,35981,10
2020-11-22,20863,3
2020-12-29,42559,5
2020-12-08,42931,7
2020-12-27,15891,7
2020-10-05,18002,7
2020-12-07,37562,2
2020-12-22,25176,0
2020-10-24,45919,0
2020-12-04,35725,6
2020-12-06,25608,1
2020-12-31,31472,2
2020-10-22,39839,10
2020-11-16,29199,8
2020-11-13,49078,8
2020-10-13,18986,8
2020-11-11,16655,0
2020-10-21,30062,7
2020-10-12,20642,7
2020-12-05,34595,8
2020-12-02,45559,10
2020-10-28,31245,4
2020-11-30,48538,5
2020-10-22,31416,7
2020-10-04,22695,1
2020-11-27,23148,2
2020-12-28,23012,0
2020-12-08,48452,9
2020-12-06,19149,7
2020-10-11,25892,0
2020-12-19,37527,3
2020-12-26,24647,4
2020-11-26,49768,2
2020-12-20,28569,10
2020-10-30,30880,5
2020-10-02,13388,3
2020-12-16,26921,8
2020-11-28,34776,7
2020-11-14,33434,4
2020-11-16,30882,2
2020-11-09,48063,0
2020-10-07,44996,5
2020-10-09,29891,2
2020-11-05,34837,8
2020-12-27,12026,2
2020-11-20,32081,9
2020-10-29,24032,2
2020-11-05,33055,0
2020-11-27,36960,9
2020-10-10,12142,9
2020-10-16,28571,7
2020-11-05,23083,10
2020-10-18,47867,9
2020-10-17,37062,7
2020-10-24,15524,1
2020-12-11,21445,1
2020-11-19,25137,8
2020-10-03,21877,4
2020-12-01,15693,7
2020-11-06,11909,5
2020-11-06,19898,8
2020-11-20,28136,1
2020-11-01,34894,2
2020-11-22,19783,6
2020-12-21,30298,9
2020-12-13,39249,10
2020-11-23,39914,0
2020-11-01,45844,1
2020-10-26,33992,10
2020-12-02,27450,7
2020-10-17,48968,9
2020-10-24,31361,6
2020-12-07,49698,0
2020-10-12,46867,0
2020-10-15,30459,10
2020-10-15,35241,6
2020-11-24,36307,8
2020-11-20,39608,10
2020-10-27,16364,9
2020-12-05,21092,6
2020-12-12,28230,2
2020-11-30,35974,7
2020-12-09,30685,3
2020-11-27,23420,7
2020-11-01,19070,6
2020-11-14,46954,0
2020-12-31,28214,7
2020-10-01,25995,0
2020-10-30,11058,7
2020-12-20,32119,4
2020-10-11,23919,9
2020-11-21,45679,10
2020-12-01,27733,9
2020-12-03,38331,10
2020-10-13,11154,5
2020-11-30,28191,5
2020-12-12,25814,10
2020-10-27,10515,10
2020-11-27,45730,9
2020-12-17,31747,6
2020-10-31,33445,5
2020-12-27,47408,8
2020-12-05,42136,5
2020-11-01,33080,9
2020-11-20,44818,5
2020-10-18,36901,9
2020-12-27,35697,8
2020-11-15,20392,5
2020-11-06,34535,1
2020-12-07,42711,8
2020-11-21,31203,1
2020-11-19,13800,8
2020-11-05,46604,9
2020-10-04,27616,10
2020-10-16,49673,10
2020-11-25,30563,3
2020-12-10,18439,3
2020-12-28,17548,5
2020-12-13,12798,7
2020-12-27,12921,1
2020-12-15,40680,7
2020-12-26,13521,3
2020-12-05,24210,9
2020-10-09,43556,10
2020-11-08,39973,5
2020-12-25,23681,7
2020-12-19,11967,1
2020-10-14,36274,5
2020-11-20,16155,5
2020-10-15,18322,7
2020-12-11,11743,10
2020-12-14,47715,2
2020-10-04,23453,2
2020-11-29,21436,2
2020-11-25,13057,5
2020-11-28,43690,9
2020-11-21,11561,3
2020-12-05,37915,9
2020-10-13,20445,2
2020-10-11,14397,4
2020-11-12,25057,2
2020-12-15,47481,7
2020-12-26,25270,2
2020-10-12,49120,9
2020-12-10,44513,5
2020-12-06,25226,10
2020-11-03,40517,2
2020-12-30,20153,7
2020-11-20,27866,7
2020-12-04,24409,9
2020-11-27,47006,0
2020-11-22,24729,6
2020-12-24,39786,0
2020-12-14,36556,5
2020-12-22,23771,9
2020-12-27,28336,9
2020-10-24,48775,1
2020-12-20,40235,10
2020-12-05,49939,9
2020-10-01,19050,9
2020-12-21,19579,3
2020-11-20,39622,8
2020-12-16,22030,1
2020-12-11,11010,10
2020-11-30,20280,2
2020-12-14,11902,2
2020-10-14,49101,6
2020-10-27,16808,1
2020-12-13,32532,6
2020-11-28,31384,1
2020-11-02,24514,8
2020-12-10,30823,0
2020-11-17,15345,7
2020-10-20,10246,8
2020-10-24,27781,10
2020-11-23,20880,10
2020-11-29,37204,10
2020-12-26,22913,1
2020-10-11,40144,1
2020-12-03,22425,6
2020-10-13,37238,7
2020-11-17,49873,1
2020-12-23,25859,10
2020-10-03,33302,6
2020-11-19,47650,3
2020-12-10,11929,8
2020-12-12,11234,3
2020-11-14,11513,10
2020-10-20,25680,6
2020-12-31,38861,1
2020-10-11,33681,7
2020-12-29,32321,8
2020-11-08,16738,10
2020-12-01,13375,7
2020-10-21,41622,10
2020-12-20,41917,8
2020-12-25,18875,10
2020-10-26,16030,7
2020-12-09,30606,1
2020-11-30,35045,5
2020-12-24,42091,8
2020-10-29,40156,4
2020-10-19,38826,7
2020-10-16,20104,2
2020-12-18,34626,8
2020-11-02,17767,2
2020-12-14,19696,0
2020-11-11,44577,7
2020-10-24,18590,0
2020-11-03,32196,8
2020-11-15,29682,0
2020-11-21,12403,8
2020-11-25,43587,9
2020-11-17,44399,9
2020-12-30,14655,6
2020-11-30,47503,9
2020-10-21,13900,10
2020-12-23,45644,5
2020-11-09,28789,10
2020-12-10,22828,10
2020-12-01,20643,0
2020-10-10,25526,2
2020-11-24,43920,1
2020-10-03,27743,4
2020-10-19,11866,7
2020-11-23,43216,8
2020-11-06,23649,0
2020-11-10,20679,9
2020-10-24,43511,7
2020-10-21,29639,10
2020-12-28,38895,9
2020-10-13,31440,0
2020-11-11,34529,8
2020-10-10,13614,5
2020-12-14,43613,9
2020-11-16,21920,2
2020-11-28,46499,4
2020-12-13,48481,3
2020-11-26,35112,7
2020-11-11,21389,3
2020-12-07,22505,10
2020-10-18,15069,7
2020-12-30,26639,4
2020-10-22,25382,6
2020-10-20,15551,2
2020-11-06,34022,7
2020-11-18,11281,7
2020-12-27,17849,2
2020-10-27,44080,6
2020-10-30,39935,8
2020-10-10,46742,9
2020-10-18,37835,3
2020-10-09,18732,0
2020-11-23,10860,10
2020-10-12,27008,9
2020-12-22,27570,0
2020-12-12,49599,1
2020-11-05,28745,3
2020-10-02,44493,0
2020-10-08,38606,5
2020-10-06,18008,9
2020-10-03,31089,5
2020-10-01,36894,0
2020-10-14,48556,10
2020-10-31,22797,7
2020-12-14,41262,2
2020-10-26,30534,2
2020-10-11,33139,10
2020-10-28,37723,2
2020-12-30,21907,0
2020-11-19,37395,8
2020-10-19,10479,6
2020-12-28,33250,9
2020-10-31,48277,3
2020-10-31,14230,1
2020-10-25,14366,10
2020-12-05,17949,1
2020-12-21,25258,0
2020-10-24,30324,7
2020-11-03,10771,2
2020-11-07,26237,10
2020-10-08,11200,6
2020-12-14,32303,6
2020-12-06,30829,4
2020-11-26,25823,8
2020-12-21,26851,7
2020-12-15,41652,4
2020-11-09,16826,2
2020-12-09,24834,0
2020-12-31,21069,8
2020-10-21,33324,3
2020-12-27,45733,9
2020-10-01,17463,2
2020-11-19,11674,1
2020-11-26,11336,10
2020-11-30,35809,9
2020-10-21,46018,6
2020-12-24,22916,3
2020-11-09,19683,4
2020-11-05,41870,5
2020-11-08,32061,10
2020-11-21,21984,1
2020-12-19,12426,10
2020-11-10,21033,8
2020-11-15,18938,6
2020-12-09,47476,10
2020-10-21,35677,0
2020-11-05,30734,0
2020-11-11,49937,9
2020-10-18,25480,2
2020-10-24,27346,7
2020-11-16,34882,2
2020-10-04,32535,8
2020-11-11,45614,10
2020-11-02,10502,10
2020-10-27,36056,7
2020-11-17,19200,2
2020-12-09,33234,10
2020-10-30,34004,6
2020-10-06,18393,6
2020-10-25,29764,1
2020-10-24,38979,4
2020-12-09,34744,10
2020-10-22,39887,1
2020-12-11,18643,10
2020-10-22,25988,0
2020-11-28,25459,9
2020-10-09,20724,8
2020-10-24,21788,8
2020-12-07,15410,8
2020-11-25,42152,2
2020-12-02,21934,8
2020-12-15,16970,9
2020-12-17,34581,7
2020-10-12,24859,2
2020-11-14,47628,3
2020-11-01,16642,8
2020-10-18,47696,4
2020-12-11,38424,8
2020-12-02,29697,7
2020-12-06,35518,10
2020-12-08,14883,1
2020-11-20,25600,9
2020-12-10,47797,7
2020-11-30,30511,5
2020-11-23,10840,6
2020-10-04,40184,6
2020-11-01,23385,5
2020-12-15,12733,1
2020-11-19,34349,8
2020-11-05,17903,5
2020-10-22,27080,8
2020-12-29,33476,2
2020-12-24,28088,9
2020-12-22,23556,5
2020-12-02,25730,1
2020-10-08,25416,7
2020-10-07,31757,3
2020-11-08,32976,8
2020-12-24,28838,9
2020-11-29,23964,10
2020-10-02,36999,1
2020-11-27,44053,9
2020-12-26,21148,1
2020-12-01,31311,8
2020-10-30,49351,2
2020-11-17,26674,0
2020-10-07,49306,7
2020-12-22,15884,8
2020-12-26,26687,2
2020-12-10,24200,5
2020-10-03,30266,7
2020-11-08,47045,1
2020-11-11,29783,10
2020-11-11,38855,0
2020-12-07,37027,0
2020-11-26,46183,10
2020-12-20,17672,9
2020-10-19,21888,7
2020-10-24,23214,5
2020-12-20,14430,2
2020-12-05,19761,2
2020-10-16,21257,2
2020-11-05,15775,7
2020-10-28,10044,10
2020-10-01,15513,8
2020-10-21,45754,1
2020-10-31,26856,4
2020-11-06,37850,1
2020-10-24,38122,10
2020-10-24,38067,5
2020-12-30,20681,7
2020-11-04,35226,8
2020-10-07,43870,4
2020-11-19,33896,7
2020-12-15,34876,8
2020-10-30,41583,0
2020-11-24,33970,7
2020-11-12,32537,5
2020-10-04,44242,9
2020-12-22,16078,8
2020-11-04,45930,0
2020-11-08,11144,1
2020-10-30,28051,8
2020-10-02,13620,10
2020-12-22,31294,5
2020-12-02,37767,10
2020-10-13,49195,9
2020-12-13,12470,7
2020-10-10,36107,4
2020-12-24,24416,0
2020-10-30,14405,7
2020-10-22,10694,2
2020-10-06,47739,3
2020-12-24,24922,4
2020-10-25,17500,2
2020-10-27,29288,5
2020-10-11,27106,4
2020-12-01,11003,2
2020-10-01,29356,5
2020-10-19,42133,8
2020-12-08,41630,2
2020-10-04,35541,5
2020-11-07,44318,0
2020-10-23,11225,10
2020-10-15,20158,2
2020-11-01,48478,0
2020-11-18,30355,10
2020-11-16,15539,10
2020-11-13,24187,8
2020-12-26,43736,7
2020-12-21,19215,7
2020-10-18,13500,9
2020-10-02,30779,4
2020-10-08,14465,9
2020-12-27,40438,9
2020-10-07,24635,0
2020-11-08,30938,0
2020-12-08,35256,4
2020-10-05,26551,6
2020-11-02,28978,10
2020-11-30,23557,8
2020-11-08,13220,10
2020-10-29,29948,2
2020-11-16,46484,6
2020-10-24,31977,2
2020-12-27,10680,8
2020-11-01,13764,7
2020-11-21,23113,10
2020-11-28,49140,8
2020-12-08,31164,10
2020-11-30,32894,2
2020-11-22,44903,1
2020-11-13,37628,4
2020-11-02,29114,1
2020-10-01,16381,5
2020-10-23,22059,7
2020-12-16,16534,5
2020-11-07,42569,8
2020-10-05,33209,2
2020-11-14,22982,9
2020-11-26,30181,10
2020-11-28,46740,8
2020-11-20,15347,8
2020-11-02,36521,9
2020-11-11,32272,9
2020-11-18,32396,10
2020-10-30,18239,6
2020-12-30,12333,6
2020-11-30,15918,10
2020-11-03,38376,5
2020-11-27,10149,5
2020-11-11,22614,7
2020-10-06,14443,7
2020-10-14,29481,1
2020-12-22,24745,9
2020-12-13,32325,3
2020-10-01,39352,1
2020-12-11,22465,9
2020-11-21,15397,9
2020-12-10,40763,6
2020-11-13,16237,8
2020-12-17,40446,2
2020-12-08,40604,7
2020-11-24,40009,9
2020-12-25,29956,6
2020-12-30,39888,9
2020-12-08,14403,2
2020-12-17,13801,8
2020-11-23,28855,6
2020-10-05,14110,8
2020-12-09,10984,2
2020-11-02,42300,0
2020-12-23,37511,2
2020-11-07,40321,8
2020-12-19,33303,2
2020-11-15,14033,1
2020-11-09,42733,0
2020-12-01,48370,0
2020-12-04,35921,6
2020-11-09,21848,5
2020-10-30,16815,8
2020-11-05,25061,8
2020-11-29,10474,9
2020-11-25,24036,9
2020-10-01,13139,5
2020-10-21,27594,4
2020-11-09,18245,6
2020-11-09,26857,7
2020-11-01,48521,5
2020-12-26,48629,2
2020-11-10,48894,10
2020-11-17,23070,5
2020-10-09,43045,10
2020-11-29,37599,9
2020-11-10,44848,7
2020-10-30,27744,1
2020-12-30,38753,9
2020-11-05,11663,0
2020-11-06,30548,10
2020-12-19,37010,2
2020-10-31,39057,1
2020-12-19,18499,4
2020-10-05,25682,0
2020-11-10,36647,5
2020-12-01,29206,9
2020-12-04,48334,9
2020-12-27,47946,9
2020-11-17,28406,10
2020-12-03,47929,2
2020-10-01,37716,7
2020-11-26,33009,5
2020-10-28,12533,1
2020-11-07,25888,2
2020-12-11,29479,7
2020-12-23,13256,9
2020-12-26,21005,9
2020-11-16,35939,10
2020-12-10,11975,6
2020-12-19,42923,1
2020-12-04,39866,8
2020-10-05,41919,0
2020-11-13,10228,4
2020-12-28,38143,10
2020-12-15,11793,7
2020-10-17,37188,0
2020-10-16,41689,2
2020-12-27,12216,0
2020-12-10,30172,8
2020-10-07,46889,5
2020-10-14,14127,2
2020-12-28,22694,1
2020-12-25,32775,2
2020-12-22,29441,7
2020-11-12,35000,5
2020-11-18,28017,4
2020-12-15,46996,7
2020-10-24,13312,3
2020-10-08,36329,3
2020-12-17,38147,9
2020-11-20,17308,6
2020-11-28,24470,10
2020-10-07,15896,6
2020-12-18,15933,6
2020-11-27,41230,2
2020-11-21,44015,4
2020-11-01,14229,2
2020-10-05,34961,1
2020-10-12,35813,9
2020-11-27,27952,2
2020-10-30,11375,8
2020-10-16,14134,2
2020-11-16,18244,9
2020-11-29,11675,7
2020-12-14,16847,9
2020-11-02,43231,5
2020-12-23,16973,8
2020-10-06,21084,2
2020-10-04,34638,7
2020-10-24,42406,7
2020-10-27,21961,4
2020-12-20,23639,2
2020-10-30,15908,5
2020-11-01,39655,2
2020-11-08,43492,0
2020-11-13,30055,4
2020-11-16,36331,10
2020-11-11,44840,3
2020-12-23,33415,9
2020-10-03,10514,5
2020-11-15,30963,10
2020-12-17,41750,9
2020-10-28,49831,5
2020-12-02,45415,8
2020-12-21,32728,7
2020-11-27,30599,6
2020-10-13,34171,1
2020-11-04,29975,4
2020-11-11,11729,6
2020-11-29,23176,2
2020-11-05,32618,4
2020-10-01,46245,5
2020-10-14,32929,1
2020-11-02,22011,6
2020-12-24,48844,1
2020-10-28,40710,6
2020-11-30,45631,9
2020-12-29,17251,0
2020-12-20,32541,8
2020-12-23,47803,7
2020-10-24,32891,6
2020-10-18,23411,4
2020-12-28,16446,0
2020-12-18,17218,2
2020-12-29,27582,4
2020-11-10,42489,8
2020-11-30,37672,10
2020-11-09,21412,4
2020-11-27,19950,2
2020-10-10,28811,2
2020-11-12,47111,5
2020-11-07,35942,9
2020-12-17,38092,7
2020-10-05,48926,10
2020-12-05,34147,0
2020-10-17,40636,9
2020-12-10,31189,10
2020-10-14,26228,3
2020-10-16,30540,2
2020-11-23,36554,8
2020-12-29,10140,7
2020-11-10,35361,1
2020-12-06,27789,7
2020-12-29,26261,9
2020-10-20,33382,5
2020-10-02,49749,6
2020-11-05,47122,0
2020-11-06,22864,10
2020-11-18,23249,8
2020-12-04,23531,0
2020-10-03,39329,7
2020-12-14,35001,1
2020-12-15,10769,10
2020-10-29,20650,3
2020-10-26,31419,5
2020-12-09,47092,6
2020-12-11,37231,1
2020-12-14,17617,8
2020-12-24,14291,6
2020-12-03,41302,4
2020-11-11,48437,0
2020-10-20,46980,4
2020-10-30,40010,6
2020-12-25,16961,10
2020-10-13,29472,2
2020-12-30,41903,1
2020-10-23,14111,0
2020-11-15,13677,1
2020-11-02,38158,10
2020-11-24,24712,4
2020-10-27,31670,5
2020-11-16,43918,8
2020-10-01,42493,9
2020-12-12,30666,10
2020-12-14,33225,5
2020-11-27,32360,9
2020-10-29,47945,9
2020-10-07,49885,8
2020-11-23,35096,7
2020-10-26,30968,9
2020-10-05,36609,2
2020-11-30,18858,2
2020-10-08,19444,8
2020-12-17,38571,2
2020-11-27,33339,7
2020-11-23,44574,0
2020-12-01,37012,1
2020-12-30,26178,0
2020-10-29,48212,1
2020-10-12,44356,5
2020-11-10,32798,0
2020-10-14,10329,1
2020-12-25,26313,7
2020-11-22,22634,1
2020-12-06,20846,6
2020-11-09,13036,0
2020-12-07,12636,8
2020-12-25,34111,1
2020-12-26,12134,8
2020-10-03,44123,9
2020-11-18,10981,2
2020-12-06,41794,3
2020-12-15,15479,0
2020-12-19,10811,2
2020-11-13,47399,9
2020-12-27,26324,2
2020-12-29,45210,6
2020-12-04,29130,8
2020-12-05,40737,4
2020-10-28,12832,2
2020-12-17,25120,8
2020-10-28,30696,5
2020-11-17,23527,8
2020-12-15,23380,1
2020-12-10,45551,2
2020-11-12,14320,9
2020-11-07,41382,1
2020-11-03,44698,7
2020-12-04,26050,5
2020-11-01,43998,7
2020-12-08,37386,1
2020-11-28,20552,5
2020-12-12,23678,10
2020-12-14,22414,7
2020-12-06,42220,8
2020-11-10,49507,5
2020-10-06,39990,8
2020-12-06,31036,8
2020-11-09,41009,10
2020-12-02,20365,9
2020-11-12,37162,6
2020-10-09,32550,5
2020-10-12,45475,10
2020-12-01,47811,7
2020-10-16,23744,7
2020-10-30,47828,0
2020-11-22,22725,3
2020-10-02,30437,2
2020-11-26,30112,8
2020-12-14,42327,9
2020-12-17,34641,3
2020-10-29,15590,0
2020-10-21,41928,10
2020-11-07,22045,8
2020-10-20,36942,7
2020-10-29,38437,2
2020-10-19,33033,2
2020-12-20,22554,6
2020-12-06,35630,1
2020-11-27,21682,8
2020-11-08,14910,0
2020-12-01,48817,2
2020-11-11,46611,8
2020-11-11,31755,5
2020-12-28,10853,0
2020-12-03,26080,5
2020-10-21,17632,4
2020-10-08,35182,1
2020-12-04,47719,10
2020-10-30,10133,6
2020-11-23,23596,8
2020-10-26,16412,2
2020-11-02,37256,9
2020-11-25,37317,3
2020-11-01,20484,10
2020-11-08,37537,5
2020-11-21,13095,8
2020-10-17,15698,5
2020-12-07,16888,5
2020-11-14,19712,7
2020-11-10,34060,6
2020-10-19,22499,5
2020-12-19,31935,9
2020-10-11,28909,2
2020-12-08,38588,0
2020-10-18,32626,4
2020-12-10,43620,9
2020-12-11,37154,7
2020-12-10,13961,5
2020-12-18,41553,2
2020-11-01,31547,7
2020-12-30,18767,9
2020-11-20,46281,9
2020-11-11,22009,1
2020-11-16,24722,10
2020-10-18,23114,6
2020-11-04,46166,6
2020-12-17,32234,1
2020-11-07,28235,2
2020-10-26,27815,5
2020-10-04,29870,2
2020-10-16,19463,9
2020-10-09,12521,5
2020-11-01,11199,2
2020-10-31,25543,2
2020-12-08,41241,8
2020-10-18,13506,10
2020-12-05,21878,5
2020-12-02,27214,7
2020-10-10,34579,2
2020-11-12,25861,7
2020-10-03,35016,10
2020-10-06,30888,3
2020-11-14,26846,5
2020-11-04,38951,1
2020-10-17,30881,8
2020-10-16,16435,8
2020-10-30,40715,1
2020-10-02,48125,9
2020-12-29,42939,0
2020-12-09,32282,6
2020-10-16,39657,5
2020-10-13,19304,2
2020-11-14,30078,8
2020-12-27,23961,10
2020-11-22,12221,8
2020-12-25,43975,3
2020-10-20,29753,7
2020-11-04,24146,8
2020-12-23,18812,10
2020-11-25,47767,9
2020-12-22,46765,1
2020-10-29,39933,5
2020-12-26,33292,2
2020-12-05,37415,7
2020-11-17,17698,10
2020-12-27,46032,3
2020-12-06,26166,8
2020-11-03,13153,5
2020-12-29,45918,4
2020-11-15,27939,0
2020-12-29,33306,2
2020-10-06,19793,5
2020-11-25,22976,9
2020-12-27,37885,0
2020-10-31,22927,7
2020-11-23,41795,7
2020-10-04,29880,0
2020-10-02,20420,5
2020-12-15,31720,10
2020-11-24,11543,5
2020-11-27,37533,1
2020-11-05,13002,9
2020-12-06,10949,9
2020-11-03,49194,6
2020-11-30,45782,3
2020-11-04,17026,7
2020-10-04,28370,0
2020-12-20,21979,9
2020-12-05,48849,10
2020-12-01,30556,6
2020-11-19,11765,4
2020-10-30,10763,7
2020-10-27,26831,10
2020-11-05,43590,0
2020-12-06,49398,8
2020-11-27,37932,4
2020-12-04,15218,3
2020-12-02,45184,10
2020-11-18,15671,9
2020-11-23,23905,3
2020-11-18,20210,9
2020-12-01,26062,5
2020-11-19,41542,4
2020-10-25,46578,7
2020-12-07,48823,4
2020-10-09,23366,1
2020-10-13,35264,7
2020-11-17,44838,6
2020-11-19,21200,8
2020-12-22,39383,9
2020-11-29,37886,4
2020-12-29,23340,6
2020-11-14,29065,6
2020-12-01,32578,3
2020-12-09,36168,10
2020-11-08,14071,9
2020-10-07,13045,0
2020-11-19,14269,2
2020-10-01,27330,8
2020-11-14,28598,5
2020-10-20,10753,4
2020-11-10,19075,10
2020-12-29,34411,8
2020-10-24,36549,2
2020-10-22,45554,1
2020-10-09,41231,0
2020-10-25,20756,10
2020-10-22,44481,5
2020-10-21,46743,2
2020-12-18,17131,10
2020-10-28,41236,9
2020-11-11,10508,2
2020-12-27,40201,1
2020-12-01,44316,9
2020-10-13,28557,0
2020-12-21,10674,8
2020-11-05,11890,6
2020-10-18,37693,7
2020-11-19,46869,1
2020-12-14,13176,7
2020-12-30,16421,6
2020-12-13,14477,6
2020-11-24,43703,1
2020-10-07,41837,5
2020-11-04,37454,2
2020-12-06,38684,10
2020-12-16,20409,6
2020-12-13,43714,2
2020-11-29,37118,2
2020-11-21,23644,7
2020-12-31,17132,2
2020-11-24,49418,10
2020-10-04,47506,4
2020-12-29,21414,8
2020-12-27,28461,7
2020-11-30,26091,0
2020-11-28,12500,4
2020-12-17,46859,8
2020-10-11,13180,1
2020-12-28,25251,5
2020-11-15,31612,9
2020-11-30,29033,9
2020-11-17,17459,9
2020-11-07,46475,5
2020-11-03,19080,9
2020-12-02,43097,10
2020-10-15,12200,10
2020-12-25,31989,10
2020-10-22,25440,7
2020-10-18,33131,9
2020-11-23,42974,9
2020-12-30,42449,9
2020-10-14,29509,10
2020-10-08,42177,8
2020-10-01,14554,4
2020-12-02,36121,5
2020-11-13,47126,2
2020-11-08,14135,10
2020-11-22,45251,7
2020-10-17,36010,2
2020-12-15,32169,6
2020-10-23,15666,5
2020-11-20,38171,3
2020-10-18,22159,3
2020-12-27,32048,0
2020-12-23,33006,5
2020-10-05,13925,2
2020-12-23,40719,2
2020-11-24,15243,6
2020-10-23,29691,7
2020-11-12,30319,4
2020-10-03,37829,8
2020-11-29,41172,9
2020-10-22,11558,8
2020-10-09,34486,4
2020-12-26,23348,10
2020-11-20,21840,6
2020-11-16,32385,2
2020-10-11,13196,9
2020-12-15,44396,8
2020-12-06,43724,2
2020-11-25,44826,2
2020-12-26,34341,10
2020-10-23,37151,2
2020-12-23,46620,5
2020-12-24,19847,2
2020-10-26,45391,1
2020-11-25,49917,7
2020-10-11,25438,2
2020-12-05,27302,8
2020-12-07,44824,2
2020-11-26,24787,7
2020-12-26,29846,10
2020-10-09,31467,6
2020-10-19,36765,2
2020-10-15,32498,2
2020-11-19,46928,8
2020-11-28,28844,0
2020-10-07,20908,9
2020-10-15,47697,0
2020-10-19,48645,6
2020-12-03,47814,2
2020-10-02,39159,1
2020-12-29,23374,1
2020-12-22,43528,0
2020-10-10,47840,2
2020-12-23,30283,6
2020-10-09,23544,8
2020-12-18,16952,6
2020-12-21,24417,5
2020-12-17,14872,9
2020-11-19,43138,7
2020-11-08,35897,3
2020-12-17,14833,7
2020-12-13,19884,8
2020-12-05,28270,9
2020-12-26,34365,3
2020-11-07,17679,10
2020-10-04,34379,5
2020-11-30,11727,6
2020-10-02,37975,10
2020-11-02,23352,7
2020-10-10,42142,2
2020-11-05,14008,9
2020-11-12,23936,0
2020-12-08,27787,8
2020-12-02,21189,2
2020-10-21,20522,9
2020-12-30,30307,1
2020-11-07,47758,8
2020-12-27,34624,3
2020-12-24,42308,4
2020-10-24,35152,5
2020-10-20,14146,10
2020-10-24,33600,7
2020-12-17,19481,5
2020-10-09,30672,7
